row_id,row_granularity,year,year_label,macro_period,dynasty_name,polity_name,polity_aliases,polity_type,polity_start_year,polity_start_label,polity_end_year,polity_end_label,polity_date_raw,polity_date_precision,historical_geography_raw,modern_admin_units_raw,capital_historical,capital_modern,ruling_family_or_clan,ethnicity_or_group,founder,last_ruler,destroyed_by_or_successor,polity_source_titles,polity_source_urls,polity_source_raw,confidence_score,confidence_note,calendar_system_note,ruler_name,ruler_title,ruler_temple_name,ruler_posthumous_name,ruler_personal_name,ruler_reign_start_year,ruler_reign_start_label,ruler_reign_end_year,ruler_reign_end_label,ruler_reign_raw,ruler_reign_precision,era_names,ruler_source_title,ruler_source_url,ruler_source_section,ruler_confidence_score,ruler_confidence_note
1,polity_metadata,,,周,周代诸侯国,井國,井国,诸侯国/古国,,,,,,,,陕西省宝鸡市,,,姜姓井氏,,,,衛國,周代诸侯国列表 - 维基百科,https://zh.wikipedia.org/wiki/%E5%91%A8%E4%BB%A3%E8%AB%B8%E4%BE%AF%E5%9C%8B%E5%88%97%E8%A1%A8,國名:井国; 今地:陕西省宝鸡市; 起迄年:; 出處: || 國名:井國; 今地:陕西省宝鸡市; 起迄年:; 出處:,55,周代诸侯国列表条目本身标注需要补充来源；已保留原始出处字段供复核,BCE years are negative integers; there is no year 0; ranges are expanded inclusively when start and end years are parseable.,,,,,,,,,,,,,,,,,
2,polity_metadata,,,周,周代诸侯国,仇由,,诸侯国/古国,,,,,？－前5世纪,,,,,,,,,,晉國,周代诸侯国列表 - 维基百科,https://zh.wikipedia.org/wiki/%E5%91%A8%E4%BB%A3%E8%AB%B8%E4%BE%AF%E5%9C%8B%E5%88%97%E8%A1%A8,國名:仇由; 今地:; 起迄年:？－前5世纪; 出處:,55,周代诸侯国列表条目本身标注需要补充来源；已保留原始出处字段供复核,BCE years are negative integers; there is no year 0; ranges are expanded inclusively when start and end years are parseable.,,,,,,,,,,,,,,,,,
3,polity_metadata,,,周,周代诸侯国,介國,介國（夷國）,诸侯国/古国,,,,,,,,山東省青島市,,,妘姓,,,,莒国,周代诸侯国列表 - 维基百科,https://zh.wikipedia.org/wiki/%E5%91%A8%E4%BB%A3%E8%AB%B8%E4%BE%AF%E5%9C%8B%E5%88%97%E8%A1%A8,國名:介國（夷國）; 今地:山東省青島市; 起迄年:; 出處:,55,周代诸侯国列表条目本身标注需要补充来源；已保留原始出处字段供复核,BCE years are negative integers; there is no year 0; ranges are expanded inclusively when start and end years are parseable.,,,,,,,,,,,,,,,,,
4,polity_metadata,,,周,周代诸侯国,代國,,诸侯国/古国,,,,,,,,山西省东北 | 河北省西北,,,子姓,,,,趙國,周代诸侯国列表 - 维基百科,https://zh.wikipedia.org/wiki/%E5%91%A8%E4%BB%A3%E8%AB%B8%E4%BE%AF%E5%9C%8B%E5%88%97%E8%A1%A8,國名:代國; 今地:山西省东北; 起迄年:; 出處: || 國名:代國; 今地:河北省西北; 起迄年:; 出處:,55,周代诸侯国列表条目本身标注需要补充来源；已保留原始出处字段供复核,BCE years are negative integers; there is no year 0; ranges are expanded inclusively when start and end years are parseable.,,,,,,,,,,,,,,,,,
5,polity_metadata,,,周,周代诸侯国,令支國,,诸侯国/古国,,,,,,,,,,,,,,,燕國,周代诸侯国列表 - 维基百科,https://zh.wikipedia.org/wiki/%E5%91%A8%E4%BB%A3%E8%AB%B8%E4%BE%AF%E5%9C%8B%E5%88%97%E8%A1%A8,國名:令支國; 今地:; 起迄年:; 出處:,55,周代诸侯国列表条目本身标注需要补充来源；已保留原始出处字段供复核,BCE years are negative integers; there is no year 0; ranges are expanded inclusively when start and end years are parseable.,,,,,,,,,,,,,,,,,
6,polity_metadata,,,周,周代诸侯国,任國,,诸侯国/古国,,,,,,,,山東省濟寧市,,,風姓任氏 | 风姓任氏,,,,鲁国 | 齊國,周代诸侯国列表 - 维基百科,https://zh.wikipedia.org/wiki/%E5%91%A8%E4%BB%A3%E8%AB%B8%E4%BE%AF%E5%9C%8B%E5%88%97%E8%A1%A8,國名:任國; 今地:山東省濟寧市; 起迄年:; 出處:,55,周代诸侯国列表条目本身标注需要补充来源；已保留原始出处字段供复核,BCE years are negative integers; there is no year 0; ranges are expanded inclusively when start and end years are parseable.,,,,,,,,,,,,,,,,,
7,polity_metadata,,,周,周代诸侯国,伊洛戎,,诸侯国/古国,,,,,,,,,,,,,,,"韩国,魏国",周代诸侯国列表 - 维基百科,https://zh.wikipedia.org/wiki/%E5%91%A8%E4%BB%A3%E8%AB%B8%E4%BE%AF%E5%9C%8B%E5%88%97%E8%A1%A8,國名:伊洛戎; 今地:; 起迄年:; 出處:,55,周代诸侯国列表条目本身标注需要补充来源；已保留原始出处字段供复核,BCE years are negative integers; there is no year 0; ranges are expanded inclusively when start and end years are parseable.,,,,,,,,,,,,,,,,,
8,polity_metadata,,,周,周代诸侯国,倗國,,诸侯国/古国,,,,,,,,山西省运城市绛县,,,,,,,晉國,周代诸侯国列表 - 维基百科,https://zh.wikipedia.org/wiki/%E5%91%A8%E4%BB%A3%E8%AB%B8%E4%BE%AF%E5%9C%8B%E5%88%97%E8%A1%A8,國名:倗國; 今地:山西省运城市绛县; 起迄年:; 出處:,55,周代诸侯国列表条目本身标注需要补充来源；已保留原始出处字段供复核,BCE years are negative integers; there is no year 0; ranges are expanded inclusively when start and end years are parseable.,,,,,,,,,,,,,,,,,
9,polity_metadata,,,周,周代诸侯国,偪國,,诸侯国/古国,,,,,,,,,,,姞姓,,,,,周代诸侯国列表 - 维基百科,https://zh.wikipedia.org/wiki/%E5%91%A8%E4%BB%A3%E8%AB%B8%E4%BE%AF%E5%9C%8B%E5%88%97%E8%A1%A8,國名:偪國; 今地:; 起迄年:; 出處:,55,周代诸侯国列表条目本身标注需要补充来源；已保留原始出处字段供复核,BCE years are negative integers; there is no year 0; ranges are expanded inclusively when start and end years are parseable.,,,,,,,,,,,,,,,,,
10,polity_metadata,,,周,周代诸侯国,偪陽國,偪陽國（傅陽國）,诸侯国/古国,,,-563,前563年,？－前563年,partial,,山東省棗莊市,,,妘姓,,,,晉國、魯國、齊國、宋國、衛國、曹國等,周代诸侯国列表 - 维基百科,https://zh.wikipedia.org/wiki/%E5%91%A8%E4%BB%A3%E8%AB%B8%E4%BE%AF%E5%9C%8B%E5%88%97%E8%A1%A8,國名:偪陽國（傅陽國）; 今地:山東省棗莊市; 起迄年:？－前563年; 出處:,55,周代诸侯国列表条目本身标注需要补充来源；已保留原始出处字段供复核,BCE years are negative integers; there is no year 0; ranges are expanded inclusively when start and end years are parseable.,,,,,,,,,,,,,,,,,
11,polity_metadata,,,周,周代诸侯国,光國,,诸侯国/古国,,,,,？－前7世紀,,,河南省潢川县、光山县,,,己姓,,,,黃國,周代诸侯国列表 - 维基百科,https://zh.wikipedia.org/wiki/%E5%91%A8%E4%BB%A3%E8%AB%B8%E4%BE%AF%E5%9C%8B%E5%88%97%E8%A1%A8,國名:光國; 今地:河南省潢川县、光山县; 起迄年:？－前7世紀; 出處:,55,周代诸侯国列表条目本身标注需要补充来源；已保留原始出处字段供复核,BCE years are negative integers; there is no year 0; ranges are expanded inclusively when start and end years are parseable.,,,,,,,,,,,,,,,,,
12,polity_metadata,,,周,周代诸侯国,共國,,诸侯国/古国,,,,,,,,河南省輝縣西北，（一說甘肅省涇川縣）,,,姬姓,,,,衞國,周代诸侯国列表 - 维基百科,https://zh.wikipedia.org/wiki/%E5%91%A8%E4%BB%A3%E8%AB%B8%E4%BE%AF%E5%9C%8B%E5%88%97%E8%A1%A8,國名:共國; 今地:河南省輝縣西北，（一說甘肅省涇川縣）; 起迄年:; 出處:,55,周代诸侯国列表条目本身标注需要补充来源；已保留原始出处字段供复核,BCE years are negative integers; there is no year 0; ranges are expanded inclusively when start and end years are parseable.,,,,,,,,,,,,,,,,,
13,polity_metadata,,,周,周代诸侯国,冀國,,诸侯国/古国,,,-1046,前1046年,前1046年－？,partial,,山西省河津市舊冀亭,,,祁姓冀氏,,,,晉國,周代诸侯国列表 - 维基百科,https://zh.wikipedia.org/wiki/%E5%91%A8%E4%BB%A3%E8%AB%B8%E4%BE%AF%E5%9C%8B%E5%88%97%E8%A1%A8,國名:冀國; 今地:山西省河津市舊冀亭; 起迄年:前1046年－？; 出處:,55,周代诸侯国列表条目本身标注需要补充来源；已保留原始出处字段供复核,BCE years are negative integers; there is no year 0; ranges are expanded inclusively when start and end years are parseable.,,,,,,,,,,,,,,,,,
14,polity_metadata,,,周,周代诸侯国,凡國,,诸侯国/古国,,,-716,前716年,？－前716年,partial,,河南省輝縣西南,,,姬姓,,,,北戎,周代诸侯国列表 - 维基百科,https://zh.wikipedia.org/wiki/%E5%91%A8%E4%BB%A3%E8%AB%B8%E4%BE%AF%E5%9C%8B%E5%88%97%E8%A1%A8,國名:凡國; 今地:河南省輝縣西南; 起迄年:？－前716年; 出處:,55,周代诸侯国列表条目本身标注需要补充来源；已保留原始出处字段供复核,BCE years are negative integers; there is no year 0; ranges are expanded inclusively when start and end years are parseable.,,,,,,,,,,,,,,,,,
15,polity_metadata,,,周,周代诸侯国,南燕國,,诸侯国/古国,,,,,商代－？,,,河南省延津縣東北,,,姞姓燕氏,,,,鄭國,周代诸侯国列表 - 维基百科,https://zh.wikipedia.org/wiki/%E5%91%A8%E4%BB%A3%E8%AB%B8%E4%BE%AF%E5%9C%8B%E5%88%97%E8%A1%A8,國名:南燕國; 今地:河南省延津縣東北; 起迄年:商代－？; 出處:,55,周代诸侯国列表条目本身标注需要补充来源；已保留原始出处字段供复核,BCE years are negative integers; there is no year 0; ranges are expanded inclusively when start and end years are parseable.,,,,,,,,,,,,,,,,,
16,polity_metadata,,,周,周代诸侯国,南胡國,,诸侯国/古国,,,-496,前496年,？－前496年,partial,,安徽省阜陽市,,,媯姓胡氏,,,,楚國,周代诸侯国列表 - 维基百科,https://zh.wikipedia.org/wiki/%E5%91%A8%E4%BB%A3%E8%AB%B8%E4%BE%AF%E5%9C%8B%E5%88%97%E8%A1%A8,國名:南胡國; 今地:安徽省阜陽市; 起迄年:？－前496年; 出處:,55,周代诸侯国列表条目本身标注需要补充来源；已保留原始出处字段供复核,BCE years are negative integers; there is no year 0; ranges are expanded inclusively when start and end years are parseable.,,,,,,,,,,,,,,,,,
17,polity_metadata,,,周,周代诸侯国,南芮国,,诸侯国/古国,,,-806,前806年,前806年－?,partial,,陕西省大荔县朝邑镇,,,姬姓芮氏,,,,秦国,周代诸侯国列表 - 维基百科,https://zh.wikipedia.org/wiki/%E5%91%A8%E4%BB%A3%E8%AB%B8%E4%BE%AF%E5%9C%8B%E5%88%97%E8%A1%A8,國名:南芮国; 今地:陕西省大荔县朝邑镇; 起迄年:前806年－?; 出處:,55,周代诸侯国列表条目本身标注需要补充来源；已保留原始出处字段供复核,BCE years are negative integers; there is no year 0; ranges are expanded inclusively when start and end years are parseable.,,,,,,,,,,,,,,,,,
18,polity_metadata,,,周,周代诸侯国,卢国,卢国（盧戎國）,诸侯国/古国,,,-690,前690年,？－前690年,partial,,湖北省襄阳市,,,妫姓卢氏,,,,楚國,周代诸侯国列表 - 维基百科,https://zh.wikipedia.org/wiki/%E5%91%A8%E4%BB%A3%E8%AB%B8%E4%BE%AF%E5%9C%8B%E5%88%97%E8%A1%A8,國名:卢国（盧戎國）; 今地:湖北省襄阳市; 起迄年:？－前690年; 出處:,55,周代诸侯国列表条目本身标注需要补充来源；已保留原始出处字段供复核,BCE years are negative integers; there is no year 0; ranges are expanded inclusively when start and end years are parseable.,,,,,,,,,,,,,,,,,
19,polity_metadata,,,周,周代诸侯国,向國,,诸侯国/古国,,,-721,前721年,？－前721年,partial,,山東省莒縣西南,,,姜姓向氏,,,,莒國,周代诸侯国列表 - 维基百科,https://zh.wikipedia.org/wiki/%E5%91%A8%E4%BB%A3%E8%AB%B8%E4%BE%AF%E5%9C%8B%E5%88%97%E8%A1%A8,國名:向國; 今地:山東省莒縣西南; 起迄年:？－前721年; 出處:,55,周代诸侯国列表条目本身标注需要补充来源；已保留原始出处字段供复核,BCE years are negative integers; there is no year 0; ranges are expanded inclusively when start and end years are parseable.,,,,,,,,,,,,,,,,,
20,polity_metadata,,,周,周代诸侯国,唐國,,诸侯国/古国,,,-505,前505年,？－前505年,partial,,湖北省隨縣、棗陽市一帶,,,祁姓唐氏,,,,楚國,周代诸侯国列表 - 维基百科,https://zh.wikipedia.org/wiki/%E5%91%A8%E4%BB%A3%E8%AB%B8%E4%BE%AF%E5%9C%8B%E5%88%97%E8%A1%A8,國名:唐國; 今地:湖北省隨縣、棗陽市一帶; 起迄年:？－前505年; 出處:,55,周代诸侯国列表条目本身标注需要补充来源；已保留原始出处字段供复核,BCE years are negative integers; there is no year 0; ranges are expanded inclusively when start and end years are parseable.,,,,,,,,,,,,,,,,,
21,polity_metadata,,,周,周代诸侯国,單國,,诸侯国/古国,,,,,周文王时期-春秋时期,,,原在陕西省眉县，后随周王室东迁至河南省孟津县东南 | 河南省濟源市東南,,,姬姓單氏,,,,周朝,周代诸侯国列表 - 维基百科,https://zh.wikipedia.org/wiki/%E5%91%A8%E4%BB%A3%E8%AB%B8%E4%BE%AF%E5%9C%8B%E5%88%97%E8%A1%A8,國名:單國; 今地:原在陕西省眉县，后随周王室东迁至河南省孟津县东南; 起迄年:周文王时期-春秋时期; 出處: || 國名:單國; 今地:河南省濟源市東南; 起迄年:; 出處:,55,周代诸侯国列表条目本身标注需要补充来源；已保留原始出处字段供复核,BCE years are negative integers; there is no year 0; ranges are expanded inclusively when start and end years are parseable.,,,,,,,,,,,,,,,,,
22,polity_metadata,,,周,周代诸侯国,嗇咎如,,诸侯国/古国,,,-588,前588年,？－前588年,partial,,,,,媿姓,,,,晉國,周代诸侯国列表 - 维基百科,https://zh.wikipedia.org/wiki/%E5%91%A8%E4%BB%A3%E8%AB%B8%E4%BE%AF%E5%9C%8B%E5%88%97%E8%A1%A8,國名:嗇咎如; 今地:; 起迄年:？－前588年; 出處:,55,周代诸侯国列表条目本身标注需要补充来源；已保留原始出处字段供复核,BCE years are negative integers; there is no year 0; ranges are expanded inclusively when start and end years are parseable.,,,,,,,,,,,,,,,,,
23,polity_metadata,,,周,周代诸侯国,夔國,夔國（隗国，歸國）,诸侯国/古国,,,-634,前634年,？－前634年,partial,,湖北省秭歸縣,,,羋姓熊氏,,,,楚國,周代诸侯国列表 - 维基百科,https://zh.wikipedia.org/wiki/%E5%91%A8%E4%BB%A3%E8%AB%B8%E4%BE%AF%E5%9C%8B%E5%88%97%E8%A1%A8,國名:夔國（隗国，歸國）; 今地:湖北省秭歸縣; 起迄年:？－前634年; 出處:,55,周代诸侯国列表条目本身标注需要补充来源；已保留原始出处字段供复核,BCE years are negative integers; there is no year 0; ranges are expanded inclusively when start and end years are parseable.,,,,,,,,,,,,,,,,,
24,polity_metadata,,,周,周代诸侯国,大骆国,,诸侯国/古国,,,,,,,,,,,嬴姓赵氏,,,,西戎,周代诸侯国列表 - 维基百科,https://zh.wikipedia.org/wiki/%E5%91%A8%E4%BB%A3%E8%AB%B8%E4%BE%AF%E5%9C%8B%E5%88%97%E8%A1%A8,國名:大骆国; 今地:; 起迄年:; 出處:,55,周代诸侯国列表条目本身标注需要补充来源；已保留原始出处字段供复核,BCE years are negative integers; there is no year 0; ranges are expanded inclusively when start and end years are parseable.,,,,,,,,,,,,,,,,,
25,polity_metadata,,,周,周代诸侯国,夨国,,诸侯国/古国,,,,,商末周初－?,,,陕西省宝鸡市、陇县一带,,,姬姓或姜姓,,,,,周代诸侯国列表 - 维基百科,https://zh.wikipedia.org/wiki/%E5%91%A8%E4%BB%A3%E8%AB%B8%E4%BE%AF%E5%9C%8B%E5%88%97%E8%A1%A8,國名:夨国; 今地:陕西省宝鸡市、陇县一带; 起迄年:商末周初－?; 出處:,55,周代诸侯国列表条目本身标注需要补充来源；已保留原始出处字段供复核,BCE years are negative integers; there is no year 0; ranges are expanded inclusively when start and end years are parseable.,,,,,,,,,,,,,,,,,
26,polity_metadata,,,周,周代诸侯国,奄国,,诸侯国/古国,,,,,春秋早期－？,,,江苏省常州市武进区,,,,,,,吳國,周代诸侯国列表 - 维基百科,https://zh.wikipedia.org/wiki/%E5%91%A8%E4%BB%A3%E8%AB%B8%E4%BE%AF%E5%9C%8B%E5%88%97%E8%A1%A8,國名:奄国; 今地:江苏省常州市武进区; 起迄年:春秋早期－？; 出處:,55,周代诸侯国列表条目本身标注需要补充来源；已保留原始出处字段供复核,BCE years are negative integers; there is no year 0; ranges are expanded inclusively when start and end years are parseable.,,,,,,,,,,,,,,,,,
27,polity_metadata,,,周,周代诸侯国,姒國,,诸侯国/古国,,,,,姬姓,,,山西汾河沿岸,,,,,,,晉國,周代诸侯国列表 - 维基百科,https://zh.wikipedia.org/wiki/%E5%91%A8%E4%BB%A3%E8%AB%B8%E4%BE%AF%E5%9C%8B%E5%88%97%E8%A1%A8,國名:姒國; 今地:山西汾河沿岸; 起迄年:姬姓; 出處:,55,周代诸侯国列表条目本身标注需要补充来源；已保留原始出处字段供复核,BCE years are negative integers; there is no year 0; ranges are expanded inclusively when start and end years are parseable.,,,,,,,,,,,,,,,,,
28,polity_metadata,,,周,周代诸侯国,孤竹國,,诸侯国/古国,,,-664,前664年,商代初期－前664年,partial,,遼宁省朝陽市西南,,,子姓墨胎氏,,,,燕國、齊國,周代诸侯国列表 - 维基百科,https://zh.wikipedia.org/wiki/%E5%91%A8%E4%BB%A3%E8%AB%B8%E4%BE%AF%E5%9C%8B%E5%88%97%E8%A1%A8,國名:孤竹國; 今地:遼宁省朝陽市西南; 起迄年:商代初期－前664年; 出處:,55,周代诸侯国列表条目本身标注需要补充来源；已保留原始出处字段供复核,BCE years are negative integers; there is no year 0; ranges are expanded inclusively when start and end years are parseable.,,,,,,,,,,,,,,,,,
29,polity_metadata,,,周,周代诸侯国,安陵國,,诸侯国/古国,,,,,,,,河南省鄢陵县西北,,,姬姓,,,,秦國,周代诸侯国列表 - 维基百科,https://zh.wikipedia.org/wiki/%E5%91%A8%E4%BB%A3%E8%AB%B8%E4%BE%AF%E5%9C%8B%E5%88%97%E8%A1%A8,國名:安陵國; 今地:河南省鄢陵县西北; 起迄年:; 出處:,55,周代诸侯国列表条目本身标注需要补充来源；已保留原始出处字段供复核,BCE years are negative integers; there is no year 0; ranges are expanded inclusively when start and end years are parseable.,,,,,,,,,,,,,,,,,
30,polity_metadata,,,周,周代诸侯国,宗國,,诸侯国/古国,,,,,,,,安徽省舒城縣、廬江縣一帶,,,偃姓宗氏,,,,楚國,周代诸侯国列表 - 维基百科,https://zh.wikipedia.org/wiki/%E5%91%A8%E4%BB%A3%E8%AB%B8%E4%BE%AF%E5%9C%8B%E5%88%97%E8%A1%A8,國名:宗國; 今地:安徽省舒城縣、廬江縣一帶; 起迄年:; 出處:,55,周代诸侯国列表条目本身标注需要补充来源；已保留原始出处字段供复核,BCE years are negative integers; there is no year 0; ranges are expanded inclusively when start and end years are parseable.,,,,,,,,,,,,,,,,,
31,polity_metadata,,,周,周代诸侯国,密國,,诸侯国/古国,,,,,,,,河南省新密市,,,姬姓,,,,鄭國,周代诸侯国列表 - 维基百科,https://zh.wikipedia.org/wiki/%E5%91%A8%E4%BB%A3%E8%AB%B8%E4%BE%AF%E5%9C%8B%E5%88%97%E8%A1%A8,國名:密國; 今地:河南省新密市; 起迄年:; 出處:,55,周代诸侯国列表条目本身标注需要补充来源；已保留原始出处字段供复核,BCE years are negative integers; there is no year 0; ranges are expanded inclusively when start and end years are parseable.,,,,,,,,,,,,,,,,,
32,polity_metadata,,,周,周代诸侯国,密须国,,诸侯国/古国,,,,,约前21世纪－约前10世纪,,,陕西省灵台县治西50华里之百里镇,,,姞姓,,,,周朝,周代诸侯国列表 - 维基百科,https://zh.wikipedia.org/wiki/%E5%91%A8%E4%BB%A3%E8%AB%B8%E4%BE%AF%E5%9C%8B%E5%88%97%E8%A1%A8,國名:密须国; 今地:陕西省灵台县治西50华里之百里镇; 起迄年:约前21世纪－约前10世纪; 出處:,55,周代诸侯国列表条目本身标注需要补充来源；已保留原始出处字段供复核,BCE years are negative integers; there is no year 0; ranges are expanded inclusively when start and end years are parseable.,,,,,,,,,,,,,,,,,
33,polity_metadata,,,周,周代诸侯国,小虢國,,诸侯国/古国,,,-687,前687年,春秋初期－前687年,partial,,陝西省寶雞市東,,,姬姓虢（郭）氏,,,,秦國,周代诸侯国列表 - 维基百科,https://zh.wikipedia.org/wiki/%E5%91%A8%E4%BB%A3%E8%AB%B8%E4%BE%AF%E5%9C%8B%E5%88%97%E8%A1%A8,國名:小虢國; 今地:陝西省寶雞市東; 起迄年:春秋初期－前687年; 出處:,55,周代诸侯国列表条目本身标注需要补充来源；已保留原始出处字段供复核,BCE years are negative integers; there is no year 0; ranges are expanded inclusively when start and end years are parseable.,,,,,,,,,,,,,,,,,
34,polity_metadata,,,周,周代诸侯国,山戎,,诸侯国/古国,,,,,,,,,,,,,,,齐國,周代诸侯国列表 - 维基百科,https://zh.wikipedia.org/wiki/%E5%91%A8%E4%BB%A3%E8%AB%B8%E4%BE%AF%E5%9C%8B%E5%88%97%E8%A1%A8,國名:山戎; 今地:; 起迄年:; 出處:,55,周代诸侯国列表条目本身标注需要补充来源；已保留原始出处字段供复核,BCE years are negative integers; there is no year 0; ranges are expanded inclusively when start and end years are parseable.,,,,,,,,,,,,,,,,,
35,polity_metadata,,,周,周代诸侯国,岑国,,诸侯国/古国,,,,,商末周初－?,,,陕西省韩城市,,,姬姓岑氏,,,,晋国,周代诸侯国列表 - 维基百科,https://zh.wikipedia.org/wiki/%E5%91%A8%E4%BB%A3%E8%AB%B8%E4%BE%AF%E5%9C%8B%E5%88%97%E8%A1%A8,國名:岑国; 今地:陕西省韩城市; 起迄年:商末周初－?; 出處:,55,周代诸侯国列表条目本身标注需要补充来源；已保留原始出处字段供复核,BCE years are negative integers; there is no year 0; ranges are expanded inclusively when start and end years are parseable.,,,,,,,,,,,,,,,,,
36,polity_metadata,,,周,周代诸侯国,崇國,,诸侯国/古国,,,,,,,,陝西省戶縣東,,,崇氏,,,,,周代诸侯国列表 - 维基百科,https://zh.wikipedia.org/wiki/%E5%91%A8%E4%BB%A3%E8%AB%B8%E4%BE%AF%E5%9C%8B%E5%88%97%E8%A1%A8,國名:崇國; 今地:陝西省戶縣東; 起迄年:; 出處:,55,周代诸侯国列表条目本身标注需要补充来源；已保留原始出处字段供复核,BCE years are negative integers; there is no year 0; ranges are expanded inclusively when start and end years are parseable.,,,,,,,,,,,,,,,,,
37,polity_metadata,,,周,周代诸侯国,州來國,,诸侯国/古国,,,,,,,,安徽省鳳台縣,,,,,,,楚國,周代诸侯国列表 - 维基百科,https://zh.wikipedia.org/wiki/%E5%91%A8%E4%BB%A3%E8%AB%B8%E4%BE%AF%E5%9C%8B%E5%88%97%E8%A1%A8,國名:州來國; 今地:安徽省鳳台縣; 起迄年:; 出處:,55,周代诸侯国列表条目本身标注需要补充来源；已保留原始出处字段供复核,BCE years are negative integers; there is no year 0; ranges are expanded inclusively when start and end years are parseable.,,,,,,,,,,,,,,,,,
38,polity_metadata,,,周,周代诸侯国,州國,州國（西州國）,诸侯国/古国,,,,,,,,湖北省監利市東州陵城,,,偃姓,,,,楚國,周代诸侯国列表 - 维基百科,https://zh.wikipedia.org/wiki/%E5%91%A8%E4%BB%A3%E8%AB%B8%E4%BE%AF%E5%9C%8B%E5%88%97%E8%A1%A8,國名:州國（西州國）; 今地:湖北省監利市東州陵城; 起迄年:; 出處:,55,周代诸侯国列表条目本身标注需要补充来源；已保留原始出处字段供复核,BCE years are negative integers; there is no year 0; ranges are expanded inclusively when start and end years are parseable.,,,,,,,,,,,,,,,,,
39,polity_metadata,,,周,周代诸侯国,巢國,,诸侯国/古国,,,-518,前518年,？－前518年,partial,,安徽省巢湖市,,,偃姓巢氏,,,,吳國,周代诸侯国列表 - 维基百科,https://zh.wikipedia.org/wiki/%E5%91%A8%E4%BB%A3%E8%AB%B8%E4%BE%AF%E5%9C%8B%E5%88%97%E8%A1%A8,國名:巢國; 今地:安徽省巢湖市; 起迄年:？－前518年; 出處:,55,周代诸侯国列表条目本身标注需要补充来源；已保留原始出处字段供复核,BCE years are negative integers; there is no year 0; ranges are expanded inclusively when start and end years are parseable.,,,,,,,,,,,,,,,,,
40,polity_metadata,,,周,周代诸侯国,庸国,庸国（鄘國）,诸侯国/古国,,,-611,前611年,？－前611年,partial,,湖北省竹山縣上庸胡城,,,容成氏,,,,楚國、秦國、巴國,周代诸侯国列表 - 维基百科,https://zh.wikipedia.org/wiki/%E5%91%A8%E4%BB%A3%E8%AB%B8%E4%BE%AF%E5%9C%8B%E5%88%97%E8%A1%A8,國名:庸国（鄘國）; 今地:湖北省竹山縣上庸胡城; 起迄年:？－前611年; 出處:,55,周代诸侯国列表条目本身标注需要补充来源；已保留原始出处字段供复核,BCE years are negative integers; there is no year 0; ranges are expanded inclusively when start and end years are parseable.,,,,,,,,,,,,,,,,,
41,polity_metadata,,,周,周代诸侯国,廩國,,诸侯国/古国,,,,,,,,,,,,,,,楚國,周代诸侯国列表 - 维基百科,https://zh.wikipedia.org/wiki/%E5%91%A8%E4%BB%A3%E8%AB%B8%E4%BE%AF%E5%9C%8B%E5%88%97%E8%A1%A8,國名:廩國; 今地:; 起迄年:; 出處:,55,周代诸侯国列表条目本身标注需要补充来源；已保留原始出处字段供复核,BCE years are negative integers; there is no year 0; ranges are expanded inclusively when start and end years are parseable.,,,,,,,,,,,,,,,,,
42,polity_metadata,,,周,周代诸侯国,廬國,,诸侯国/古国,,,-1046,前1046年,前1046年－？,partial,,安徽省合肥市,,,,,,,楚国,周代诸侯国列表 - 维基百科,https://zh.wikipedia.org/wiki/%E5%91%A8%E4%BB%A3%E8%AB%B8%E4%BE%AF%E5%9C%8B%E5%88%97%E8%A1%A8,國名:廬國; 今地:安徽省合肥市; 起迄年:前1046年－？; 出處:,55,周代诸侯国列表条目本身标注需要补充来源；已保留原始出处字段供复核,BCE years are negative integers; there is no year 0; ranges are expanded inclusively when start and end years are parseable.,,,,,,,,,,,,,,,,,
43,polity_metadata,,,周,周代诸侯国,弦國,,诸侯国/古国,,,-655,前655年,？－前655年,partial,,河南省光山縣、潢川縣界,,,隗姓 一說姬姓,,,,楚國,周代诸侯国列表 - 维基百科,https://zh.wikipedia.org/wiki/%E5%91%A8%E4%BB%A3%E8%AB%B8%E4%BE%AF%E5%9C%8B%E5%88%97%E8%A1%A8,國名:弦國; 今地:河南省光山縣、潢川縣界; 起迄年:？－前655年; 出處:,55,周代诸侯国列表条目本身标注需要补充来源；已保留原始出处字段供复核,BCE years are negative integers; there is no year 0; ranges are expanded inclusively when start and end years are parseable.,,,,,,,,,,,,,,,,,
44,polity_metadata,,,周,周代诸侯国,彭國,,诸侯国/古国,,,,,,,,江蘇省徐州市,,,彭氏,,,,,周代诸侯国列表 - 维基百科,https://zh.wikipedia.org/wiki/%E5%91%A8%E4%BB%A3%E8%AB%B8%E4%BE%AF%E5%9C%8B%E5%88%97%E8%A1%A8,國名:彭國; 今地:江蘇省徐州市; 起迄年:; 出處:,55,周代诸侯国列表条目本身标注需要补充来源；已保留原始出处字段供复核,BCE years are negative integers; there is no year 0; ranges are expanded inclusively when start and end years are parseable.,,,,,,,,,,,,,,,,,
45,polity_metadata,,,周,周代诸侯国,徐國,,诸侯国/古国,,,-512,前512年,？－前512年,partial,,山東省郯城縣、江蘇省徐州市,,,嬴姓徐氏,,,,吳國,周代诸侯国列表 - 维基百科,https://zh.wikipedia.org/wiki/%E5%91%A8%E4%BB%A3%E8%AB%B8%E4%BE%AF%E5%9C%8B%E5%88%97%E8%A1%A8,國名:徐國; 今地:山東省郯城縣、江蘇省徐州市; 起迄年:？－前512年; 出處:,55,周代诸侯国列表条目本身标注需要补充来源；已保留原始出处字段供复核,BCE years are negative integers; there is no year 0; ranges are expanded inclusively when start and end years are parseable.,,,,,,,,,,,,,,,,,
46,polity_metadata,,,周,周代诸侯国,息國,息國（鄎國）,诸侯国/古国,,,-680,前680年,？－前680年,partial,,河南省息縣,,,姬姓,,,,楚國,周代诸侯国列表 - 维基百科,https://zh.wikipedia.org/wiki/%E5%91%A8%E4%BB%A3%E8%AB%B8%E4%BE%AF%E5%9C%8B%E5%88%97%E8%A1%A8,國名:息國（鄎國）; 今地:河南省息縣; 起迄年:？－前680年; 出處:,55,周代诸侯国列表条目本身标注需要补充来源；已保留原始出处字段供复核,BCE years are negative integers; there is no year 0; ranges are expanded inclusively when start and end years are parseable.,,,,,,,,,,,,,,,,,
47,polity_metadata,,,周,周代诸侯国,戎國,,诸侯国/古国,,,,,,,,山東省曹縣,,,,,,,齊國,周代诸侯国列表 - 维基百科,https://zh.wikipedia.org/wiki/%E5%91%A8%E4%BB%A3%E8%AB%B8%E4%BE%AF%E5%9C%8B%E5%88%97%E8%A1%A8,國名:戎國; 今地:山東省曹縣; 起迄年:; 出處:,55,周代诸侯国列表条目本身标注需要补充来源；已保留原始出处字段供复核,BCE years are negative integers; there is no year 0; ranges are expanded inclusively when start and end years are parseable.,,,,,,,,,,,,,,,,,
48,polity_metadata,,,周,周代诸侯国,戎蠻,戎蠻（蠻氏、曼氏）,诸侯国/古国,,,-491,前491年,？－前491年,partial,,河南省汝阳縣东南、临汝縣西南,,,,,,,楚國,周代诸侯国列表 - 维基百科,https://zh.wikipedia.org/wiki/%E5%91%A8%E4%BB%A3%E8%AB%B8%E4%BE%AF%E5%9C%8B%E5%88%97%E8%A1%A8,國名:戎蠻（蠻氏、曼氏）; 今地:河南省汝阳縣东南、临汝縣西南; 起迄年:？－前491年; 出處:,55,周代诸侯国列表条目本身标注需要补充来源；已保留原始出处字段供复核,BCE years are negative integers; there is no year 0; ranges are expanded inclusively when start and end years are parseable.,,,,,,,,,,,,,,,,,
49,polity_metadata,,,周,周代诸侯国,戴國,,诸侯国/古国,,,-713,前713年,？－前713年,partial,,河南省蘭考縣,,,子姓戴氏,,,,鄭國,周代诸侯国列表 - 维基百科,https://zh.wikipedia.org/wiki/%E5%91%A8%E4%BB%A3%E8%AB%B8%E4%BE%AF%E5%9C%8B%E5%88%97%E8%A1%A8,國名:戴國; 今地:河南省蘭考縣; 起迄年:？－前713年; 出處:,55,周代诸侯国列表条目本身标注需要补充来源；已保留原始出处字段供复核,BCE years are negative integers; there is no year 0; ranges are expanded inclusively when start and end years are parseable.,,,,,,,,,,,,,,,,,
50,polity_metadata,,,周,周代诸侯国,房國,,诸侯国/古国,,,-529,前529年,？－前529年,partial,,河南省遂平縣 後遷至楚國境內,,,祁姓房氏,,,,楚國,周代诸侯国列表 - 维基百科,https://zh.wikipedia.org/wiki/%E5%91%A8%E4%BB%A3%E8%AB%B8%E4%BE%AF%E5%9C%8B%E5%88%97%E8%A1%A8,國名:房國; 今地:河南省遂平縣 後遷至楚國境內; 起迄年:？－前529年; 出處:,55,周代诸侯国列表条目本身标注需要补充来源；已保留原始出处字段供复核,BCE years are negative integers; there is no year 0; ranges are expanded inclusively when start and end years are parseable.,,,,,,,,,,,,,,,,,
51,polity_metadata,,,周,周代诸侯国,散国,,诸侯国/古国,,,,,周文王时期－?,,,陕西省千阳县、凤翔县一带,,,可能是姬姓,,,,,周代诸侯国列表 - 维基百科,https://zh.wikipedia.org/wiki/%E5%91%A8%E4%BB%A3%E8%AB%B8%E4%BE%AF%E5%9C%8B%E5%88%97%E8%A1%A8,國名:散国; 今地:陕西省千阳县、凤翔县一带; 起迄年:周文王时期－?; 出處:,55,周代诸侯国列表条目本身标注需要补充来源；已保留原始出处字段供复核,BCE years are negative integers; there is no year 0; ranges are expanded inclusively when start and end years are parseable.,,,,,,,,,,,,,,,,,
52,polity_metadata,,,周,周代诸侯国,於餘邱國,於餘邱國（餘邱國）,诸侯国/古国,,,,,,,,山東省臨沭縣,,,,,,,,周代诸侯国列表 - 维基百科,https://zh.wikipedia.org/wiki/%E5%91%A8%E4%BB%A3%E8%AB%B8%E4%BE%AF%E5%9C%8B%E5%88%97%E8%A1%A8,國名:於餘邱國（餘邱國）; 今地:山東省臨沭縣; 起迄年:; 出處:,55,周代诸侯国列表条目本身标注需要补充来源；已保留原始出处字段供复核,BCE years are negative integers; there is no year 0; ranges are expanded inclusively when start and end years are parseable.,,,,,,,,,,,,,,,,,
53,polity_metadata,,,周,周代诸侯国,曾國,曾國（鄫國）,诸侯国/古国,,,,,,,,湖北省棗陽市,,,曾氏,,,,,周代诸侯国列表 - 维基百科,https://zh.wikipedia.org/wiki/%E5%91%A8%E4%BB%A3%E8%AB%B8%E4%BE%AF%E5%9C%8B%E5%88%97%E8%A1%A8,國名:曾國（鄫國）; 今地:湖北省棗陽市; 起迄年:; 出處:,55,周代诸侯国列表条目本身标注需要补充来源；已保留原始出处字段供复核,BCE years are negative integers; there is no year 0; ranges are expanded inclusively when start and end years are parseable.,,,,,,,,,,,,,,,,,
54,polity_metadata,,,周,周代诸侯国,杜國,,诸侯国/古国,,,,,,,,陝西省西安市長安区東南,,,祁姓杜氏,,,,,周代诸侯国列表 - 维基百科,https://zh.wikipedia.org/wiki/%E5%91%A8%E4%BB%A3%E8%AB%B8%E4%BE%AF%E5%9C%8B%E5%88%97%E8%A1%A8,國名:杜國; 今地:陝西省西安市長安区東南; 起迄年:; 出處:,55,周代诸侯国列表条目本身标注需要补充来源；已保留原始出处字段供复核,BCE years are negative integers; there is no year 0; ranges are expanded inclusively when start and end years are parseable.,,,,,,,,,,,,,,,,,
55,polity_metadata,,,周,周代诸侯国,東不羹國,,诸侯国/古国,,,,,,,,河南省舞陽縣北,,,赢姓,,,,楚國,周代诸侯国列表 - 维基百科,https://zh.wikipedia.org/wiki/%E5%91%A8%E4%BB%A3%E8%AB%B8%E4%BE%AF%E5%9C%8B%E5%88%97%E8%A1%A8,國名:東不羹國; 今地:河南省舞陽縣北; 起迄年:; 出處:,55,周代诸侯国列表条目本身标注需要补充来源；已保留原始出处字段供复核,BCE years are negative integers; there is no year 0; ranges are expanded inclusively when start and end years are parseable.,,,,,,,,,,,,,,,,,
56,polity_metadata,,,周,周代诸侯国,柏國,,诸侯国/古国,,,,,,,,河南省舞陽縣、西平縣界,,,柏氏,,,,楚國,周代诸侯国列表 - 维基百科,https://zh.wikipedia.org/wiki/%E5%91%A8%E4%BB%A3%E8%AB%B8%E4%BE%AF%E5%9C%8B%E5%88%97%E8%A1%A8,國名:柏國; 今地:河南省舞陽縣、西平縣界; 起迄年:; 出處:,55,周代诸侯国列表条目本身标注需要补充来源；已保留原始出处字段供复核,BCE years are negative integers; there is no year 0; ranges are expanded inclusively when start and end years are parseable.,,,,,,,,,,,,,,,,,
57,polity_metadata,,,周,周代诸侯国,桐國,,诸侯国/古国,,,,,,,,安徽省桐城市,,,偃姓,,,,楚國,周代诸侯国列表 - 维基百科,https://zh.wikipedia.org/wiki/%E5%91%A8%E4%BB%A3%E8%AB%B8%E4%BE%AF%E5%9C%8B%E5%88%97%E8%A1%A8,國名:桐國; 今地:安徽省桐城市; 起迄年:; 出處:,55,周代诸侯国列表条目本身标注需要补充来源；已保留原始出处字段供复核,BCE years are negative integers; there is no year 0; ranges are expanded inclusively when start and end years are parseable.,,,,,,,,,,,,,,,,,
58,polity_metadata,,,周,周代诸侯国,楊國,,诸侯国/古国,,,-786,前786年,前786年－前7世紀,partial,,山西省洪洞縣東南,,,姬姓楊氏,,,,晉國,周代诸侯国列表 - 维基百科,https://zh.wikipedia.org/wiki/%E5%91%A8%E4%BB%A3%E8%AB%B8%E4%BE%AF%E5%9C%8B%E5%88%97%E8%A1%A8,國名:楊國; 今地:山西省洪洞縣東南; 起迄年:前786年－前7世紀; 出處:,55,周代诸侯国列表条目本身标注需要补充来源；已保留原始出处字段供复核,BCE years are negative integers; there is no year 0; ranges are expanded inclusively when start and end years are parseable.,,,,,,,,,,,,,,,,,
59,polity_metadata,,,周,周代诸侯国,極國,極國（遽国）,诸侯国/古国,,,-721,前721年,？－前721年,partial,,山東省金鄉縣南,,,姬姓遽氏,,,,魯國,周代诸侯国列表 - 维基百科,https://zh.wikipedia.org/wiki/%E5%91%A8%E4%BB%A3%E8%AB%B8%E4%BE%AF%E5%9C%8B%E5%88%97%E8%A1%A8,國名:極國（遽国）; 今地:山東省金鄉縣南; 起迄年:？－前721年; 出處:,55,周代诸侯国列表条目本身标注需要补充来源；已保留原始出处字段供复核,BCE years are negative integers; there is no year 0; ranges are expanded inclusively when start and end years are parseable.,,,,,,,,,,,,,,,,,
60,polity_metadata,,,周,周代诸侯国,榮國,,诸侯国/古国,-1046,前1046年,,,前1046年,partial,,河南省鞏義市一帶,,,姬姓榮氏,,,,,周代诸侯国列表 - 维基百科,https://zh.wikipedia.org/wiki/%E5%91%A8%E4%BB%A3%E8%AB%B8%E4%BE%AF%E5%9C%8B%E5%88%97%E8%A1%A8,國名:榮國; 今地:河南省鞏義市一帶; 起迄年:; 出處: || 國名:榮國; 今地:河南省鞏義市一帶; 起迄年:前1046年; 出處:,55,周代诸侯国列表条目本身标注需要补充来源；已保留原始出处字段供复核,BCE years are negative integers; there is no year 0; ranges are expanded inclusively when start and end years are parseable.,,,,,,,,,,,,,,,,,
61,polity_metadata,,,周,周代诸侯国,樊國,,诸侯国/古国,,,-635,前635年,周宣王时－前635年 | ？－前635年,partial,,初封于陕西省西安市长安区东南。后迁于今河南省济源市。 | 初封于陕西省西安市长安区东南，后迁于今河南省济源市,,,姬姓樊氏,,,,晉國,周代诸侯国列表 - 维基百科,https://zh.wikipedia.org/wiki/%E5%91%A8%E4%BB%A3%E8%AB%B8%E4%BE%AF%E5%9C%8B%E5%88%97%E8%A1%A8,國名:樊國; 今地:初封于陕西省西安市长安区东南。后迁于今河南省济源市。; 起迄年:周宣王时－前635年; 出處: || 國名:樊國; 今地:初封于陕西省西安市长安区东南，后迁于今河南省济源市; 起迄年:？－前635年; 出處:,55,周代诸侯国列表条目本身标注需要补充来源；已保留原始出处字段供复核,BCE years are negative integers; there is no year 0; ranges are expanded inclusively when start and end years are parseable.,,,,,,,,,,,,,,,,,
62,polity_metadata,,,周,周代诸侯国,檀國,,诸侯国/古国,,,,,,,,河南省濟源市,,,,,,,,周代诸侯国列表 - 维基百科,https://zh.wikipedia.org/wiki/%E5%91%A8%E4%BB%A3%E8%AB%B8%E4%BE%AF%E5%9C%8B%E5%88%97%E8%A1%A8,國名:檀國; 今地:河南省濟源市; 起迄年:; 出處:,55,周代诸侯国列表条目本身标注需要补充来源；已保留原始出处字段供复核,BCE years are negative integers; there is no year 0; ranges are expanded inclusively when start and end years are parseable.,,,,,,,,,,,,,,,,,
63,polity_metadata,,,周,周代诸侯国,權國,,诸侯国/古国,,,,,前12世紀－前7世紀,,,湖北省荊門市沙洋县,,,子姓權氏 （一作羋姓）,,,,楚國,周代诸侯国列表 - 维基百科,https://zh.wikipedia.org/wiki/%E5%91%A8%E4%BB%A3%E8%AB%B8%E4%BE%AF%E5%9C%8B%E5%88%97%E8%A1%A8,國名:權國; 今地:湖北省荊門市沙洋县; 起迄年:前12世紀－前7世紀; 出處:,55,周代诸侯国列表条目本身标注需要补充来源；已保留原始出处字段供复核,BCE years are negative integers; there is no year 0; ranges are expanded inclusively when start and end years are parseable.,,,,,,,,,,,,,,,,,
64,polity_metadata,,,周,周代诸侯国,淳于國,淳于國（州國）,诸侯国/古国,,,-1046,前1046年,前1046年－？,partial,,山東省安丘市東北部,,,姜姓淳于氏,,,,杞國,周代诸侯国列表 - 维基百科,https://zh.wikipedia.org/wiki/%E5%91%A8%E4%BB%A3%E8%AB%B8%E4%BE%AF%E5%9C%8B%E5%88%97%E8%A1%A8,國名:淳于國（州國）; 今地:山東省安丘市東北部; 起迄年:前1046年－？; 出處:,55,周代诸侯国列表条目本身标注需要补充来源；已保留原始出处字段供复核,BCE years are negative integers; there is no year 0; ranges are expanded inclusively when start and end years are parseable.,,,,,,,,,,,,,,,,,
65,polity_metadata,,,周,周代诸侯国,滑國,,诸侯国/古国,,,-627,前627年,？－前627年,partial,,河南省偃師市南緱氏城,,,姬姓,,,,秦國,周代诸侯国列表 - 维基百科,https://zh.wikipedia.org/wiki/%E5%91%A8%E4%BB%A3%E8%AB%B8%E4%BE%AF%E5%9C%8B%E5%88%97%E8%A1%A8,國名:滑國; 今地:河南省偃師市南緱氏城; 起迄年:？－前627年; 出處:,55,周代诸侯国列表条目本身标注需要补充来源；已保留原始出处字段供复核,BCE years are negative integers; there is no year 0; ranges are expanded inclusively when start and end years are parseable.,,,,,,,,,,,,,,,,,
66,polity_metadata,,,周,周代诸侯国,無終國,,诸侯国/古国,,,,,,,,,,,,,,,齊國,周代诸侯国列表 - 维基百科,https://zh.wikipedia.org/wiki/%E5%91%A8%E4%BB%A3%E8%AB%B8%E4%BE%AF%E5%9C%8B%E5%88%97%E8%A1%A8,國名:無終國; 今地:; 起迄年:; 出處:,55,周代诸侯国列表条目本身标注需要补充来源；已保留原始出处字段供复核,BCE years are negative integers; there is no year 0; ranges are expanded inclusively when start and end years are parseable.,,,,,,,,,,,,,,,,,
67,polity_metadata,,,周,周代诸侯国,燕京戎,,诸侯国/古国,,,,,,,,山西省靜樂縣、祁縣、介休市一帶,,,,,,,周朝,周代诸侯国列表 - 维基百科,https://zh.wikipedia.org/wiki/%E5%91%A8%E4%BB%A3%E8%AB%B8%E4%BE%AF%E5%9C%8B%E5%88%97%E8%A1%A8,國名:燕京戎; 今地:山西省靜樂縣、祁縣、介休市一帶; 起迄年:; 出處:,55,周代诸侯国列表条目本身标注需要补充来源；已保留原始出处字段供复核,BCE years are negative integers; there is no year 0; ranges are expanded inclusively when start and end years are parseable.,,,,,,,,,,,,,,,,,
68,polity_metadata,,,周,周代诸侯国,牟國,,诸侯国/古国,,,,,,,,山東省萊蕪市,,,牟氏,,,,鲁国,周代诸侯国列表 - 维基百科,https://zh.wikipedia.org/wiki/%E5%91%A8%E4%BB%A3%E8%AB%B8%E4%BE%AF%E5%9C%8B%E5%88%97%E8%A1%A8,國名:牟國; 今地:山東省萊蕪市; 起迄年:; 出處:,55,周代诸侯国列表条目本身标注需要补充来源；已保留原始出处字段供复核,BCE years are negative integers; there is no year 0; ranges are expanded inclusively when start and end years are parseable.,,,,,,,,,,,,,,,,,
69,polity_metadata,,,周,周代诸侯国,犬戎,,诸侯国/古国,,,,,,,,,,,,,,,秦國,周代诸侯国列表 - 维基百科,https://zh.wikipedia.org/wiki/%E5%91%A8%E4%BB%A3%E8%AB%B8%E4%BE%AF%E5%9C%8B%E5%88%97%E8%A1%A8,國名:犬戎; 今地:; 起迄年:; 出處:,55,周代诸侯国列表条目本身标注需要补充来源；已保留原始出处字段供复核,BCE years are negative integers; there is no year 0; ranges are expanded inclusively when start and end years are parseable.,,,,,,,,,,,,,,,,,
70,polity_metadata,,,周,周代诸侯国,王叔國,,诸侯国/古国,,,-563,前563年,周襄王時建立 | 周襄王時建立－前563年,partial,,河南省孟津县西南,,,姬姓,,,,,周代诸侯国列表 - 维基百科,https://zh.wikipedia.org/wiki/%E5%91%A8%E4%BB%A3%E8%AB%B8%E4%BE%AF%E5%9C%8B%E5%88%97%E8%A1%A8,國名:王叔國; 今地:; 起迄年:周襄王時建立; 出處: || 國名:王叔國; 今地:河南省孟津县西南; 起迄年:周襄王時建立－前563年; 出處:,55,周代诸侯国列表条目本身标注需要补充来源；已保留原始出处字段供复核,BCE years are negative integers; there is no year 0; ranges are expanded inclusively when start and end years are parseable.,,,,,,,,,,,,,,,,,
71,polity_metadata,,,周,周代诸侯国,甘國,,诸侯国/古国,,,,,周武王時建立 | 周襄王時建立,,,河南省原陽縣 | 陕西省鄠县,,,姬姓甘氏,,,,,周代诸侯国列表 - 维基百科,https://zh.wikipedia.org/wiki/%E5%91%A8%E4%BB%A3%E8%AB%B8%E4%BE%AF%E5%9C%8B%E5%88%97%E8%A1%A8,國名:甘國; 今地:河南省原陽縣; 起迄年:周襄王時建立; 出處: || 國名:甘國; 今地:陕西省鄠县; 起迄年:周武王時建立; 出處:,55,周代诸侯国列表条目本身标注需要补充来源；已保留原始出处字段供复核,BCE years are negative integers; there is no year 0; ranges are expanded inclusively when start and end years are parseable.,,,,,,,,,,,,,,,,,
72,polity_metadata,,,周,周代诸侯国,甲氏,,诸侯国/古国,,,-593,前593年,？－前593年,partial,,,,,媿姓,,,,晉國,周代诸侯国列表 - 维基百科,https://zh.wikipedia.org/wiki/%E5%91%A8%E4%BB%A3%E8%AB%B8%E4%BE%AF%E5%9C%8B%E5%88%97%E8%A1%A8,國名:甲氏; 今地:; 起迄年:？－前593年; 出處:,55,周代诸侯国列表条目本身标注需要补充来源；已保留原始出处字段供复核,BCE years are negative integers; there is no year 0; ranges are expanded inclusively when start and end years are parseable.,,,,,,,,,,,,,,,,,
73,polity_metadata,,,周,周代诸侯国,留吁,,诸侯国/古国,,,-593,前593年,？－前593年,partial,,,,,媿姓,,,,晉國,周代诸侯国列表 - 维基百科,https://zh.wikipedia.org/wiki/%E5%91%A8%E4%BB%A3%E8%AB%B8%E4%BE%AF%E5%9C%8B%E5%88%97%E8%A1%A8,國名:留吁; 今地:; 起迄年:？－前593年; 出處:,55,周代诸侯国列表条目本身标注需要补充来源；已保留原始出处字段供复核,BCE years are negative integers; there is no year 0; ranges are expanded inclusively when start and end years are parseable.,,,,,,,,,,,,,,,,,
74,polity_metadata,,,周,周代诸侯国,白狄,,诸侯国/古国,,,,,,,,,,,姬姓,,,,晉國,周代诸侯国列表 - 维基百科,https://zh.wikipedia.org/wiki/%E5%91%A8%E4%BB%A3%E8%AB%B8%E4%BE%AF%E5%9C%8B%E5%88%97%E8%A1%A8,國名:白狄; 今地:; 起迄年:; 出處:,55,周代诸侯国列表条目本身标注需要补充来源；已保留原始出处字段供复核,BCE years are negative integers; there is no year 0; ranges are expanded inclusively when start and end years are parseable.,,,,,,,,,,,,,,,,,
75,polity_metadata,,,周,周代诸侯国,皖國,,诸侯国/古国,,,-1046,前1046年,前1046年－？,partial,,安徽省潜山市,,,偃姓 （一说夏姓）,,,,楚國,周代诸侯国列表 - 维基百科,https://zh.wikipedia.org/wiki/%E5%91%A8%E4%BB%A3%E8%AB%B8%E4%BE%AF%E5%9C%8B%E5%88%97%E8%A1%A8,國名:皖國; 今地:安徽省潜山市; 起迄年:前1046年－？; 出處:,55,周代诸侯国列表条目本身标注需要补充来源；已保留原始出处字段供复核,BCE years are negative integers; there is no year 0; ranges are expanded inclusively when start and end years are parseable.,,,,,,,,,,,,,,,,,
76,polity_metadata,,,周,周代诸侯国,穀國,,诸侯国/古国,,,,,？－前8世紀,,,湖北省穀城縣西北,,,嬴姓谷氏,,,,楚國,周代诸侯国列表 - 维基百科,https://zh.wikipedia.org/wiki/%E5%91%A8%E4%BB%A3%E8%AB%B8%E4%BE%AF%E5%9C%8B%E5%88%97%E8%A1%A8,國名:穀國; 今地:湖北省穀城縣西北; 起迄年:？－前8世紀; 出處:,55,周代诸侯国列表条目本身标注需要补充来源；已保留原始出处字段供复核,BCE years are negative integers; there is no year 0; ranges are expanded inclusively when start and end years are parseable.,,,,,,,,,,,,,,,,,
77,polity_metadata,,,周,周代诸侯国,箕國,,诸侯国/古国,,,,,周代初期－漢代初期,,,朝鮮半島北部,,,子姓,,,,衛氏朝鮮,周代诸侯国列表 - 维基百科,https://zh.wikipedia.org/wiki/%E5%91%A8%E4%BB%A3%E8%AB%B8%E4%BE%AF%E5%9C%8B%E5%88%97%E8%A1%A8,國名:箕國; 今地:朝鮮半島北部; 起迄年:周代初期－漢代初期; 出處:,55,周代诸侯国列表条目本身标注需要补充来源；已保留原始出处字段供复核,BCE years are negative integers; there is no year 0; ranges are expanded inclusively when start and end years are parseable.,,,,,,,,,,,,,,,,,
78,polity_metadata,,,周,周代诸侯国,紀國,,诸侯国/古国,,,-690,前690年,商代－前690年,partial,,山東省壽光市南,,,姜姓紀氏,,,,齊國,周代诸侯国列表 - 维基百科,https://zh.wikipedia.org/wiki/%E5%91%A8%E4%BB%A3%E8%AB%B8%E4%BE%AF%E5%9C%8B%E5%88%97%E8%A1%A8,國名:紀國; 今地:山東省壽光市南; 起迄年:商代－前690年; 出處:,55,周代诸侯国列表条目本身标注需要补充来源；已保留原始出处字段供复核,BCE years are negative integers; there is no year 0; ranges are expanded inclusively when start and end years are parseable.,,,,,,,,,,,,,,,,,
79,polity_metadata,,,周,周代诸侯国,絞國,,诸侯国/古国,,,,,,,,湖北省十堰市鄖阳区西北,,,偃姓,,,,楚國,周代诸侯国列表 - 维基百科,https://zh.wikipedia.org/wiki/%E5%91%A8%E4%BB%A3%E8%AB%B8%E4%BE%AF%E5%9C%8B%E5%88%97%E8%A1%A8,國名:絞國; 今地:湖北省十堰市鄖阳区西北; 起迄年:; 出處:,55,周代诸侯国列表条目本身标注需要补充来源；已保留原始出处字段供复核,BCE years are negative integers; there is no year 0; ranges are expanded inclusively when start and end years are parseable.,,,,,,,,,,,,,,,,,
80,polity_metadata,,,周,周代诸侯国,綿諸國,,诸侯国/古国,,,,,,,,,,,,,,,秦國,周代诸侯国列表 - 维基百科,https://zh.wikipedia.org/wiki/%E5%91%A8%E4%BB%A3%E8%AB%B8%E4%BE%AF%E5%9C%8B%E5%88%97%E8%A1%A8,國名:綿諸國; 今地:; 起迄年:; 出處:,55,周代诸侯国列表条目本身标注需要补充来源；已保留原始出处字段供复核,BCE years are negative integers; there is no year 0; ranges are expanded inclusively when start and end years are parseable.,,,,,,,,,,,,,,,,,
81,polity_metadata,,,周,周代诸侯国,縛婁國,,诸侯国/古国,,,,,,,,廣東省惠州市,,,,,,,秦國？,周代诸侯国列表 - 维基百科,https://zh.wikipedia.org/wiki/%E5%91%A8%E4%BB%A3%E8%AB%B8%E4%BE%AF%E5%9C%8B%E5%88%97%E8%A1%A8,國名:縛婁國; 今地:廣東省惠州市; 起迄年:; 出處:,55,周代诸侯国列表条目本身标注需要补充来源；已保留原始出处字段供复核,BCE years are negative integers; there is no year 0; ranges are expanded inclusively when start and end years are parseable.,,,,,,,,,,,,,,,,,
82,polity_metadata,,,周,周代诸侯国,羅國,,诸侯国/古国,,,-690,前690年,商代－前690年,partial,,湖北省宜城市,,,羋姓羅氏,,,,楚國,周代诸侯国列表 - 维基百科,https://zh.wikipedia.org/wiki/%E5%91%A8%E4%BB%A3%E8%AB%B8%E4%BE%AF%E5%9C%8B%E5%88%97%E8%A1%A8,國名:羅國; 今地:湖北省宜城市; 起迄年:商代－前690年; 出處:,55,周代诸侯国列表条目本身标注需要补充来源；已保留原始出处字段供复核,BCE years are negative integers; there is no year 0; ranges are expanded inclusively when start and end years are parseable.,,,,,,,,,,,,,,,,,
83,polity_metadata,,,周,周代诸侯国,義渠國,,诸侯国/古国,,,-272,前272年,商代－前272年,partial,,,,,義渠,,,,秦國,周代诸侯国列表 - 维基百科,https://zh.wikipedia.org/wiki/%E5%91%A8%E4%BB%A3%E8%AB%B8%E4%BE%AF%E5%9C%8B%E5%88%97%E8%A1%A8,國名:義渠國; 今地:; 起迄年:商代－前272年; 出處:,55,周代诸侯国列表条目本身标注需要补充来源；已保留原始出处字段供复核,BCE years are negative integers; there is no year 0; ranges are expanded inclusively when start and end years are parseable.,,,,,,,,,,,,,,,,,
84,polity_metadata,,,周,周代诸侯国,耿國,,诸侯国/古国,,,-661,前661年,？－前661年,partial,,山西省河津市耿城,,,姬姓耿氏,,,,晉國,周代诸侯国列表 - 维基百科,https://zh.wikipedia.org/wiki/%E5%91%A8%E4%BB%A3%E8%AB%B8%E4%BE%AF%E5%9C%8B%E5%88%97%E8%A1%A8,國名:耿國; 今地:山西省河津市耿城; 起迄年:？－前661年; 出處:,55,周代诸侯国列表条目本身标注需要补充来源；已保留原始出处字段供复核,BCE years are negative integers; there is no year 0; ranges are expanded inclusively when start and end years are parseable.,,,,,,,,,,,,,,,,,
85,polity_metadata,,,周,周代诸侯国,聃國,,诸侯国/古国,,,-1040,前1040年,前1040年－西周晚期,partial,,湖北省荊門市 一疑在安徽省阜陽市,,,姬姓,,,,楚國,周代诸侯国列表 - 维基百科,https://zh.wikipedia.org/wiki/%E5%91%A8%E4%BB%A3%E8%AB%B8%E4%BE%AF%E5%9C%8B%E5%88%97%E8%A1%A8,國名:聃國; 今地:湖北省荊門市 一疑在安徽省阜陽市; 起迄年:前1040年－西周晚期; 出處:,55,周代诸侯国列表条目本身标注需要补充来源；已保留原始出处字段供复核,BCE years are negative integers; there is no year 0; ranges are expanded inclusively when start and end years are parseable.,,,,,,,,,,,,,,,,,
86,polity_metadata,,,周,周代诸侯国,聶國,,诸侯国/古国,,,,,,,,山東省茌平縣西,,,姜姓聶氏,,,,,周代诸侯国列表 - 维基百科,https://zh.wikipedia.org/wiki/%E5%91%A8%E4%BB%A3%E8%AB%B8%E4%BE%AF%E5%9C%8B%E5%88%97%E8%A1%A8,國名:聶國; 今地:山東省茌平縣西; 起迄年:; 出處:,55,周代诸侯国列表条目本身标注需要补充来源；已保留原始出处字段供复核,BCE years are negative integers; there is no year 0; ranges are expanded inclusively when start and end years are parseable.,,,,,,,,,,,,,,,,,
87,polity_metadata,,,周,周代诸侯国,肥國,,诸侯国/古国,,,-530,前530年,？－前530年,partial,,河北省藁城縣一帶,,,,,,,晉國,周代诸侯国列表 - 维基百科,https://zh.wikipedia.org/wiki/%E5%91%A8%E4%BB%A3%E8%AB%B8%E4%BE%AF%E5%9C%8B%E5%88%97%E8%A1%A8,國名:肥國; 今地:河北省藁城縣一帶; 起迄年:？－前530年; 出處:,55,周代诸侯国列表条目本身标注需要补充来源；已保留原始出处字段供复核,BCE years are negative integers; there is no year 0; ranges are expanded inclusively when start and end years are parseable.,,,,,,,,,,,,,,,,,
88,polity_metadata,,,周,周代诸侯国,胙國,,诸侯国/古国,,,-1040,前1040年,前1040年－？,partial,,河南省延津縣北古胙城,,,姬姓,,,,郑国,周代诸侯国列表 - 维基百科,https://zh.wikipedia.org/wiki/%E5%91%A8%E4%BB%A3%E8%AB%B8%E4%BE%AF%E5%9C%8B%E5%88%97%E8%A1%A8,國名:胙國; 今地:河南省延津縣北古胙城; 起迄年:前1040年－？; 出處:,55,周代诸侯国列表条目本身标注需要补充来源；已保留原始出处字段供复核,BCE years are negative integers; there is no year 0; ranges are expanded inclusively when start and end years are parseable.,,,,,,,,,,,,,,,,,
89,polity_metadata,,,周,周代诸侯国,胡國,,诸侯国/古国,,,-763,前763年,？－前763年,partial,,河南省漯河市郾城区、舞陽縣一帶,,,姬姓胡氏,,,,鄭國,周代诸侯国列表 - 维基百科,https://zh.wikipedia.org/wiki/%E5%91%A8%E4%BB%A3%E8%AB%B8%E4%BE%AF%E5%9C%8B%E5%88%97%E8%A1%A8,國名:胡國; 今地:河南省漯河市郾城区、舞陽縣一帶; 起迄年:？－前763年; 出處:,55,周代诸侯国列表条目本身标注需要补充来源；已保留原始出处字段供复核,BCE years are negative integers; there is no year 0; ranges are expanded inclusively when start and end years are parseable.,,,,,,,,,,,,,,,,,
90,polity_metadata,,,周,周代诸侯国,舒鮑國,,诸侯国/古国,,,-1046,前1046年,前1046年－,partial,,,,,偃姓,,,,楚國,周代诸侯国列表 - 维基百科,https://zh.wikipedia.org/wiki/%E5%91%A8%E4%BB%A3%E8%AB%B8%E4%BE%AF%E5%9C%8B%E5%88%97%E8%A1%A8,國名:舒鮑國; 今地:; 起迄年:前1046年－; 出處:,55,周代诸侯国列表条目本身标注需要补充来源；已保留原始出处字段供复核,BCE years are negative integers; there is no year 0; ranges are expanded inclusively when start and end years are parseable.,,,,,,,,,,,,,,,,,
91,polity_metadata,,,周,周代诸侯国,舒龍國,,诸侯国/古国,,,-1046,前1046年,前1046年－,partial,,,,,偃姓,,,,楚國,周代诸侯国列表 - 维基百科,https://zh.wikipedia.org/wiki/%E5%91%A8%E4%BB%A3%E8%AB%B8%E4%BE%AF%E5%9C%8B%E5%88%97%E8%A1%A8,國名:舒龍國; 今地:; 起迄年:前1046年－; 出處:,55,周代诸侯国列表条目本身标注需要补充来源；已保留原始出处字段供复核,BCE years are negative integers; there is no year 0; ranges are expanded inclusively when start and end years are parseable.,,,,,,,,,,,,,,,,,
92,polity_metadata,,,周,周代诸侯国,舒龔國,,诸侯国/古国,,,-1046,前1046年,前1046年－,partial,,,,,偃姓,,,,楚國,周代诸侯国列表 - 维基百科,https://zh.wikipedia.org/wiki/%E5%91%A8%E4%BB%A3%E8%AB%B8%E4%BE%AF%E5%9C%8B%E5%88%97%E8%A1%A8,國名:舒龔國; 今地:; 起迄年:前1046年－; 出處:,55,周代诸侯国列表条目本身标注需要补充来源；已保留原始出处字段供复核,BCE years are negative integers; there is no year 0; ranges are expanded inclusively when start and end years are parseable.,,,,,,,,,,,,,,,,,
93,polity_metadata,,,周,周代诸侯国,茅國,,诸侯国/古国,,,-1046,前1046年,前1046年－？,partial,,山東省金鄉縣,,,姬姓茅氏,,,,邾國,周代诸侯国列表 - 维基百科,https://zh.wikipedia.org/wiki/%E5%91%A8%E4%BB%A3%E8%AB%B8%E4%BE%AF%E5%9C%8B%E5%88%97%E8%A1%A8,國名:茅國; 今地:山東省金鄉縣; 起迄年:前1046年－？; 出處:,55,周代诸侯国列表条目本身标注需要补充来源；已保留原始出处字段供复核,BCE years are negative integers; there is no year 0; ranges are expanded inclusively when start and end years are parseable.,,,,,,,,,,,,,,,,,
94,polity_metadata,,,周,周代诸侯国,茅戎,,诸侯国/古国,,,,,,,,,,,,,,,晉國,周代诸侯国列表 - 维基百科,https://zh.wikipedia.org/wiki/%E5%91%A8%E4%BB%A3%E8%AB%B8%E4%BE%AF%E5%9C%8B%E5%88%97%E8%A1%A8,國名:茅戎; 今地:; 起迄年:; 出處:,55,周代诸侯国列表条目本身标注需要补充来源；已保留原始出处字段供复核,BCE years are negative integers; there is no year 0; ranges are expanded inclusively when start and end years are parseable.,,,,,,,,,,,,,,,,,
95,polity_metadata,,,周,周代诸侯国,荀国,荀国（郇國）,诸侯国/古国,,,-1046,前1046年,前1046年－前7世紀,partial,,山西省新絳縣東北,,,姬姓荀氏,,,,晉國,周代诸侯国列表 - 维基百科,https://zh.wikipedia.org/wiki/%E5%91%A8%E4%BB%A3%E8%AB%B8%E4%BE%AF%E5%9C%8B%E5%88%97%E8%A1%A8,國名:荀国（郇國）; 今地:山西省新絳縣東北; 起迄年:前1046年－前7世紀; 出處:,55,周代诸侯国列表条目本身标注需要补充来源；已保留原始出处字段供复核,BCE years are negative integers; there is no year 0; ranges are expanded inclusively when start and end years are parseable.,,,,,,,,,,,,,,,,,
96,polity_metadata,,,周,周代诸侯国,莘國,,诸侯国/古国,,,,,,,,河南省汝南縣西北,,,,,,,蔡國,周代诸侯国列表 - 维基百科,https://zh.wikipedia.org/wiki/%E5%91%A8%E4%BB%A3%E8%AB%B8%E4%BE%AF%E5%9C%8B%E5%88%97%E8%A1%A8,國名:莘國; 今地:河南省汝南縣西北; 起迄年:; 出處:,55,周代诸侯国列表条目本身标注需要补充来源；已保留原始出处字段供复核,BCE years are negative integers; there is no year 0; ranges are expanded inclusively when start and end years are parseable.,,,,,,,,,,,,,,,,,
97,polity_metadata,,,周,周代诸侯国,萊國,萊國（萊夷國）,诸侯国/古国,,,-567,前567年,？－前567年,partial,,山東省龙口市東南萊子城,,,子姓,,,,齊國,周代诸侯国列表 - 维基百科,https://zh.wikipedia.org/wiki/%E5%91%A8%E4%BB%A3%E8%AB%B8%E4%BE%AF%E5%9C%8B%E5%88%97%E8%A1%A8,國名:萊國（萊夷國）; 今地:山東省龙口市東南萊子城; 起迄年:？－前567年; 出處:,55,周代诸侯国列表条目本身标注需要补充来源；已保留原始出处字段供复核,BCE years are negative integers; there is no year 0; ranges are expanded inclusively when start and end years are parseable.,,,,,,,,,,,,,,,,,
98,polity_metadata,,,周,周代诸侯国,葛國,,诸侯国/古国,,,,,商代－？,,,河南省修武縣,,,嬴姓葛氏,,,,宋國,周代诸侯国列表 - 维基百科,https://zh.wikipedia.org/wiki/%E5%91%A8%E4%BB%A3%E8%AB%B8%E4%BE%AF%E5%9C%8B%E5%88%97%E8%A1%A8,國名:葛國; 今地:河南省修武縣; 起迄年:商代－？; 出處:,55,周代诸侯国列表条目本身标注需要补充来源；已保留原始出处字段供复核,BCE years are negative integers; there is no year 0; ranges are expanded inclusively when start and end years are parseable.,,,,,,,,,,,,,,,,,
99,polity_metadata,,,周,周代诸侯国,董國,,诸侯国/古国,,,,,前21世纪－前7世紀,,,山西省闻喜县东，東鎮、礼元鎮一带,,,己姓董氏,,,,晉國,周代诸侯国列表 - 维基百科,https://zh.wikipedia.org/wiki/%E5%91%A8%E4%BB%A3%E8%AB%B8%E4%BE%AF%E5%9C%8B%E5%88%97%E8%A1%A8,國名:董國; 今地:山西省闻喜县东，東鎮、礼元鎮一带; 起迄年:前21世纪－前7世紀; 出處:,55,周代诸侯国列表条目本身标注需要补充来源；已保留原始出处字段供复核,BCE years are negative integers; there is no year 0; ranges are expanded inclusively when start and end years are parseable.,,,,,,,,,,,,,,,,,
100,polity_metadata,,,周,周代诸侯国,蓐國,,诸侯国/古国,,,,,姬姓,,,山西汾河沿岸,,,,,,,晉國,周代诸侯国列表 - 维基百科,https://zh.wikipedia.org/wiki/%E5%91%A8%E4%BB%A3%E8%AB%B8%E4%BE%AF%E5%9C%8B%E5%88%97%E8%A1%A8,國名:蓐國; 今地:山西汾河沿岸; 起迄年:姬姓; 出處:,55,周代诸侯国列表条目本身标注需要补充来源；已保留原始出处字段供复核,BCE years are negative integers; there is no year 0; ranges are expanded inclusively when start and end years are parseable.,,,,,,,,,,,,,,,,,
101,polity_metadata,,,周,周代诸侯国,蓼國,蓼國（繆國） | 蓼國（鄝國、廖國、飂國）,诸侯国/古国,,,-622,前622年,？－前622年,partial,,河南省唐河縣湖阳镇 | 河南省固始縣東北蓼城岡,,,偃姓繆氏 | 姬姓廖氏,,,,楚國,周代诸侯国列表 - 维基百科,https://zh.wikipedia.org/wiki/%E5%91%A8%E4%BB%A3%E8%AB%B8%E4%BE%AF%E5%9C%8B%E5%88%97%E8%A1%A8,國名:蓼國（繆國）; 今地:河南省固始縣東北蓼城岡; 起迄年:？－前622年; 出處: || 國名:蓼國（鄝國、廖國、飂國）; 今地:河南省唐河縣湖阳镇; 起迄年:; 出處:,55,周代诸侯国列表条目本身标注需要补充来源；已保留原始出处字段供复核,BCE years are negative integers; there is no year 0; ranges are expanded inclusively when start and end years are parseable.,,,,,,,,,,,,,,,,,
102,polity_metadata,,,周,周代诸侯国,蔑國,,诸侯国/古国,,,,,,,,山東省泗水县,,,,,,,鲁國,周代诸侯国列表 - 维基百科,https://zh.wikipedia.org/wiki/%E5%91%A8%E4%BB%A3%E8%AB%B8%E4%BE%AF%E5%9C%8B%E5%88%97%E8%A1%A8,國名:蔑國; 今地:山東省泗水县; 起迄年:; 出處:,55,周代诸侯国列表条目本身标注需要补充来源；已保留原始出处字段供复核,BCE years are negative integers; there is no year 0; ranges are expanded inclusively when start and end years are parseable.,,,,,,,,,,,,,,,,,
103,polity_metadata,,,周,周代诸侯国,蕭國,,诸侯国/古国,,,-579,前579年,？－前579年,partial,,安徽省蕭縣西北,,,子姓蕭氏,,,,楚國,周代诸侯国列表 - 维基百科,https://zh.wikipedia.org/wiki/%E5%91%A8%E4%BB%A3%E8%AB%B8%E4%BE%AF%E5%9C%8B%E5%88%97%E8%A1%A8,國名:蕭國; 今地:安徽省蕭縣西北; 起迄年:？－前579年; 出處:,55,周代诸侯国列表条目本身标注需要补充来源；已保留原始出处字段供复核,BCE years are negative integers; there is no year 0; ranges are expanded inclusively when start and end years are parseable.,,,,,,,,,,,,,,,,,
104,polity_metadata,,,周,周代诸侯国,蜀國,,诸侯国/古国,,,-316,前316年,？－前316年,partial,,四川省中部一帶,,,杜姓，开明氏,,,,秦國,周代诸侯国列表 - 维基百科,https://zh.wikipedia.org/wiki/%E5%91%A8%E4%BB%A3%E8%AB%B8%E4%BE%AF%E5%9C%8B%E5%88%97%E8%A1%A8,國名:蜀國; 今地:四川省中部一帶; 起迄年:？－前316年; 出處:,55,周代诸侯国列表条目本身标注需要补充来源；已保留原始出处字段供复核,BCE years are negative integers; there is no year 0; ranges are expanded inclusively when start and end years are parseable.,,,,,,,,,,,,,,,,,
105,polity_metadata,,,周,周代诸侯国,褒国,,诸侯国/古国,,,-751,前751年,约前21世纪－前751年,partial,,陕西省汉中市一带,,,娰姓有褒氏,,,,晋国,周代诸侯国列表 - 维基百科,https://zh.wikipedia.org/wiki/%E5%91%A8%E4%BB%A3%E8%AB%B8%E4%BE%AF%E5%9C%8B%E5%88%97%E8%A1%A8,國名:褒国; 今地:陕西省汉中市一带; 起迄年:约前21世纪－前751年; 出處:,55,周代诸侯国列表条目本身标注需要补充来源；已保留原始出处字段供复核,BCE years are negative integers; there is no year 0; ranges are expanded inclusively when start and end years are parseable.,,,,,,,,,,,,,,,,,
106,polity_metadata,,,周,周代诸侯国,西不羹國,,诸侯国/古国,,,,,,,,河南省襄城縣東南,,,,,,,楚國,周代诸侯国列表 - 维基百科,https://zh.wikipedia.org/wiki/%E5%91%A8%E4%BB%A3%E8%AB%B8%E4%BE%AF%E5%9C%8B%E5%88%97%E8%A1%A8,國名:西不羹國; 今地:河南省襄城縣東南; 起迄年:; 出處:,55,周代诸侯国列表条目本身标注需要补充来源；已保留原始出处字段供复核,BCE years are negative integers; there is no year 0; ranges are expanded inclusively when start and end years are parseable.,,,,,,,,,,,,,,,,,
107,polity_metadata,,,周,周代诸侯国,西戎,,诸侯国/古国,,,,,,,,,,,,,,,秦國,周代诸侯国列表 - 维基百科,https://zh.wikipedia.org/wiki/%E5%91%A8%E4%BB%A3%E8%AB%B8%E4%BE%AF%E5%9C%8B%E5%88%97%E8%A1%A8,國名:西戎; 今地:; 起迄年:; 出處:,55,周代诸侯国列表条目本身标注需要补充来源；已保留原始出处字段供复核,BCE years are negative integers; there is no year 0; ranges are expanded inclusively when start and end years are parseable.,,,,,,,,,,,,,,,,,
108,polity_metadata,,,周,周代诸侯国,西黃國,,诸侯国/古国,,,,,？－前7世纪中叶,,,在今湖北省宜城市东南的汉水以东（或说在今四川省）,,,,,,,楚國,周代诸侯国列表 - 维基百科,https://zh.wikipedia.org/wiki/%E5%91%A8%E4%BB%A3%E8%AB%B8%E4%BE%AF%E5%9C%8B%E5%88%97%E8%A1%A8,國名:西黃國; 今地:在今湖北省宜城市东南的汉水以东（或说在今四川省）; 起迄年:？－前7世纪中叶; 出處:,55,周代诸侯国列表条目本身标注需要补充来源；已保留原始出处字段供复核,BCE years are negative integers; there is no year 0; ranges are expanded inclusively when start and end years are parseable.,,,,,,,,,,,,,,,,,
109,polity_metadata,,,周,周代诸侯国,諸國,,诸侯国/古国,,,,,,,,山東省諸城市、安丘市一帶,,,姒姓諸氏 （一說彭姓）,,,,,周代诸侯国列表 - 维基百科,https://zh.wikipedia.org/wiki/%E5%91%A8%E4%BB%A3%E8%AB%B8%E4%BE%AF%E5%9C%8B%E5%88%97%E8%A1%A8,國名:諸國; 今地:山東省諸城市、安丘市一帶; 起迄年:; 出處:,55,周代诸侯国列表条目本身标注需要补充来源；已保留原始出处字段供复核,BCE years are negative integers; there is no year 0; ranges are expanded inclusively when start and end years are parseable.,,,,,,,,,,,,,,,,,
110,polity_metadata,,,周,周代诸侯国,謝國,,诸侯国/古国,,,-841,前841年,商代－前841年,partial,,河南省南陽市,,,任姓謝氏,,,,周朝、申國,周代诸侯国列表 - 维基百科,https://zh.wikipedia.org/wiki/%E5%91%A8%E4%BB%A3%E8%AB%B8%E4%BE%AF%E5%9C%8B%E5%88%97%E8%A1%A8,國名:謝國; 今地:河南省南陽市; 起迄年:商代－前841年; 出處:,55,周代诸侯国列表条目本身标注需要补充来源；已保留原始出处字段供复核,BCE years are negative integers; there is no year 0; ranges are expanded inclusively when start and end years are parseable.,,,,,,,,,,,,,,,,,
111,polity_metadata,,,周,周代诸侯国,貳國,,诸侯国/古国,,,,,,,,湖北省广水市,,,,,,,楚國,周代诸侯国列表 - 维基百科,https://zh.wikipedia.org/wiki/%E5%91%A8%E4%BB%A3%E8%AB%B8%E4%BE%AF%E5%9C%8B%E5%88%97%E8%A1%A8,國名:貳國; 今地:湖北省广水市; 起迄年:; 出處:,55,周代诸侯国列表条目本身标注需要补充来源；已保留原始出处字段供复核,BCE years are negative integers; there is no year 0; ranges are expanded inclusively when start and end years are parseable.,,,,,,,,,,,,,,,,,
112,polity_metadata,,,周,周代诸侯国,費國,,诸侯国/古国,,,,,,,,山东省费县 | 山東省費縣,,,季姓費氏,,,,楚國 | 鲁国,周代诸侯国列表 - 维基百科,https://zh.wikipedia.org/wiki/%E5%91%A8%E4%BB%A3%E8%AB%B8%E4%BE%AF%E5%9C%8B%E5%88%97%E8%A1%A8,國名:費國; 今地:山东省费县; 起迄年:; 出處: || 國名:費國; 今地:山東省費縣; 起迄年:; 出處:,55,周代诸侯国列表条目本身标注需要补充来源；已保留原始出处字段供复核,BCE years are negative integers; there is no year 0; ranges are expanded inclusively when start and end years are parseable.,,,,,,,,,,,,,,,,,
113,polity_metadata,,,周,周代诸侯国,賈國,,诸侯国/古国,,,-678,前678年,前11世紀－前678年,partial,,山西省襄汾縣東 （一說今河北省容城縣西南）,,,姬姓賈氏,,,,晉國,周代诸侯国列表 - 维基百科,https://zh.wikipedia.org/wiki/%E5%91%A8%E4%BB%A3%E8%AB%B8%E4%BE%AF%E5%9C%8B%E5%88%97%E8%A1%A8,國名:賈國; 今地:山西省襄汾縣東 （一說今河北省容城縣西南）; 起迄年:前11世紀－前678年; 出處:,55,周代诸侯国列表条目本身标注需要补充来源；已保留原始出处字段供复核,BCE years are negative integers; there is no year 0; ranges are expanded inclusively when start and end years are parseable.,,,,,,,,,,,,,,,,,
114,polity_metadata,,,周,周代诸侯国,賴國,賴國（厲國）,诸侯国/古国,,,-581,前581年,？－前581年,partial,,湖北省隨州市東北 一說河南省鹿邑縣或商城縣,,,姜姓賴氏（一說姬姓）,,,,楚國,周代诸侯国列表 - 维基百科,https://zh.wikipedia.org/wiki/%E5%91%A8%E4%BB%A3%E8%AB%B8%E4%BE%AF%E5%9C%8B%E5%88%97%E8%A1%A8,國名:賴國（厲國）; 今地:湖北省隨州市東北 一說河南省鹿邑縣或商城縣; 起迄年:？－前581年; 出處:,55,周代诸侯国列表条目本身标注需要补充来源；已保留原始出处字段供复核,BCE years are negative integers; there is no year 0; ranges are expanded inclusively when start and end years are parseable.,,,,,,,,,,,,,,,,,
115,polity_metadata,,,周,周代诸侯国,赤狄,,诸侯国/古国,,,,,,,,,,,,,,,晉國,周代诸侯国列表 - 维基百科,https://zh.wikipedia.org/wiki/%E5%91%A8%E4%BB%A3%E8%AB%B8%E4%BE%AF%E5%9C%8B%E5%88%97%E8%A1%A8,國名:赤狄; 今地:; 起迄年:; 出處:,55,周代诸侯国列表条目本身标注需要补充来源；已保留原始出处字段供复核,BCE years are negative integers; there is no year 0; ranges are expanded inclusively when start and end years are parseable.,,,,,,,,,,,,,,,,,
116,polity_metadata,,,周,周代诸侯国,越章国,,诸侯国/古国,,,-880,前880年,前880年－？,partial,,安徽省铜陵市、义安区一带。,,,芈姓熊氏,,,,,周代诸侯国列表 - 维基百科,https://zh.wikipedia.org/wiki/%E5%91%A8%E4%BB%A3%E8%AB%B8%E4%BE%AF%E5%9C%8B%E5%88%97%E8%A1%A8,國名:越章国; 今地:安徽省铜陵市、义安区一带。; 起迄年:前880年－？; 出處:,55,周代诸侯国列表条目本身标注需要补充来源；已保留原始出处字段供复核,BCE years are negative integers; there is no year 0; ranges are expanded inclusively when start and end years are parseable.,,,,,,,,,,,,,,,,,
117,polity_metadata,,,周,周代诸侯国,軫國,,诸侯国/古国,,,,,,,,湖北省應城市西,,,偃姓,,,,楚國,周代诸侯国列表 - 维基百科,https://zh.wikipedia.org/wiki/%E5%91%A8%E4%BB%A3%E8%AB%B8%E4%BE%AF%E5%9C%8B%E5%88%97%E8%A1%A8,國名:軫國; 今地:湖北省應城市西; 起迄年:; 出處:,55,周代诸侯国列表条目本身标注需要补充来源；已保留原始出处字段供复核,BCE years are negative integers; there is no year 0; ranges are expanded inclusively when start and end years are parseable.,,,,,,,,,,,,,,,,,
118,polity_metadata,,,周,周代诸侯国,遂國,,诸侯国/古国,,,-681,前681年,夏代－前681年,partial,,山東省寧陽縣西北,,,媯姓,,,,齊國,周代诸侯国列表 - 维基百科,https://zh.wikipedia.org/wiki/%E5%91%A8%E4%BB%A3%E8%AB%B8%E4%BE%AF%E5%9C%8B%E5%88%97%E8%A1%A8,國名:遂國; 今地:山東省寧陽縣西北; 起迄年:夏代－前681年; 出處:,55,周代诸侯国列表条目本身标注需要补充来源；已保留原始出处字段供复核,BCE years are negative integers; there is no year 0; ranges are expanded inclusively when start and end years are parseable.,,,,,,,,,,,,,,,,,
119,polity_metadata,,,周,周代诸侯国,過國,,诸侯国/古国,,,,,夏代－？,,,山東省煙台市萊州市,,,任姓寒氏,,,,,周代诸侯国列表 - 维基百科,https://zh.wikipedia.org/wiki/%E5%91%A8%E4%BB%A3%E8%AB%B8%E4%BE%AF%E5%9C%8B%E5%88%97%E8%A1%A8,國名:過國; 今地:山東省煙台市萊州市; 起迄年:夏代－？; 出處:,55,周代诸侯国列表条目本身标注需要补充来源；已保留原始出处字段供复核,BCE years are negative integers; there is no year 0; ranges are expanded inclusively when start and end years are parseable.,,,,,,,,,,,,,,,,,
120,polity_metadata,,,周,周代诸侯国,道國,,诸侯国/古国,,,,,,,,河南省確山縣或息縣,,,,,,,楚國,周代诸侯国列表 - 维基百科,https://zh.wikipedia.org/wiki/%E5%91%A8%E4%BB%A3%E8%AB%B8%E4%BE%AF%E5%9C%8B%E5%88%97%E8%A1%A8,國名:道國; 今地:河南省確山縣或息縣; 起迄年:; 出處:,55,周代诸侯国列表条目本身标注需要补充来源；已保留原始出处字段供复核,BCE years are negative integers; there is no year 0; ranges are expanded inclusively when start and end years are parseable.,,,,,,,,,,,,,,,,,
121,polity_metadata,,,周,周代诸侯国,邗國,,诸侯国/古国,,,-1046,前1046年,前1046年－？,partial,,江蘇省揚州市東南,,,,,,,,周代诸侯国列表 - 维基百科,https://zh.wikipedia.org/wiki/%E5%91%A8%E4%BB%A3%E8%AB%B8%E4%BE%AF%E5%9C%8B%E5%88%97%E8%A1%A8,國名:邗國; 今地:江蘇省揚州市東南; 起迄年:前1046年－？; 出處:,55,周代诸侯国列表条目本身标注需要补充来源；已保留原始出处字段供复核,BCE years are negative integers; there is no year 0; ranges are expanded inclusively when start and end years are parseable.,,,,,,,,,,,,,,,,,
122,polity_metadata,,,周,周代诸侯国,邘國,,诸侯国/古国,,,,,,,,河南省沁陽市北西萬鎮邘邰村（一說陝西省郿縣）,,,姬姓,,,,晉國,周代诸侯国列表 - 维基百科,https://zh.wikipedia.org/wiki/%E5%91%A8%E4%BB%A3%E8%AB%B8%E4%BE%AF%E5%9C%8B%E5%88%97%E8%A1%A8,國名:邘國; 今地:河南省沁陽市北西萬鎮邘邰村（一說陝西省郿縣）; 起迄年:; 出處:,55,周代诸侯国列表条目本身标注需要补充来源；已保留原始出处字段供复核,BCE years are negative integers; there is no year 0; ranges are expanded inclusively when start and end years are parseable.,,,,,,,,,,,,,,,,,
123,polity_metadata,,,周,周代诸侯国,邳國,,诸侯国/古国,,,,,夏代－？,,,山東省滕州市南、江蘇省邳州市東北 | 江苏省邳州市,,,任姓 | 任姓薛氏,,,,楚國,周代诸侯国列表 - 维基百科,https://zh.wikipedia.org/wiki/%E5%91%A8%E4%BB%A3%E8%AB%B8%E4%BE%AF%E5%9C%8B%E5%88%97%E8%A1%A8,國名:邳國; 今地:山東省滕州市南、江蘇省邳州市東北; 起迄年:夏代－？; 出處: || 國名:邳國; 今地:江苏省邳州市; 起迄年:夏代－？; 出處:,55,周代诸侯国列表条目本身标注需要补充来源；已保留原始出处字段供复核,BCE years are negative integers; there is no year 0; ranges are expanded inclusively when start and end years are parseable.,,,,,,,,,,,,,,,,,
124,polity_metadata,,,周,周代诸侯国,邶國,,诸侯国/古国,,,,,前11世纪－？,,,河南省湯陰縣東南,,,,,,,,周代诸侯国列表 - 维基百科,https://zh.wikipedia.org/wiki/%E5%91%A8%E4%BB%A3%E8%AB%B8%E4%BE%AF%E5%9C%8B%E5%88%97%E8%A1%A8,國名:邶國; 今地:河南省湯陰縣東南; 起迄年:前11世纪－？; 出處:,55,周代诸侯国列表条目本身标注需要补充来源；已保留原始出处字段供复核,BCE years are negative integers; there is no year 0; ranges are expanded inclusively when start and end years are parseable.,,,,,,,,,,,,,,,,,
125,polity_metadata,,,周,周代诸侯国,邿國,邿國（詩國、寺國）,诸侯国/古国,,,-560,前560年,？－前560年,partial,,山東省濟寧市東南,,,妊姓,,,,魯國,周代诸侯国列表 - 维基百科,https://zh.wikipedia.org/wiki/%E5%91%A8%E4%BB%A3%E8%AB%B8%E4%BE%AF%E5%9C%8B%E5%88%97%E8%A1%A8,國名:邿國（詩國、寺國）; 今地:山東省濟寧市東南; 起迄年:？－前560年; 出處:,55,周代诸侯国列表条目本身标注需要补充来源；已保留原始出处字段供复核,BCE years are negative integers; there is no year 0; ranges are expanded inclusively when start and end years are parseable.,,,,,,,,,,,,,,,,,
126,polity_metadata,,,周,周代诸侯国,郜國,,诸侯国/古国,,,-1046,前1046年,前1046年－春秋初期,partial,,山東省成武縣東南,,,姬姓郜氏,,,,宋國,周代诸侯国列表 - 维基百科,https://zh.wikipedia.org/wiki/%E5%91%A8%E4%BB%A3%E8%AB%B8%E4%BE%AF%E5%9C%8B%E5%88%97%E8%A1%A8,國名:郜國; 今地:山東省成武縣東南; 起迄年:前1046年－春秋初期; 出處:,55,周代诸侯国列表条目本身标注需要补充来源；已保留原始出处字段供复核,BCE years are negative integers; there is no year 0; ranges are expanded inclusively when start and end years are parseable.,,,,,,,,,,,,,,,,,
127,polity_metadata,,,周,周代诸侯国,郝国,,诸侯国/古国,,,,,前11世纪－前7世纪,,,陕西省户县祖庵镇郝村，（一说山西省太原市郝乡）,,,风姓郝氏,,,,秦國,周代诸侯国列表 - 维基百科,https://zh.wikipedia.org/wiki/%E5%91%A8%E4%BB%A3%E8%AB%B8%E4%BE%AF%E5%9C%8B%E5%88%97%E8%A1%A8,國名:郝国; 今地:陕西省户县祖庵镇郝村，（一说山西省太原市郝乡）; 起迄年:前11世纪－前7世纪; 出處:,55,周代诸侯国列表条目本身标注需要补充来源；已保留原始出处字段供复核,BCE years are negative integers; there is no year 0; ranges are expanded inclusively when start and end years are parseable.,,,,,,,,,,,,,,,,,
128,polity_metadata,,,周,周代诸侯国,郭國,,诸侯国/古国,,,-670,前670年,？－前670年,partial,,山東省聊城市東昌府区東北,,,任姓郭氏,,,,齊國,周代诸侯国列表 - 维基百科,https://zh.wikipedia.org/wiki/%E5%91%A8%E4%BB%A3%E8%AB%B8%E4%BE%AF%E5%9C%8B%E5%88%97%E8%A1%A8,國名:郭國; 今地:山東省聊城市東昌府区東北; 起迄年:？－前670年; 出處:,55,周代诸侯国列表条目本身标注需要补充来源；已保留原始出处字段供复核,BCE years are negative integers; there is no year 0; ranges are expanded inclusively when start and end years are parseable.,,,,,,,,,,,,,,,,,
129,polity_metadata,,,周,周代诸侯国,郯國,,诸侯国/古国,,,-414,前414年,？－前414年,partial,,山東省郯城縣西南,,,己姓,,,,楚國（一說是越國）,周代诸侯国列表 - 维基百科,https://zh.wikipedia.org/wiki/%E5%91%A8%E4%BB%A3%E8%AB%B8%E4%BE%AF%E5%9C%8B%E5%88%97%E8%A1%A8,國名:郯國; 今地:山東省郯城縣西南; 起迄年:？－前414年; 出處:,55,周代诸侯国列表条目本身标注需要补充来源；已保留原始出处字段供复核,BCE years are negative integers; there is no year 0; ranges are expanded inclusively when start and end years are parseable.,,,,,,,,,,,,,,,,,
130,polity_metadata,,,周,周代诸侯国,鄀國,,诸侯国/古国,,,,,,,,河南省內鄉縣 後遷湖北省宜城市東南,,,,,,,楚國,周代诸侯国列表 - 维基百科,https://zh.wikipedia.org/wiki/%E5%91%A8%E4%BB%A3%E8%AB%B8%E4%BE%AF%E5%9C%8B%E5%88%97%E8%A1%A8,國名:鄀國; 今地:河南省內鄉縣 後遷湖北省宜城市東南; 起迄年:; 出處:,55,周代诸侯国列表条目本身标注需要补充来源；已保留原始出处字段供复核,BCE years are negative integers; there is no year 0; ranges are expanded inclusively when start and end years are parseable.,,,,,,,,,,,,,,,,,
131,polity_metadata,,,周,周代诸侯国,鄂國,,诸侯国/古国,,,,,商代－？,,,湖北省隨州市安居鎮,,,姞姓鄂氏,,,,楚國,周代诸侯国列表 - 维基百科,https://zh.wikipedia.org/wiki/%E5%91%A8%E4%BB%A3%E8%AB%B8%E4%BE%AF%E5%9C%8B%E5%88%97%E8%A1%A8,國名:鄂國; 今地:湖北省隨州市安居鎮; 起迄年:商代－？; 出處:,55,周代诸侯国列表条目本身标注需要补充来源；已保留原始出处字段供复核,BCE years are negative integers; there is no year 0; ranges are expanded inclusively when start and end years are parseable.,,,,,,,,,,,,,,,,,
132,polity_metadata,,,周,周代诸侯国,鄅國,,诸侯国/古国,,,,,,,,山東省臨沂市、兰陵縣、沂南縣一帶,,,妘姓禹氏,,,,魯國,周代诸侯国列表 - 维基百科,https://zh.wikipedia.org/wiki/%E5%91%A8%E4%BB%A3%E8%AB%B8%E4%BE%AF%E5%9C%8B%E5%88%97%E8%A1%A8,國名:鄅國; 今地:山東省臨沂市、兰陵縣、沂南縣一帶; 起迄年:; 出處:,55,周代诸侯国列表条目本身标注需要补充来源；已保留原始出处字段供复核,BCE years are negative integers; there is no year 0; ranges are expanded inclusively when start and end years are parseable.,,,,,,,,,,,,,,,,,
133,polity_metadata,,,周,周代诸侯国,鄋瞒,,诸侯国/古国,,,-594,前594年,？－前594年,partial,,,,,,,,,晉國,周代诸侯国列表 - 维基百科,https://zh.wikipedia.org/wiki/%E5%91%A8%E4%BB%A3%E8%AB%B8%E4%BE%AF%E5%9C%8B%E5%88%97%E8%A1%A8,國名:鄋瞒; 今地:; 起迄年:？－前594年; 出處:,55,周代诸侯国列表条目本身标注需要补充来源；已保留原始出处字段供复核,BCE years are negative integers; there is no year 0; ranges are expanded inclusively when start and end years are parseable.,,,,,,,,,,,,,,,,,
134,polity_metadata,,,周,周代诸侯国,鄖國,,诸侯国/古国,,,,,,,,湖北省安陸市,,,嬴姓 一說為妘姓或姬姓,,,,楚國,周代诸侯国列表 - 维基百科,https://zh.wikipedia.org/wiki/%E5%91%A8%E4%BB%A3%E8%AB%B8%E4%BE%AF%E5%9C%8B%E5%88%97%E8%A1%A8,國名:鄖國; 今地:湖北省安陸市; 起迄年:; 出處:,55,周代诸侯国列表条目本身标注需要补充来源；已保留原始出处字段供复核,BCE years are negative integers; there is no year 0; ranges are expanded inclusively when start and end years are parseable.,,,,,,,,,,,,,,,,,
135,polity_metadata,,,周,周代诸侯国,鄟國,,诸侯国/古国,,,-585,前585年,？－前585年,partial,,山東省郯城縣東北,,,,,,,魯國,周代诸侯国列表 - 维基百科,https://zh.wikipedia.org/wiki/%E5%91%A8%E4%BB%A3%E8%AB%B8%E4%BE%AF%E5%9C%8B%E5%88%97%E8%A1%A8,國名:鄟國; 今地:山東省郯城縣東北; 起迄年:？－前585年; 出處:,55,周代诸侯国列表条目本身标注需要补充来源；已保留原始出处字段供复核,BCE years are negative integers; there is no year 0; ranges are expanded inclusively when start and end years are parseable.,,,,,,,,,,,,,,,,,
136,polity_metadata,,,周,周代诸侯国,鄢國,,诸侯国/古国,,,,,,,,河南省鄢陵縣西北,,,,,,,鄭國,周代诸侯国列表 - 维基百科,https://zh.wikipedia.org/wiki/%E5%91%A8%E4%BB%A3%E8%AB%B8%E4%BE%AF%E5%9C%8B%E5%88%97%E8%A1%A8,國名:鄢國; 今地:河南省鄢陵縣西北; 起迄年:; 出處:,55,周代诸侯国列表条目本身标注需要补充来源；已保留原始出处字段供复核,BCE years are negative integers; there is no year 0; ranges are expanded inclusively when start and end years are parseable.,,,,,,,,,,,,,,,,,
137,polity_metadata,,,周,周代诸侯国,鄣國,,诸侯国/古国,,,-664,前664年,？－前664年,partial,,山東省平陰縣,,,姜姓章氏,,,,齊國,周代诸侯国列表 - 维基百科,https://zh.wikipedia.org/wiki/%E5%91%A8%E4%BB%A3%E8%AB%B8%E4%BE%AF%E5%9C%8B%E5%88%97%E8%A1%A8,國名:鄣國; 今地:山東省平陰縣; 起迄年:？－前664年; 出處:,55,周代诸侯国列表条目本身标注需要补充来源；已保留原始出处字段供复核,BCE years are negative integers; there is no year 0; ranges are expanded inclusively when start and end years are parseable.,,,,,,,,,,,,,,,,,
138,polity_metadata,,,周,周代诸侯国,鄧國,,诸侯国/古国,,,-678,前678年,商代－前678年,partial,,湖北省襄阳市北 （一說河南省鄧州市）,,,曼姓鄧氏,,,,楚國,周代诸侯国列表 - 维基百科,https://zh.wikipedia.org/wiki/%E5%91%A8%E4%BB%A3%E8%AB%B8%E4%BE%AF%E5%9C%8B%E5%88%97%E8%A1%A8,國名:鄧國; 今地:湖北省襄阳市北 （一說河南省鄧州市）; 起迄年:商代－前678年; 出處:,55,周代诸侯国列表条目本身标注需要补充来源；已保留原始出处字段供复核,BCE years are negative integers; there is no year 0; ranges are expanded inclusively when start and end years are parseable.,,,,,,,,,,,,,,,,,
139,polity_metadata,,,周,周代诸侯国,鄫國,鄫國（繒國）,诸侯国/古国,,,-567,前567年,夏代－前567年,partial,,山東省棗莊市東,,,姒姓曾氏,,,,莒國,周代诸侯国列表 - 维基百科,https://zh.wikipedia.org/wiki/%E5%91%A8%E4%BB%A3%E8%AB%B8%E4%BE%AF%E5%9C%8B%E5%88%97%E8%A1%A8,國名:鄫國（繒國）; 今地:山東省棗莊市東; 起迄年:夏代－前567年; 出處:,55,周代诸侯国列表条目本身标注需要补充来源；已保留原始出处字段供复核,BCE years are negative integers; there is no year 0; ranges are expanded inclusively when start and end years are parseable.,,,,,,,,,,,,,,,,,
140,polity_metadata,,,周,周代诸侯国,鄶國,,诸侯国/古国,,,-769,前769年,？－前769年,partial,,河南省新密市東北,,,妘姓,,,,鄭國,周代诸侯国列表 - 维基百科,https://zh.wikipedia.org/wiki/%E5%91%A8%E4%BB%A3%E8%AB%B8%E4%BE%AF%E5%9C%8B%E5%88%97%E8%A1%A8,國名:鄶國; 今地:河南省新密市東北; 起迄年:？－前769年; 出處:,55,周代诸侯国列表条目本身标注需要补充来源；已保留原始出处字段供复核,BCE years are negative integers; there is no year 0; ranges are expanded inclusively when start and end years are parseable.,,,,,,,,,,,,,,,,,
141,polity_metadata,,,周,周代诸侯国,鄾國,,诸侯国/古国,,,,,,,,湖北省襄阳市襄州区张湾镇,,,曼姓,,,,楚國,周代诸侯国列表 - 维基百科,https://zh.wikipedia.org/wiki/%E5%91%A8%E4%BB%A3%E8%AB%B8%E4%BE%AF%E5%9C%8B%E5%88%97%E8%A1%A8,國名:鄾國; 今地:湖北省襄阳市襄州区张湾镇; 起迄年:; 出處:,55,周代诸侯国列表条目本身标注需要补充来源；已保留原始出处字段供复核,BCE years are negative integers; there is no year 0; ranges are expanded inclusively when start and end years are parseable.,,,,,,,,,,,,,,,,,
142,polity_metadata,,,周,周代诸侯国,鍾吾國,,诸侯国/古国,,,-518,前518年,？－前518年,partial,,江蘇省宿遷市,,,,,,,吳國,周代诸侯国列表 - 维基百科,https://zh.wikipedia.org/wiki/%E5%91%A8%E4%BB%A3%E8%AB%B8%E4%BE%AF%E5%9C%8B%E5%88%97%E8%A1%A8,國名:鍾吾國; 今地:江蘇省宿遷市; 起迄年:？－前518年; 出處:,55,周代诸侯国列表条目本身标注需要补充来源；已保留原始出处字段供复核,BCE years are negative integers; there is no year 0; ranges are expanded inclusively when start and end years are parseable.,,,,,,,,,,,,,,,,,
143,polity_metadata,,,周,周代诸侯国,鍾離國,,诸侯国/古国,,,,,,,,安徽省鳳陽縣,,,嬴姓鍾離氏,,,,楚國,周代诸侯国列表 - 维基百科,https://zh.wikipedia.org/wiki/%E5%91%A8%E4%BB%A3%E8%AB%B8%E4%BE%AF%E5%9C%8B%E5%88%97%E8%A1%A8,國名:鍾離國; 今地:安徽省鳳陽縣; 起迄年:; 出處:,55,周代诸侯国列表条目本身标注需要补充来源；已保留原始出处字段供复核,BCE years are negative integers; there is no year 0; ranges are expanded inclusively when start and end years are parseable.,,,,,,,,,,,,,,,,,
144,polity_metadata,,,周,周代诸侯国,鐸辰,,诸侯国/古国,,,-593,前593年,？－前593年,partial,,,,,媿姓,,,,晉國,周代诸侯国列表 - 维基百科,https://zh.wikipedia.org/wiki/%E5%91%A8%E4%BB%A3%E8%AB%B8%E4%BE%AF%E5%9C%8B%E5%88%97%E8%A1%A8,國名:鐸辰; 今地:; 起迄年:？－前593年; 出處:,55,周代诸侯国列表条目本身标注需要补充来源；已保留原始出处字段供复核,BCE years are negative integers; there is no year 0; ranges are expanded inclusively when start and end years are parseable.,,,,,,,,,,,,,,,,,
145,polity_metadata,,,周,周代诸侯国,鑄國,,诸侯国/古国,,,,,,,,山東省肥城市、寧陽縣界之鑄鄉,,,祁姓,,,,齊國,周代诸侯国列表 - 维基百科,https://zh.wikipedia.org/wiki/%E5%91%A8%E4%BB%A3%E8%AB%B8%E4%BE%AF%E5%9C%8B%E5%88%97%E8%A1%A8,國名:鑄國; 今地:山東省肥城市、寧陽縣界之鑄鄉; 起迄年:; 出處:,55,周代诸侯国列表条目本身标注需要补充来源；已保留原始出处字段供复核,BCE years are negative integers; there is no year 0; ranges are expanded inclusively when start and end years are parseable.,,,,,,,,,,,,,,,,,
146,polity_metadata,,,周,周代诸侯国,長狄,,诸侯国/古国,,,,,,,,,,,漆姓,,,,晋国,周代诸侯国列表 - 维基百科,https://zh.wikipedia.org/wiki/%E5%91%A8%E4%BB%A3%E8%AB%B8%E4%BE%AF%E5%9C%8B%E5%88%97%E8%A1%A8,國名:長狄; 今地:; 起迄年:; 出處:,55,周代诸侯国列表条目本身标注需要补充来源；已保留原始出处字段供复核,BCE years are negative integers; there is no year 0; ranges are expanded inclusively when start and end years are parseable.,,,,,,,,,,,,,,,,,
147,polity_metadata,,,周,周代诸侯国,阚国,,诸侯国/古国,,,,,,,,山东省嘉祥县北,,,阚氏,,,,,周代诸侯国列表 - 维基百科,https://zh.wikipedia.org/wiki/%E5%91%A8%E4%BB%A3%E8%AB%B8%E4%BE%AF%E5%9C%8B%E5%88%97%E8%A1%A8,國名:阚国; 今地:山东省嘉祥县北; 起迄年:; 出處:,55,周代诸侯国列表条目本身标注需要补充来源；已保留原始出处字段供复核,BCE years are negative integers; there is no year 0; ranges are expanded inclusively when start and end years are parseable.,,,,,,,,,,,,,,,,,
148,polity_metadata,,,周,周代诸侯国,陰國,,诸侯国/古国,,,-532,前532年,？－前532年,partial,,湖北省老河口市,,,姬姓陰氏,,,,楚國,周代诸侯国列表 - 维基百科,https://zh.wikipedia.org/wiki/%E5%91%A8%E4%BB%A3%E8%AB%B8%E4%BE%AF%E5%9C%8B%E5%88%97%E8%A1%A8,國名:陰國; 今地:湖北省老河口市; 起迄年:？－前532年; 出處:,55,周代诸侯国列表条目本身标注需要补充来源；已保留原始出处字段供复核,BCE years are negative integers; there is no year 0; ranges are expanded inclusively when start and end years are parseable.,,,,,,,,,,,,,,,,,
149,polity_metadata,,,周,周代诸侯国,陸渾戎,,诸侯国/古国,,,-525,前525年,？－前525年,partial,,,,,,,,,晉國,周代诸侯国列表 - 维基百科,https://zh.wikipedia.org/wiki/%E5%91%A8%E4%BB%A3%E8%AB%B8%E4%BE%AF%E5%9C%8B%E5%88%97%E8%A1%A8,國名:陸渾戎; 今地:; 起迄年:？－前525年; 出處:,55,周代诸侯国列表条目本身标注需要补充来源；已保留原始出处字段供复核,BCE years are negative integers; there is no year 0; ranges are expanded inclusively when start and end years are parseable.,,,,,,,,,,,,,,,,,
150,polity_metadata,,,周,周代诸侯国,陽國,,诸侯国/古国,,,-660,前660年,？－前660年,partial,,山東省沂水縣,,,姬姓陽氏,,,,齊國,周代诸侯国列表 - 维基百科,https://zh.wikipedia.org/wiki/%E5%91%A8%E4%BB%A3%E8%AB%B8%E4%BE%AF%E5%9C%8B%E5%88%97%E8%A1%A8,國名:陽國; 今地:山東省沂水縣; 起迄年:？－前660年; 出處:,55,周代诸侯国列表条目本身标注需要补充来源；已保留原始出处字段供复核,BCE years are negative integers; there is no year 0; ranges are expanded inclusively when start and end years are parseable.,,,,,,,,,,,,,,,,,
151,polity_metadata,,,周,周代诸侯国,陽禺國,,诸侯国/古国,,,,,,,,廣東省清遠市,,,,,,,秦國？,周代诸侯国列表 - 维基百科,https://zh.wikipedia.org/wiki/%E5%91%A8%E4%BB%A3%E8%AB%B8%E4%BE%AF%E5%9C%8B%E5%88%97%E8%A1%A8,國名:陽禺國; 今地:廣東省清遠市; 起迄年:; 出處:,55,周代诸侯国列表条目本身标注需要补充来源；已保留原始出处字段供复核,BCE years are negative integers; there is no year 0; ranges are expanded inclusively when start and end years are parseable.,,,,,,,,,,,,,,,,,
152,polity_metadata,,,周,周代诸侯国,隨国,,诸侯国/古国,,,,,,,,湖北省隨州市,,,姬姓,,,,楚國,周代诸侯国列表 - 维基百科,https://zh.wikipedia.org/wiki/%E5%91%A8%E4%BB%A3%E8%AB%B8%E4%BE%AF%E5%9C%8B%E5%88%97%E8%A1%A8,國名:隨国; 今地:湖北省隨州市; 起迄年:; 出處:,55,周代诸侯国列表条目本身标注需要补充来源；已保留原始出处字段供复核,BCE years are negative integers; there is no year 0; ranges are expanded inclusively when start and end years are parseable.,,,,,,,,,,,,,,,,,
153,polity_metadata,,,周,周代诸侯国,雍國,,诸侯国/古国,,,-1046,前1046年,前1046年－？,partial,,河南省修武縣,,,姬姓雍氏,,,,晉國,周代诸侯国列表 - 维基百科,https://zh.wikipedia.org/wiki/%E5%91%A8%E4%BB%A3%E8%AB%B8%E4%BE%AF%E5%9C%8B%E5%88%97%E8%A1%A8,國名:雍國; 今地:河南省修武縣; 起迄年:前1046年－？; 出處:,55,周代诸侯国列表条目本身标注需要补充来源；已保留原始出处字段供复核,BCE years are negative integers; there is no year 0; ranges are expanded inclusively when start and end years are parseable.,,,,,,,,,,,,,,,,,
154,polity_metadata,,,周,周代诸侯国,霸國,,诸侯国/古国,,,,,,,,山西省临汾市翼城县,,,媿姓霸氏,,,,晉國,周代诸侯国列表 - 维基百科,https://zh.wikipedia.org/wiki/%E5%91%A8%E4%BB%A3%E8%AB%B8%E4%BE%AF%E5%9C%8B%E5%88%97%E8%A1%A8,國名:霸國; 今地:山西省临汾市翼城县; 起迄年:; 出處:,55,周代诸侯国列表条目本身标注需要补充来源；已保留原始出处字段供复核,BCE years are negative integers; there is no year 0; ranges are expanded inclusively when start and end years are parseable.,,,,,,,,,,,,,,,,,
155,polity_metadata,,,周,周代诸侯国,韋國,,诸侯国/古国,,,,,前11世纪－？,,,河南省滑县东南五十里的妹村一带，后迁至山东省成武县，又西迁于彭国（今江苏省徐州市）,,,姬姓韋氏,,,,,周代诸侯国列表 - 维基百科,https://zh.wikipedia.org/wiki/%E5%91%A8%E4%BB%A3%E8%AB%B8%E4%BE%AF%E5%9C%8B%E5%88%97%E8%A1%A8,國名:韋國; 今地:河南省滑县东南五十里的妹村一带，后迁至山东省成武县，又西迁于彭国（今江苏省徐州市）; 起迄年:前11世纪－？; 出處:,55,周代诸侯国列表条目本身标注需要补充来源；已保留原始出处字段供复核,BCE years are negative integers; there is no year 0; ranges are expanded inclusively when start and end years are parseable.,,,,,,,,,,,,,,,,,
156,polity_metadata,,,周,周代诸侯国,項國,,诸侯国/古国,,,-643,前643年,？－前643年,partial,,河南省項城市,,,姬姓項氏,,,,魯國,周代诸侯国列表 - 维基百科,https://zh.wikipedia.org/wiki/%E5%91%A8%E4%BB%A3%E8%AB%B8%E4%BE%AF%E5%9C%8B%E5%88%97%E8%A1%A8,國名:項國; 今地:河南省項城市; 起迄年:？－前643年; 出處:,55,周代诸侯国列表条目本身标注需要补充来源；已保留原始出处字段供复核,BCE years are negative integers; there is no year 0; ranges are expanded inclusively when start and end years are parseable.,,,,,,,,,,,,,,,,,
157,polity_metadata,,,周,周代诸侯国,須句國,,诸侯国/古国,,,-639,前639年,？－前639年,partial,,山東省東平縣西須句城,,,風姓,,,,邾國,周代诸侯国列表 - 维基百科,https://zh.wikipedia.org/wiki/%E5%91%A8%E4%BB%A3%E8%AB%B8%E4%BE%AF%E5%9C%8B%E5%88%97%E8%A1%A8,國名:須句國; 今地:山東省東平縣西須句城; 起迄年:？－前639年; 出處:,55,周代诸侯国列表条目本身标注需要补充来源；已保留原始出处字段供复核,BCE years are negative integers; there is no year 0; ranges are expanded inclusively when start and end years are parseable.,,,,,,,,,,,,,,,,,
158,polity_metadata,,,周,周代诸侯国,顓臾國,,诸侯国/古国,,,,,,,,山東省平邑縣,,,風姓,,,,秦國,周代诸侯国列表 - 维基百科,https://zh.wikipedia.org/wiki/%E5%91%A8%E4%BB%A3%E8%AB%B8%E4%BE%AF%E5%9C%8B%E5%88%97%E8%A1%A8,國名:顓臾國; 今地:山東省平邑縣; 起迄年:; 出處:,55,周代诸侯国列表条目本身标注需要补充来源；已保留原始出处字段供复核,BCE years are negative integers; there is no year 0; ranges are expanded inclusively when start and end years are parseable.,,,,,,,,,,,,,,,,,
159,polity_metadata,,,周,周代诸侯国,養國,,诸侯国/古国,,,-528,前528年,？－前528年,partial,,安徽省临泉县杨桥镇,,,嬴姓,,,,楚國,周代诸侯国列表 - 维基百科,https://zh.wikipedia.org/wiki/%E5%91%A8%E4%BB%A3%E8%AB%B8%E4%BE%AF%E5%9C%8B%E5%88%97%E8%A1%A8,國名:養國; 今地:安徽省临泉县杨桥镇; 起迄年:？－前528年; 出處:,55,周代诸侯国列表条目本身标注需要补充来源；已保留原始出处字段供复核,BCE years are negative integers; there is no year 0; ranges are expanded inclusively when start and end years are parseable.,,,,,,,,,,,,,,,,,
160,polity_metadata,,,周,周代诸侯国,驪戎,,诸侯国/古国,,,,,,,,,,,姬姓,,,,晉國,周代诸侯国列表 - 维基百科,https://zh.wikipedia.org/wiki/%E5%91%A8%E4%BB%A3%E8%AB%B8%E4%BE%AF%E5%9C%8B%E5%88%97%E8%A1%A8,國名:驪戎; 今地:; 起迄年:; 出處:,55,周代诸侯国列表条目本身标注需要补充来源；已保留原始出处字段供复核,BCE years are negative integers; there is no year 0; ranges are expanded inclusively when start and end years are parseable.,,,,,,,,,,,,,,,,,
161,polity_metadata,,,周,周代诸侯国,魷國,魷國（魚國）,诸侯国/古国,,,-612,前612年,？－前612年,partial,,鱼复（今重庆奉节白帝城）,,,儿姓,,,,楚國,周代诸侯国列表 - 维基百科,https://zh.wikipedia.org/wiki/%E5%91%A8%E4%BB%A3%E8%AB%B8%E4%BE%AF%E5%9C%8B%E5%88%97%E8%A1%A8,國名:魷國（魚國）; 今地:鱼复（今重庆奉节白帝城）; 起迄年:？－前612年; 出處:,55,周代诸侯国列表条目本身标注需要补充来源；已保留原始出处字段供复核,BCE years are negative integers; there is no year 0; ranges are expanded inclusively when start and end years are parseable.,,,,,,,,,,,,,,,,,
162,polity_metadata,,,周,周代诸侯国,鮮虞國,,诸侯国/古国,,,-506,前506年,？－前506年（重建為中山國）,partial,,,,,姬姓,,,,晉國,周代诸侯国列表 - 维基百科,https://zh.wikipedia.org/wiki/%E5%91%A8%E4%BB%A3%E8%AB%B8%E4%BE%AF%E5%9C%8B%E5%88%97%E8%A1%A8,國名:鮮虞國; 今地:; 起迄年:？－前506年（重建為中山國）; 出處:,55,周代诸侯国列表条目本身标注需要补充来源；已保留原始出处字段供复核,BCE years are negative integers; there is no year 0; ranges are expanded inclusively when start and end years are parseable.,,,,,,,,,,,,,,,,,
163,polity_metadata,,,周,周代诸侯国,麇国,,诸侯国/古国,,,-611,前611年,？－前611年,partial,,湖北省鄖縣,,,,,,,楚國,周代诸侯国列表 - 维基百科,https://zh.wikipedia.org/wiki/%E5%91%A8%E4%BB%A3%E8%AB%B8%E4%BE%AF%E5%9C%8B%E5%88%97%E8%A1%A8,國名:麇国; 今地:湖北省鄖縣; 起迄年:？－前611年; 出處:,55,周代诸侯国列表条目本身标注需要补充来源；已保留原始出处字段供复核,BCE years are negative integers; there is no year 0; ranges are expanded inclusively when start and end years are parseable.,,,,,,,,,,,,,,,,,
164,polity_metadata,,,周,周代诸侯国,黃國,,诸侯国/古国,,,-648,前648年,商代－前648年,partial,,河南省潢川縣,,,嬴姓黃氏,,,,楚國,周代诸侯国列表 - 维基百科,https://zh.wikipedia.org/wiki/%E5%91%A8%E4%BB%A3%E8%AB%B8%E4%BE%AF%E5%9C%8B%E5%88%97%E8%A1%A8,國名:黃國; 今地:河南省潢川縣; 起迄年:商代－前648年; 出處:,55,周代诸侯国列表条目本身标注需要补充来源；已保留原始出处字段供复核,BCE years are negative integers; there is no year 0; ranges are expanded inclusively when start and end years are parseable.,,,,,,,,,,,,,,,,,
165,polity_metadata,,,周,周代诸侯国,黄國,,诸侯国/古国,,,,,姬姓,,,山西汾河沿岸,,,,,,,晉國,周代诸侯国列表 - 维基百科,https://zh.wikipedia.org/wiki/%E5%91%A8%E4%BB%A3%E8%AB%B8%E4%BE%AF%E5%9C%8B%E5%88%97%E8%A1%A8,國名:黄國; 今地:山西汾河沿岸; 起迄年:姬姓; 出處:,55,周代诸侯国列表条目本身标注需要补充来源；已保留原始出处字段供复核,BCE years are negative integers; there is no year 0; ranges are expanded inclusively when start and end years are parseable.,,,,,,,,,,,,,,,,,
166,polity_metadata,,,周,周代诸侯国,黎國,,诸侯国/古国,,,-604,前604年,？－前604年,partial,,山西省黎城縣東北,,,祁姓黎氏,,,,潞氏,周代诸侯国列表 - 维基百科,https://zh.wikipedia.org/wiki/%E5%91%A8%E4%BB%A3%E8%AB%B8%E4%BE%AF%E5%9C%8B%E5%88%97%E8%A1%A8,國名:黎國; 今地:山西省黎城縣東北; 起迄年:？－前604年; 出處:,55,周代诸侯国列表条目本身标注需要补充来源；已保留原始出处字段供复核,BCE years are negative integers; there is no year 0; ranges are expanded inclusively when start and end years are parseable.,,,,,,,,,,,,,,,,,
167,polity_metadata,,,周,周代诸侯国,鼓國,,诸侯国/古国,,,-521,前521年,？－前521年,partial,,河北省晉州市西,,,姬姓,,,,晉國,周代诸侯国列表 - 维基百科,https://zh.wikipedia.org/wiki/%E5%91%A8%E4%BB%A3%E8%AB%B8%E4%BE%AF%E5%9C%8B%E5%88%97%E8%A1%A8,國名:鼓國; 今地:河北省晉州市西; 起迄年:？－前521年; 出處:,55,周代诸侯国列表条目本身标注需要补充来源；已保留原始出处字段供复核,BCE years are negative integers; there is no year 0; ranges are expanded inclusively when start and end years are parseable.,,,,,,,,,,,,,,,,,
