csv_line,row_id,year,macro_period,dynasty_name,polity_name,polity_start_year,polity_end_year,violation,ruler_name,row_granularity
4,3,-1046,周,周代诸侯国,北虢國沛縣,-767,-655,before_start,,year_polity
50,49,-1045,周,周代诸侯国,北虢國沛縣,-767,-655,before_start,,year_polity
92,91,-1044,周,周代诸侯国,北虢國沛縣,-767,-655,before_start,,year_polity
134,133,-1043,周,周代诸侯国,北虢國沛縣,-767,-655,before_start,,year_polity
176,175,-1042,周,周代诸侯国,北虢國沛縣,-767,-655,before_start,,year_polity
218,217,-1041,周,周代诸侯国,北虢國沛縣,-767,-655,before_start,,year_polity
261,260,-1040,周,周代诸侯国,北虢國沛縣,-767,-655,before_start,,year_polity
312,311,-1039,周,周代诸侯国,北虢國沛縣,-767,-655,before_start,,year_polity
361,360,-1038,周,周代诸侯国,北虢國沛縣,-767,-655,before_start,,year_polity
410,409,-1037,周,周代诸侯国,北虢國沛縣,-767,-655,before_start,,year_polity
459,458,-1036,周,周代诸侯国,北虢國沛縣,-767,-655,before_start,,year_polity
508,507,-1035,周,周代诸侯国,北虢國沛縣,-767,-655,before_start,,year_polity
557,556,-1034,周,周代诸侯国,北虢國沛縣,-767,-655,before_start,,year_polity
606,605,-1033,周,周代诸侯国,北虢國沛縣,-767,-655,before_start,,year_polity
656,655,-1032,周,周代诸侯国,北虢國沛縣,-767,-655,before_start,,year_polity
706,705,-1031,周,周代诸侯国,北虢國沛縣,-767,-655,before_start,,year_polity
756,755,-1030,周,周代诸侯国,北虢國沛縣,-767,-655,before_start,,year_polity
806,805,-1029,周,周代诸侯国,北虢國沛縣,-767,-655,before_start,,year_polity
856,855,-1028,周,周代诸侯国,北虢國沛縣,-767,-655,before_start,,year_polity
906,905,-1027,周,周代诸侯国,北虢國沛縣,-767,-655,before_start,,year_polity
956,955,-1026,周,周代诸侯国,北虢國沛縣,-767,-655,before_start,,year_polity
1006,1005,-1025,周,周代诸侯国,北虢國沛縣,-767,-655,before_start,,year_polity
1056,1055,-1024,周,周代诸侯国,北虢國沛縣,-767,-655,before_start,,year_polity
1106,1105,-1023,周,周代诸侯国,北虢國沛縣,-767,-655,before_start,,year_polity
1156,1155,-1022,周,周代诸侯国,北虢國沛縣,-767,-655,before_start,,year_polity
1205,1204,-1021,周,周代诸侯国,北虢國沛縣,-767,-655,before_start,,year_polity
1254,1253,-1020,周,周代诸侯国,北虢國沛縣,-767,-655,before_start,,year_polity
1303,1302,-1019,周,周代诸侯国,北虢國沛縣,-767,-655,before_start,,year_polity
1352,1351,-1018,周,周代诸侯国,北虢國沛縣,-767,-655,before_start,,year_polity
1401,1400,-1017,周,周代诸侯国,北虢國沛縣,-767,-655,before_start,,year_polity
1450,1449,-1016,周,周代诸侯国,北虢國沛縣,-767,-655,before_start,,year_polity
1499,1498,-1015,周,周代诸侯国,北虢國沛縣,-767,-655,before_start,,year_polity
1548,1547,-1014,周,周代诸侯国,北虢國沛縣,-767,-655,before_start,,year_polity
1597,1596,-1013,周,周代诸侯国,北虢國沛縣,-767,-655,before_start,,year_polity
1646,1645,-1012,周,周代诸侯国,北虢國沛縣,-767,-655,before_start,,year_polity
1695,1694,-1011,周,周代诸侯国,北虢國沛縣,-767,-655,before_start,,year_polity
1744,1743,-1010,周,周代诸侯国,北虢國沛縣,-767,-655,before_start,,year_polity
1793,1792,-1009,周,周代诸侯国,北虢國沛縣,-767,-655,before_start,,year_polity
1842,1841,-1008,周,周代诸侯国,北虢國沛縣,-767,-655,before_start,,year_polity
1891,1890,-1007,周,周代诸侯国,北虢國沛縣,-767,-655,before_start,,year_polity
1940,1939,-1006,周,周代诸侯国,北虢國沛縣,-767,-655,before_start,,year_polity
1989,1988,-1005,周,周代诸侯国,北虢國沛縣,-767,-655,before_start,,year_polity
2038,2037,-1004,周,周代诸侯国,北虢國沛縣,-767,-655,before_start,,year_polity
2087,2086,-1003,周,周代诸侯国,北虢國沛縣,-767,-655,before_start,,year_polity
2136,2135,-1002,周,周代诸侯国,北虢國沛縣,-767,-655,before_start,,year_polity
2185,2184,-1001,周,周代诸侯国,北虢國沛縣,-767,-655,before_start,,year_polity
2234,2233,-1000,周,周代诸侯国,北虢國沛縣,-767,-655,before_start,,year_polity
2283,2282,-999,周,周代诸侯国,北虢國沛縣,-767,-655,before_start,,year_polity
2332,2331,-998,周,周代诸侯国,北虢國沛縣,-767,-655,before_start,,year_polity
2381,2380,-997,周,周代诸侯国,北虢國沛縣,-767,-655,before_start,,year_polity
2430,2429,-996,周,周代诸侯国,北虢國沛縣,-767,-655,before_start,,year_polity
2479,2478,-995,周,周代诸侯国,北虢國沛縣,-767,-655,before_start,,year_polity
2528,2527,-994,周,周代诸侯国,北虢國沛縣,-767,-655,before_start,,year_polity
2577,2576,-993,周,周代诸侯国,北虢國沛縣,-767,-655,before_start,,year_polity
2626,2625,-992,周,周代诸侯国,北虢國沛縣,-767,-655,before_start,,year_polity
2675,2674,-991,周,周代诸侯国,北虢國沛縣,-767,-655,before_start,,year_polity
2724,2723,-990,周,周代诸侯国,北虢國沛縣,-767,-655,before_start,,year_polity
2773,2772,-989,周,周代诸侯国,北虢國沛縣,-767,-655,before_start,,year_polity
2822,2821,-988,周,周代诸侯国,北虢國沛縣,-767,-655,before_start,,year_polity
2871,2870,-987,周,周代诸侯国,北虢國沛縣,-767,-655,before_start,,year_polity
2920,2919,-986,周,周代诸侯国,北虢國沛縣,-767,-655,before_start,,year_polity
2969,2968,-985,周,周代诸侯国,北虢國沛縣,-767,-655,before_start,,year_polity
3018,3017,-984,周,周代诸侯国,北虢國沛縣,-767,-655,before_start,,year_polity
3067,3066,-983,周,周代诸侯国,北虢國沛縣,-767,-655,before_start,,year_polity
3116,3115,-982,周,周代诸侯国,北虢國沛縣,-767,-655,before_start,,year_polity
3165,3164,-981,周,周代诸侯国,北虢國沛縣,-767,-655,before_start,,year_polity
3214,3213,-980,周,周代诸侯国,北虢國沛縣,-767,-655,before_start,,year_polity
3263,3262,-979,周,周代诸侯国,北虢國沛縣,-767,-655,before_start,,year_polity
3312,3311,-978,周,周代诸侯国,北虢國沛縣,-767,-655,before_start,,year_polity
3361,3360,-977,周,周代诸侯国,北虢國沛縣,-767,-655,before_start,,year_polity
3410,3409,-976,周,周代诸侯国,北虢國沛縣,-767,-655,before_start,,year_polity
3459,3458,-975,周,周代诸侯国,北虢國沛縣,-767,-655,before_start,,year_polity
3508,3507,-974,周,周代诸侯国,北虢國沛縣,-767,-655,before_start,,year_polity
3557,3556,-973,周,周代诸侯国,北虢國沛縣,-767,-655,before_start,,year_polity
3606,3605,-972,周,周代诸侯国,北虢國沛縣,-767,-655,before_start,,year_polity
3655,3654,-971,周,周代诸侯国,北虢國沛縣,-767,-655,before_start,,year_polity
3704,3703,-970,周,周代诸侯国,北虢國沛縣,-767,-655,before_start,,year_polity
3753,3752,-969,周,周代诸侯国,北虢國沛縣,-767,-655,before_start,,year_polity
3802,3801,-968,周,周代诸侯国,北虢國沛縣,-767,-655,before_start,,year_polity
3851,3850,-967,周,周代诸侯国,北虢國沛縣,-767,-655,before_start,,year_polity
3900,3899,-966,周,周代诸侯国,北虢國沛縣,-767,-655,before_start,,year_polity
3949,3948,-965,周,周代诸侯国,北虢國沛縣,-767,-655,before_start,,year_polity
3998,3997,-964,周,周代诸侯国,北虢國沛縣,-767,-655,before_start,,year_polity
4047,4046,-963,周,周代诸侯国,北虢國沛縣,-767,-655,before_start,,year_polity
4096,4095,-962,周,周代诸侯国,北虢國沛縣,-767,-655,before_start,,year_polity
4145,4144,-961,周,周代诸侯国,北虢國沛縣,-767,-655,before_start,,year_polity
4194,4193,-960,周,周代诸侯国,北虢國沛縣,-767,-655,before_start,,year_polity
4243,4242,-959,周,周代诸侯国,北虢國沛縣,-767,-655,before_start,,year_polity
4292,4291,-958,周,周代诸侯国,北虢國沛縣,-767,-655,before_start,,year_polity
4341,4340,-957,周,周代诸侯国,北虢國沛縣,-767,-655,before_start,,year_polity
4390,4389,-956,周,周代诸侯国,北虢國沛縣,-767,-655,before_start,,year_polity
4439,4438,-955,周,周代诸侯国,北虢國沛縣,-767,-655,before_start,,year_polity
4488,4487,-954,周,周代诸侯国,北虢國沛縣,-767,-655,before_start,,year_polity
4537,4536,-953,周,周代诸侯国,北虢國沛縣,-767,-655,before_start,,year_polity
4586,4585,-952,周,周代诸侯国,北虢國沛縣,-767,-655,before_start,,year_polity
4635,4634,-951,周,周代诸侯国,北虢國沛縣,-767,-655,before_start,,year_polity
4684,4683,-950,周,周代诸侯国,北虢國沛縣,-767,-655,before_start,,year_polity
4733,4732,-949,周,周代诸侯国,北虢國沛縣,-767,-655,before_start,,year_polity
4782,4781,-948,周,周代诸侯国,北虢國沛縣,-767,-655,before_start,,year_polity
4831,4830,-947,周,周代诸侯国,北虢國沛縣,-767,-655,before_start,,year_polity
4880,4879,-946,周,周代诸侯国,北虢國沛縣,-767,-655,before_start,,year_polity
4929,4928,-945,周,周代诸侯国,北虢國沛縣,-767,-655,before_start,,year_polity
4978,4977,-944,周,周代诸侯国,北虢國沛縣,-767,-655,before_start,,year_polity
5027,5026,-943,周,周代诸侯国,北虢國沛縣,-767,-655,before_start,,year_polity
5076,5075,-942,周,周代诸侯国,北虢國沛縣,-767,-655,before_start,,year_polity
5125,5124,-941,周,周代诸侯国,北虢國沛縣,-767,-655,before_start,,year_polity
5174,5173,-940,周,周代诸侯国,北虢國沛縣,-767,-655,before_start,,year_polity
5223,5222,-939,周,周代诸侯国,北虢國沛縣,-767,-655,before_start,,year_polity
5272,5271,-938,周,周代诸侯国,北虢國沛縣,-767,-655,before_start,,year_polity
5321,5320,-937,周,周代诸侯国,北虢國沛縣,-767,-655,before_start,,year_polity
5370,5369,-936,周,周代诸侯国,北虢國沛縣,-767,-655,before_start,,year_polity
5419,5418,-935,周,周代诸侯国,北虢國沛縣,-767,-655,before_start,,year_polity
5468,5467,-934,周,周代诸侯国,北虢國沛縣,-767,-655,before_start,,year_polity
5517,5516,-933,周,周代诸侯国,北虢國沛縣,-767,-655,before_start,,year_polity
5566,5565,-932,周,周代诸侯国,北虢國沛縣,-767,-655,before_start,,year_polity
5615,5614,-931,周,周代诸侯国,北虢國沛縣,-767,-655,before_start,,year_polity
5664,5663,-930,周,周代诸侯国,北虢國沛縣,-767,-655,before_start,,year_polity
5713,5712,-929,周,周代诸侯国,北虢國沛縣,-767,-655,before_start,,year_polity
5762,5761,-928,周,周代诸侯国,北虢國沛縣,-767,-655,before_start,,year_polity
5811,5810,-927,周,周代诸侯国,北虢國沛縣,-767,-655,before_start,,year_polity
5860,5859,-926,周,周代诸侯国,北虢國沛縣,-767,-655,before_start,,year_polity
5909,5908,-925,周,周代诸侯国,北虢國沛縣,-767,-655,before_start,,year_polity
5958,5957,-924,周,周代诸侯国,北虢國沛縣,-767,-655,before_start,,year_polity
6007,6006,-923,周,周代诸侯国,北虢國沛縣,-767,-655,before_start,,year_polity
6056,6055,-922,周,周代诸侯国,北虢國沛縣,-767,-655,before_start,,year_polity
6106,6105,-921,周,周代诸侯国,北虢國沛縣,-767,-655,before_start,,year_polity
6155,6154,-920,周,周代诸侯国,北虢國沛縣,-767,-655,before_start,,year_polity
6204,6203,-919,周,周代诸侯国,北虢國沛縣,-767,-655,before_start,,year_polity
6253,6252,-918,周,周代诸侯国,北虢國沛縣,-767,-655,before_start,,year_polity
6302,6301,-917,周,周代诸侯国,北虢國沛縣,-767,-655,before_start,,year_polity
6351,6350,-916,周,周代诸侯国,北虢國沛縣,-767,-655,before_start,,year_polity
6400,6399,-915,周,周代诸侯国,北虢國沛縣,-767,-655,before_start,,year_polity
6449,6448,-914,周,周代诸侯国,北虢國沛縣,-767,-655,before_start,,year_polity
6498,6497,-913,周,周代诸侯国,北虢國沛縣,-767,-655,before_start,,year_polity
6547,6546,-912,周,周代诸侯国,北虢國沛縣,-767,-655,before_start,,year_polity
6596,6595,-911,周,周代诸侯国,北虢國沛縣,-767,-655,before_start,,year_polity
6645,6644,-910,周,周代诸侯国,北虢國沛縣,-767,-655,before_start,,year_polity
6694,6693,-909,周,周代诸侯国,北虢國沛縣,-767,-655,before_start,,year_polity
6743,6742,-908,周,周代诸侯国,北虢國沛縣,-767,-655,before_start,,year_polity
6792,6791,-907,周,周代诸侯国,北虢國沛縣,-767,-655,before_start,,year_polity
6841,6840,-906,周,周代诸侯国,北虢國沛縣,-767,-655,before_start,,year_polity
6890,6889,-905,周,周代诸侯国,北虢國沛縣,-767,-655,before_start,,year_polity
6939,6938,-904,周,周代诸侯国,北虢國沛縣,-767,-655,before_start,,year_polity
6988,6987,-903,周,周代诸侯国,北虢國沛縣,-767,-655,before_start,,year_polity
7037,7036,-902,周,周代诸侯国,北虢國沛縣,-767,-655,before_start,,year_polity
7086,7085,-901,周,周代诸侯国,北虢國沛縣,-767,-655,before_start,,year_polity
7135,7134,-900,周,周代诸侯国,北虢國沛縣,-767,-655,before_start,,year_polity
7185,7184,-899,周,周代诸侯国,北虢國沛縣,-767,-655,before_start,,year_polity
7235,7234,-898,周,周代诸侯国,北虢國沛縣,-767,-655,before_start,,year_polity
7285,7284,-897,周,周代诸侯国,北虢國沛縣,-767,-655,before_start,,year_polity
7335,7334,-896,周,周代诸侯国,北虢國沛縣,-767,-655,before_start,,year_polity
7385,7384,-895,周,周代诸侯国,北虢國沛縣,-767,-655,before_start,,year_polity
7435,7434,-894,周,周代诸侯国,北虢國沛縣,-767,-655,before_start,,year_polity
7485,7484,-893,周,周代诸侯国,北虢國沛縣,-767,-655,before_start,,year_polity
7535,7534,-892,周,周代诸侯国,北虢國沛縣,-767,-655,before_start,,year_polity
7585,7584,-891,周,周代诸侯国,北虢國沛縣,-767,-655,before_start,,year_polity
7635,7634,-890,周,周代诸侯国,北虢國沛縣,-767,-655,before_start,,year_polity
7685,7684,-889,周,周代诸侯国,北虢國沛縣,-767,-655,before_start,,year_polity
7735,7734,-888,周,周代诸侯国,北虢國沛縣,-767,-655,before_start,,year_polity
7785,7784,-887,周,周代诸侯国,北虢國沛縣,-767,-655,before_start,,year_polity
7835,7834,-886,周,周代诸侯国,北虢國沛縣,-767,-655,before_start,,year_polity
7885,7884,-885,周,周代诸侯国,北虢國沛縣,-767,-655,before_start,,year_polity
7935,7934,-884,周,周代诸侯国,北虢國沛縣,-767,-655,before_start,,year_polity
7985,7984,-883,周,周代诸侯国,北虢國沛縣,-767,-655,before_start,,year_polity
8035,8034,-882,周,周代诸侯国,北虢國沛縣,-767,-655,before_start,,year_polity
8085,8084,-881,周,周代诸侯国,北虢國沛縣,-767,-655,before_start,,year_polity
8135,8134,-880,周,周代诸侯国,北虢國沛縣,-767,-655,before_start,,year_polity
8185,8184,-879,周,周代诸侯国,北虢國沛縣,-767,-655,before_start,,year_polity
8235,8234,-878,周,周代诸侯国,北虢國沛縣,-767,-655,before_start,,year_polity
8285,8284,-877,周,周代诸侯国,北虢國沛縣,-767,-655,before_start,,year_polity
8335,8334,-876,周,周代诸侯国,北虢國沛縣,-767,-655,before_start,,year_polity
8385,8384,-875,周,周代诸侯国,北虢國沛縣,-767,-655,before_start,,year_polity
8435,8434,-874,周,周代诸侯国,北虢國沛縣,-767,-655,before_start,,year_polity
8485,8484,-873,周,周代诸侯国,北虢國沛縣,-767,-655,before_start,,year_polity
8535,8534,-872,周,周代诸侯国,北虢國沛縣,-767,-655,before_start,,year_polity
8585,8584,-871,周,周代诸侯国,北虢國沛縣,-767,-655,before_start,,year_polity
8635,8634,-870,周,周代诸侯国,北虢國沛縣,-767,-655,before_start,,year_polity
8685,8684,-869,周,周代诸侯国,北虢國沛縣,-767,-655,before_start,,year_polity
8735,8734,-868,周,周代诸侯国,北虢國沛縣,-767,-655,before_start,,year_polity
8785,8784,-867,周,周代诸侯国,北虢國沛縣,-767,-655,before_start,,year_polity
8835,8834,-866,周,周代诸侯国,北虢國沛縣,-767,-655,before_start,,year_polity
8885,8884,-865,周,周代诸侯国,北虢國沛縣,-767,-655,before_start,,year_polity
8935,8934,-864,周,周代诸侯国,北虢國沛縣,-767,-655,before_start,,year_polity
8985,8984,-863,周,周代诸侯国,北虢國沛縣,-767,-655,before_start,,year_polity
9035,9034,-862,周,周代诸侯国,北虢國沛縣,-767,-655,before_start,,year_polity
9085,9084,-861,周,周代诸侯国,北虢國沛縣,-767,-655,before_start,,year_polity
9135,9134,-860,周,周代诸侯国,北虢國沛縣,-767,-655,before_start,,year_polity
9185,9184,-859,周,周代诸侯国,北虢國沛縣,-767,-655,before_start,,year_polity
9235,9234,-858,周,周代诸侯国,北虢國沛縣,-767,-655,before_start,,year_polity
9285,9284,-857,周,周代诸侯国,北虢國沛縣,-767,-655,before_start,,year_polity
9335,9334,-856,周,周代诸侯国,北虢國沛縣,-767,-655,before_start,,year_polity
9385,9384,-855,周,周代诸侯国,北虢國沛縣,-767,-655,before_start,,year_polity
9435,9434,-854,周,周代诸侯国,北虢國沛縣,-767,-655,before_start,,year_polity
9485,9484,-853,周,周代诸侯国,北虢國沛縣,-767,-655,before_start,,year_polity
9535,9534,-852,周,周代诸侯国,北虢國沛縣,-767,-655,before_start,,year_polity
9585,9584,-851,周,周代诸侯国,北虢國沛縣,-767,-655,before_start,,year_polity
9635,9634,-850,周,周代诸侯国,北虢國沛縣,-767,-655,before_start,,year_polity
9685,9684,-849,周,周代诸侯国,北虢國沛縣,-767,-655,before_start,,year_polity
9735,9734,-848,周,周代诸侯国,北虢國沛縣,-767,-655,before_start,,year_polity
9785,9784,-847,周,周代诸侯国,北虢國沛縣,-767,-655,before_start,,year_polity
9835,9834,-846,周,周代诸侯国,北虢國沛縣,-767,-655,before_start,,year_polity
9885,9884,-845,周,周代诸侯国,北虢國沛縣,-767,-655,before_start,,year_polity
9935,9934,-844,周,周代诸侯国,北虢國沛縣,-767,-655,before_start,,year_polity
9985,9984,-843,周,周代诸侯国,北虢國沛縣,-767,-655,before_start,,year_polity
10035,10034,-842,周,周代诸侯国,北虢國沛縣,-767,-655,before_start,,year_polity
10085,10084,-841,周,周代诸侯国,北虢國沛縣,-767,-655,before_start,,year_polity
10137,10136,-840,周,周代诸侯国,北虢國沛縣,-767,-655,before_start,,year_polity
10188,10187,-839,周,周代诸侯国,北虢國沛縣,-767,-655,before_start,,year_polity
10239,10238,-838,周,周代诸侯国,北虢國沛縣,-767,-655,before_start,,year_polity
10290,10289,-837,周,周代诸侯国,北虢國沛縣,-767,-655,before_start,,year_polity
10342,10341,-836,周,周代诸侯国,北虢國沛縣,-767,-655,before_start,,year_polity
10393,10392,-835,周,周代诸侯国,北虢國沛縣,-767,-655,before_start,,year_polity
10445,10444,-834,周,周代诸侯国,北虢國沛縣,-767,-655,before_start,,year_polity
10496,10495,-833,周,周代诸侯国,北虢國沛縣,-767,-655,before_start,,year_polity
10547,10546,-832,周,周代诸侯国,北虢國沛縣,-767,-655,before_start,,year_polity
10598,10597,-831,周,周代诸侯国,北虢國沛縣,-767,-655,before_start,,year_polity
10649,10648,-830,周,周代诸侯国,北虢國沛縣,-767,-655,before_start,,year_polity
10700,10699,-829,周,周代诸侯国,北虢國沛縣,-767,-655,before_start,,year_polity
10751,10750,-828,周,周代诸侯国,北虢國沛縣,-767,-655,before_start,,year_polity
10802,10801,-827,周,周代诸侯国,北虢國沛縣,-767,-655,before_start,,year_polity
10854,10853,-826,周,周代诸侯国,北虢國沛縣,-767,-655,before_start,,year_polity
10906,10905,-825,周,周代诸侯国,北虢國沛縣,-767,-655,before_start,,year_polity
10957,10956,-824,周,周代诸侯国,北虢國沛縣,-767,-655,before_start,,year_polity
11008,11007,-823,周,周代诸侯国,北虢國沛縣,-767,-655,before_start,,year_polity
11059,11058,-822,周,周代诸侯国,北虢國沛縣,-767,-655,before_start,,year_polity
11110,11109,-821,周,周代诸侯国,北虢國沛縣,-767,-655,before_start,,year_polity
11162,11161,-820,周,周代诸侯国,北虢國沛縣,-767,-655,before_start,,year_polity
11214,11213,-819,周,周代诸侯国,北虢國沛縣,-767,-655,before_start,,year_polity
11266,11265,-818,周,周代诸侯国,北虢國沛縣,-767,-655,before_start,,year_polity
11318,11317,-817,周,周代诸侯国,北虢國沛縣,-767,-655,before_start,,year_polity
11370,11369,-816,周,周代诸侯国,北虢國沛縣,-767,-655,before_start,,year_polity
11422,11421,-815,周,周代诸侯国,北虢國沛縣,-767,-655,before_start,,year_polity
11474,11473,-814,周,周代诸侯国,北虢國沛縣,-767,-655,before_start,,year_polity
11526,11525,-813,周,周代诸侯国,北虢國沛縣,-767,-655,before_start,,year_polity
11578,11577,-812,周,周代诸侯国,北虢國沛縣,-767,-655,before_start,,year_polity
11630,11629,-811,周,周代诸侯国,北虢國沛縣,-767,-655,before_start,,year_polity
11682,11681,-810,周,周代诸侯国,北虢國沛縣,-767,-655,before_start,,year_polity
11734,11733,-809,周,周代诸侯国,北虢國沛縣,-767,-655,before_start,,year_polity
11787,11786,-808,周,周代诸侯国,北虢國沛縣,-767,-655,before_start,,year_polity
11839,11838,-807,周,周代诸侯国,北虢國沛縣,-767,-655,before_start,,year_polity
11891,11890,-806,周,周代诸侯国,北虢國沛縣,-767,-655,before_start,,year_polity
11944,11943,-805,周,周代诸侯国,北虢國沛縣,-767,-655,before_start,,year_polity
11997,11996,-804,周,周代诸侯国,北虢國沛縣,-767,-655,before_start,,year_polity
12050,12049,-803,周,周代诸侯国,北虢國沛縣,-767,-655,before_start,,year_polity
12103,12102,-802,周,周代诸侯国,北虢國沛縣,-767,-655,before_start,,year_polity
12156,12155,-801,周,周代诸侯国,北虢國沛縣,-767,-655,before_start,,year_polity
12209,12208,-800,周,周代诸侯国,北虢國沛縣,-767,-655,before_start,,year_polity
12262,12261,-799,周,周代诸侯国,北虢國沛縣,-767,-655,before_start,,year_polity
12315,12314,-798,周,周代诸侯国,北虢國沛縣,-767,-655,before_start,,year_polity
12368,12367,-797,周,周代诸侯国,北虢國沛縣,-767,-655,before_start,,year_polity
12421,12420,-796,周,周代诸侯国,北虢國沛縣,-767,-655,before_start,,year_polity
12475,12474,-795,周,周代诸侯国,北虢國沛縣,-767,-655,before_start,,year_polity
12528,12527,-794,周,周代诸侯国,北虢國沛縣,-767,-655,before_start,,year_polity
12581,12580,-793,周,周代诸侯国,北虢國沛縣,-767,-655,before_start,,year_polity
12634,12633,-792,周,周代诸侯国,北虢國沛縣,-767,-655,before_start,,year_polity
12687,12686,-791,周,周代诸侯国,北虢國沛縣,-767,-655,before_start,,year_polity
12740,12739,-790,周,周代诸侯国,北虢國沛縣,-767,-655,before_start,,year_polity
12793,12792,-789,周,周代诸侯国,北虢國沛縣,-767,-655,before_start,,year_polity
12846,12845,-788,周,周代诸侯国,北虢國沛縣,-767,-655,before_start,,year_polity
12899,12898,-787,周,周代诸侯国,北虢國沛縣,-767,-655,before_start,,year_polity
12952,12951,-786,周,周代诸侯国,北虢國沛縣,-767,-655,before_start,,year_polity
13005,13004,-785,周,周代诸侯国,北虢國沛縣,-767,-655,before_start,,year_polity
13058,13057,-784,周,周代诸侯国,北虢國沛縣,-767,-655,before_start,,year_polity
13111,13110,-783,周,周代诸侯国,北虢國沛縣,-767,-655,before_start,,year_polity
13164,13163,-782,周,周代诸侯国,北虢國沛縣,-767,-655,before_start,,year_polity
13217,13216,-781,周,周代诸侯国,北虢國沛縣,-767,-655,before_start,,year_polity
13270,13269,-780,周,周代诸侯国,北虢國沛縣,-767,-655,before_start,,year_polity
13323,13322,-779,周,周代诸侯国,北虢國沛縣,-767,-655,before_start,,year_polity
13376,13375,-778,周,周代诸侯国,北虢國沛縣,-767,-655,before_start,,year_polity
13429,13428,-777,周,周代诸侯国,北虢國沛縣,-767,-655,before_start,,year_polity
13482,13481,-776,周,周代诸侯国,北虢國沛縣,-767,-655,before_start,,year_polity
13535,13534,-775,周,周代诸侯国,北虢國沛縣,-767,-655,before_start,,year_polity
13588,13587,-774,周,周代诸侯国,北虢國沛縣,-767,-655,before_start,,year_polity
13640,13639,-773,周,周代诸侯国,北虢國沛縣,-767,-655,before_start,,year_polity
13692,13691,-772,周,周代诸侯国,北虢國沛縣,-767,-655,before_start,,year_polity
13744,13743,-771,周,周代诸侯国,北虢國沛縣,-767,-655,before_start,,year_polity
13796,13795,-770,周,周代诸侯国,北虢國沛縣,-767,-655,before_start,,year_polity
13850,13849,-769,周,周代诸侯国,北虢國沛縣,-767,-655,before_start,,year_polity
13904,13903,-768,周,周代诸侯国,北虢國沛縣,-767,-655,before_start,,year_polity
18131,18130,-687,周,周代诸侯国,呂國,-688,-688,after_end,,year_polity
18184,18183,-686,周,周代诸侯国,呂國,-688,-688,after_end,,year_polity
18237,18236,-685,周,周代诸侯国,呂國,-688,-688,after_end,,year_polity
18290,18289,-684,周,周代诸侯国,呂國,-688,-688,after_end,,year_polity
18343,18342,-683,周,周代诸侯国,呂國,-688,-688,after_end,,year_polity
18394,18393,-682,周,周代诸侯国,呂國,-688,-688,after_end,,year_polity
18445,18444,-681,周,周代诸侯国,呂國,-688,-688,after_end,,year_polity
18496,18495,-680,周,周代诸侯国,呂國,-688,-688,after_end,,year_polity
20637,20636,-634,周,周代诸侯国,原國,-1046,-635,after_end,,year_polity
20678,20677,-633,周,周代诸侯国,原國,-1046,-635,after_end,,year_polity
20719,20718,-632,周,周代诸侯国,原國,-1046,-635,after_end,,year_polity
20760,20759,-631,周,周代诸侯国,原國,-1046,-635,after_end,,year_polity
20801,20800,-630,周,周代诸侯国,原國,-1046,-635,after_end,,year_polity
20842,20841,-629,周,周代诸侯国,原國,-1046,-635,after_end,,year_polity
20883,20882,-628,周,周代诸侯国,原國,-1046,-635,after_end,,year_polity
20924,20923,-627,周,周代诸侯国,原國,-1046,-635,after_end,,year_polity
20965,20964,-626,周,周代诸侯国,原國,-1046,-635,after_end,,year_polity
21006,21005,-625,周,周代诸侯国,原國,-1046,-635,after_end,,year_polity
21047,21046,-624,周,周代诸侯国,原國,-1046,-635,after_end,,year_polity
21088,21087,-623,周,周代诸侯国,原國,-1046,-635,after_end,,year_polity
21129,21128,-622,周,周代诸侯国,原國,-1046,-635,after_end,,year_polity
21168,21167,-621,周,周代诸侯国,原國,-1046,-635,after_end,,year_polity
21207,21206,-620,周,周代诸侯国,原國,-1046,-635,after_end,,year_polity
21246,21245,-619,周,周代诸侯国,原國,-1046,-635,after_end,,year_polity
21285,21284,-618,周,周代诸侯国,原國,-1046,-635,after_end,,year_polity
21325,21324,-617,周,周代诸侯国,原國,-1046,-635,after_end,,year_polity
21364,21363,-616,周,周代诸侯国,原國,-1046,-635,after_end,,year_polity
21402,21401,-615,周,周代诸侯国,原國,-1046,-635,after_end,,year_polity
21440,21439,-614,周,周代诸侯国,原國,-1046,-635,after_end,,year_polity
21478,21477,-613,周,周代诸侯国,原國,-1046,-635,after_end,,year_polity
21516,21515,-612,周,周代诸侯国,原國,-1046,-635,after_end,,year_polity
21554,21553,-611,周,周代诸侯国,原國,-1046,-635,after_end,,year_polity
21592,21591,-610,周,周代诸侯国,原國,-1046,-635,after_end,,year_polity
21630,21629,-609,周,周代诸侯国,原國,-1046,-635,after_end,,year_polity
21668,21667,-608,周,周代诸侯国,原國,-1046,-635,after_end,,year_polity
21706,21705,-607,周,周代诸侯国,原國,-1046,-635,after_end,,year_polity
21744,21743,-606,周,周代诸侯国,原國,-1046,-635,after_end,,year_polity
21782,21781,-605,周,周代诸侯国,原國,-1046,-635,after_end,,year_polity
21820,21819,-604,周,周代诸侯国,原國,-1046,-635,after_end,,year_polity
21859,21858,-603,周,周代诸侯国,原國,-1046,-635,after_end,,year_polity
21898,21897,-602,周,周代诸侯国,原國,-1046,-635,after_end,,year_polity
21937,21936,-601,周,周代诸侯国,原國,-1046,-635,after_end,,year_polity
21976,21975,-600,周,周代诸侯国,原國,-1046,-635,after_end,,year_polity
22014,22013,-599,周,周代诸侯国,原國,-1046,-635,after_end,,year_polity
22051,22050,-598,周,周代诸侯国,原國,-1046,-635,after_end,,year_polity
22088,22087,-597,周,周代诸侯国,原國,-1046,-635,after_end,,year_polity
22125,22124,-596,周,周代诸侯国,原國,-1046,-635,after_end,,year_polity
22162,22161,-595,周,周代诸侯国,原國,-1046,-635,after_end,,year_polity
22200,22199,-594,周,周代诸侯国,原國,-1046,-635,after_end,,year_polity
22237,22236,-593,周,周代诸侯国,原國,-1046,-635,after_end,,year_polity
22273,22272,-592,周,周代诸侯国,原國,-1046,-635,after_end,,year_polity
22309,22308,-591,周,周代诸侯国,原國,-1046,-635,after_end,,year_polity
22345,22344,-590,周,周代诸侯国,原國,-1046,-635,after_end,,year_polity
22381,22380,-589,周,周代诸侯国,原國,-1046,-635,after_end,,year_polity
22417,22416,-588,周,周代诸侯国,原國,-1046,-635,after_end,,year_polity
22453,22452,-587,周,周代诸侯国,原國,-1046,-635,after_end,,year_polity
22489,22488,-586,周,周代诸侯国,原國,-1046,-635,after_end,,year_polity
22525,22524,-585,周,周代诸侯国,原國,-1046,-635,after_end,,year_polity
22561,22560,-584,周,周代诸侯国,原國,-1046,-635,after_end,,year_polity
22597,22596,-583,周,周代诸侯国,原國,-1046,-635,after_end,,year_polity
22633,22632,-582,周,周代诸侯国,原國,-1046,-635,after_end,,year_polity
22669,22668,-581,周,周代诸侯国,原國,-1046,-635,after_end,,year_polity
22705,22704,-580,周,周代诸侯国,原國,-1046,-635,after_end,,year_polity
22741,22740,-579,周,周代诸侯国,原國,-1046,-635,after_end,,year_polity
22777,22776,-578,周,周代诸侯国,原國,-1046,-635,after_end,,year_polity
22814,22813,-577,周,周代诸侯国,原國,-1046,-635,after_end,,year_polity
22850,22849,-576,周,周代诸侯国,原國,-1046,-635,after_end,,year_polity
22886,22885,-575,周,周代诸侯国,原國,-1046,-635,after_end,,year_polity
22922,22921,-574,周,周代诸侯国,原國,-1046,-635,after_end,,year_polity
22958,22957,-573,周,周代诸侯国,原國,-1046,-635,after_end,,year_polity
22993,22992,-572,周,周代诸侯国,原國,-1046,-635,after_end,,year_polity
23028,23027,-571,周,周代诸侯国,原國,-1046,-635,after_end,,year_polity
23063,23062,-570,周,周代诸侯国,原國,-1046,-635,after_end,,year_polity
23098,23097,-569,周,周代诸侯国,原國,-1046,-635,after_end,,year_polity
23133,23132,-568,周,周代诸侯国,原國,-1046,-635,after_end,,year_polity
23168,23167,-567,周,周代诸侯国,原國,-1046,-635,after_end,,year_polity
23203,23202,-566,周,周代诸侯国,原國,-1046,-635,after_end,,year_polity
23238,23237,-565,周,周代诸侯国,原國,-1046,-635,after_end,,year_polity
23273,23272,-564,周,周代诸侯国,原國,-1046,-635,after_end,,year_polity
23308,23307,-563,周,周代诸侯国,原國,-1046,-635,after_end,,year_polity
24762,24761,-520,周,周代诸侯国,濫國,-643,-521,after_end,,year_polity
24795,24794,-519,周,周代诸侯国,濫國,-643,-521,after_end,,year_polity
24828,24827,-518,周,周代诸侯国,濫國,-643,-521,after_end,,year_polity
24861,24860,-517,周,周代诸侯国,濫國,-643,-521,after_end,,year_polity
24894,24893,-516,周,周代诸侯国,濫國,-643,-521,after_end,,year_polity
24928,24927,-515,周,周代诸侯国,濫國,-643,-521,after_end,,year_polity
24960,24959,-514,周,周代诸侯国,濫國,-643,-521,after_end,,year_polity
24992,24991,-513,周,周代诸侯国,濫國,-643,-521,after_end,,year_polity
25023,25022,-512,周,周代诸侯国,濫國,-643,-521,after_end,,year_polity
25054,25053,-511,周,周代诸侯国,濫國,-643,-521,after_end,,year_polity
25086,25085,-510,周,周代诸侯国,濫國,-643,-521,after_end,,year_polity
28249,28248,-375,周,周代诸侯国,晉國,-1033,-376,after_end,颀,year_polity_ruler
28271,28270,-374,周,周代诸侯国,晉國,-1033,-376,after_end,颀,year_polity_ruler
28293,28292,-373,周,周代诸侯国,晉國,-1033,-376,after_end,颀,year_polity_ruler
28314,28313,-372,周,周代诸侯国,晉國,-1033,-376,after_end,颀,year_polity_ruler
28335,28334,-371,周,周代诸侯国,晉國,-1033,-376,after_end,颀,year_polity_ruler
28356,28355,-370,周,周代诸侯国,晉國,-1033,-376,after_end,颀,year_polity_ruler
28377,28376,-369,周,周代诸侯国,晉國,-1033,-376,after_end,颀,year_polity_ruler
28398,28397,-368,周,周代诸侯国,晉國,-1033,-376,after_end,颀,year_polity_ruler
28420,28419,-367,周,周代诸侯国,晉國,-1033,-376,after_end,颀,year_polity_ruler
28443,28442,-366,周,周代诸侯国,晉國,-1033,-376,after_end,颀,year_polity_ruler
28466,28465,-365,周,周代诸侯国,晉國,-1033,-376,after_end,颀,year_polity_ruler
28489,28488,-364,周,周代诸侯国,晉國,-1033,-376,after_end,颀,year_polity_ruler
28512,28511,-363,周,周代诸侯国,晉國,-1033,-376,after_end,颀,year_polity_ruler
28535,28534,-362,周,周代诸侯国,晉國,-1033,-376,after_end,颀,year_polity_ruler
28558,28557,-361,周,周代诸侯国,晉國,-1033,-376,after_end,颀,year_polity_ruler
28581,28580,-360,周,周代诸侯国,晉國,-1033,-376,after_end,颀,year_polity_ruler
28604,28603,-359,周,周代诸侯国,晉國,-1033,-376,after_end,颀,year_polity_ruler
28627,28626,-358,周,周代诸侯国,晉國,-1033,-376,after_end,颀,year_polity_ruler
28650,28649,-357,周,周代诸侯国,晉國,-1033,-376,after_end,颀,year_polity_ruler
28673,28672,-356,周,周代诸侯国,晉國,-1033,-376,after_end,俱酒,year_polity_ruler
28696,28695,-355,周,周代诸侯国,晉國,-1033,-376,after_end,俱酒,year_polity_ruler
28719,28718,-354,周,周代诸侯国,晉國,-1033,-376,after_end,俱酒,year_polity_ruler
28742,28741,-353,周,周代诸侯国,晉國,-1033,-376,after_end,俱酒,year_polity_ruler
28765,28764,-352,周,周代诸侯国,晉國,-1033,-376,after_end,俱酒,year_polity_ruler
28788,28787,-351,周,周代诸侯国,晉國,-1033,-376,after_end,俱酒,year_polity_ruler
28811,28810,-350,周,周代诸侯国,晉國,-1033,-376,after_end,俱酒,year_polity_ruler
28834,28833,-349,周,周代诸侯国,晉國,-1033,-376,after_end,俱酒,year_polity_ruler
29185,29184,-334,周,周代诸侯国,郳國,-653,-335,after_end,,year_polity
29208,29207,-333,周,周代诸侯国,郳國,-653,-335,after_end,,year_polity
29231,29230,-332,周,周代诸侯国,郳國,-653,-335,after_end,,year_polity
29254,29253,-331,周,周代诸侯国,郳國,-653,-335,after_end,,year_polity
29277,29276,-330,周,周代诸侯国,郳國,-653,-335,after_end,,year_polity
29300,29299,-329,周,周代诸侯国,郳國,-653,-335,after_end,,year_polity
29323,29322,-328,周,周代诸侯国,郳國,-653,-335,after_end,,year_polity
29346,29345,-327,周,周代诸侯国,郳國,-653,-335,after_end,,year_polity
29369,29368,-326,周,周代诸侯国,郳國,-653,-335,after_end,,year_polity
29392,29391,-325,周,周代诸侯国,郳國,-653,-335,after_end,,year_polity
31011,31010,-221,周,周代诸侯国,燕國,-1046,-222,after_end,,year_polity_unmatched_ruler
31333,31332,9,秦汉,西漢,西漢,-202,8,after_end,,year_polity_unmatched_ruler
31722,31721,266,三国,三国,曹魏,220,265,after_end,,year_polity_unmatched_ruler
32116,32115,340,魏晋南北朝,五胡十六国外政权,段部,310,339,after_end,,year_polity
32126,32125,341,魏晋南北朝,五胡十六国外政权,段部,310,339,after_end,,year_polity
32137,32136,342,魏晋南北朝,五胡十六国外政权,段部,310,339,after_end,,year_polity
32148,32147,343,魏晋南北朝,五胡十六国外政权,段部,310,339,after_end,,year_polity
32159,32158,344,魏晋南北朝,五胡十六国外政权,段部,310,339,after_end,,year_polity
32168,32167,345,魏晋南北朝,五胡十六国外政权,段部,310,339,after_end,,year_polity
32178,32177,346,魏晋南北朝,五胡十六国外政权,段部,310,339,after_end,,year_polity
32187,32186,347,魏晋南北朝,五胡十六国外政权,段部,310,339,after_end,,year_polity
32195,32194,348,魏晋南北朝,五胡十六国外政权,段部,310,339,after_end,,year_polity
32204,32203,349,魏晋南北朝,五胡十六国外政权,段部,310,339,after_end,,year_polity
32214,32213,350,魏晋南北朝,五胡十六国外政权,段部,310,339,after_end,,year_polity
32224,32223,351,魏晋南北朝,五胡十六国外政权,段部,310,339,after_end,,year_polity
32233,32232,352,魏晋南北朝,五胡十六国外政权,段部,310,339,after_end,,year_polity
32242,32241,353,魏晋南北朝,五胡十六国外政权,段部,310,339,after_end,,year_polity
32250,32249,354,魏晋南北朝,五胡十六国外政权,段部,310,339,after_end,,year_polity
32260,32259,355,魏晋南北朝,五胡十六国外政权,段部,310,339,after_end,,year_polity
32268,32267,356,魏晋南北朝,五胡十六国外政权,段部,310,339,after_end,,year_polity
32277,32276,357,魏晋南北朝,五胡十六国外政权,段部,310,339,after_end,,year_polity
32702,32701,405,魏晋南北朝,五胡十六国外政权,桓楚,403,404,after_end,,year_polity_unmatched_ruler
32742,32741,408,魏晋南北朝,五胡十六国,後燕,384,407,after_end,,year_polity_unmatched_ruler
32759,32758,409,魏晋南北朝,五胡十六国,後燕,384,407,after_end,,year_polity_unmatched_ruler
33764,33763,535,魏晋南北朝,五胡十六国,北魏,386,534,after_end,,year_polity
34198,34197,619,魏晋南北朝,隋朝,隋朝,581,618,after_end,,year_polity_unmatched_ruler
34550,34549,903,五代十国,十国,前蜀,907,925,before_start,,year_polity
34555,34554,904,五代十国,十国,前蜀,907,925,before_start,,year_polity
34562,34561,905,五代十国,十国,前蜀,907,925,before_start,,year_polity
34568,34567,906,五代十国,十国,前蜀,907,925,before_start,,year_polity
35087,35086,937,五代十国,五代,后唐,923,936,after_end,,year_polity
35092,35091,937,五代十国,五代十国,後唐,923,936,after_end,李從珂 （史称末帝）,year_polity_ruler
35717,35716,976,五代十国,五代十国,南唐,937,975,after_end,,year_polity_unmatched_ruler
