record_id,batch,release_item,base_name,status,boundary_violation_rows,matched_polity_names,contexts,row_count,year_min,year_max,start_values,end_values,source_note,source_titles,source_raw_sample
1,v1.0.0-batch17_18 (Final Batch),北汉,北汉,PASS_DATA_PRESENT,0,北汉 | 北漢,五代十国/五代十国 | 五代十国/十国,91,951,979,951,979,,《宋史·世家》,979年宋太宗赵光义亲征攻克太原，北汉主刘继元投降，北汉亡 || 979年降宋
2,v1.0.0-batch17_18 (Final Batch),后周(二次核对),后周,PASS_DATA_PRESENT,0,后周 | 後周,五代十国/五代 | 五代十国/五代十国,56,951,960,951,960,,《旧五代史·周书》/《宋史》,960年赵匡胤陈桥兵变建立宋朝，后周灭亡
3,v1.0.0-batch17_18 (Final Batch),武平军,武平军,PASS_DATA_PRESENT,0,武平军,五代十国/五代十国,4,951,953,951,963,,《宋史》/《新五代史》,951年刘言等割据湖南(原马楚地)，963年周保权降宋，武平军节度使割据终结
4,v1.0.0-batch17_18 (Final Batch),北汉(异体),北汉,PASS_DATA_PRESENT,0,北汉 | 北漢,五代十国/五代十国 | 五代十国/十国,91,951,979,951,979,,《宋史·世家》,979年宋太宗赵光义亲征攻克太原，北汉主刘继元投降，北汉亡 || 979年降宋
5,v1.0.0-batch17_18 (Final Batch),北宋,北宋,PASS_DATA_PRESENT,0,北宋,宋辽金夏/宋辽金夏,176,960,1127,960,1127,,《宋史·钦宗纪》,1127年靖康之变，金军攻破开封俘虏徽钦二帝，北宋灭亡
6,v1.0.0-batch17_18 (Final Batch),西夏,西夏,PASS_DATA_PRESENT,0,西夏,宋辽金夏/宋辽金夏,192,1038,1227,1038,1227,,《西夏书事》/《元史》,1227年夏末帝李睍投降蒙古，随后被杀，西夏灭亡
7,v1.0.0-batch17_18 (Final Batch),金朝,金朝,PASS_DATA_PRESENT,0,金朝,宋辽金夏/宋辽金夏,128,1115,1234,1115,1234,,《金史·哀宗本纪》,1234年蒙宋联军攻破蔡州，金哀宗自缢，金末帝战死，金朝亡
8,v1.0.0-batch17_18 (Final Batch),西辽,西辽,PASS_DATA_PRESENT,0,西遼,宋辽金夏/宋辽金夏,190,1124,1218,1124,1218,,《辽史》/《元史》,1218年哲别率领蒙古大军攻灭西辽（屈出律被杀）
9,v1.0.0-batch17_18 (Final Batch),南宋,南宋,PASS_DATA_PRESENT,0,南宋,宋辽金夏/宋辽金夏,161,1127,1279,1127,1279,,《宋史·二王本纪》,1279年崖山海战，陆秀夫负帝昺投海殉国，南宋彻底灭亡
10,v1.0.0-batch17_18 (Final Batch),元朝,元朝,PASS_DATA_PRESENT,0,元朝,元明清/元明清,108,1271,1368,1271,1368,,《元史》/《明史》,1368年明军将领徐达攻陷大都，元顺帝北逃，作为中原大一统王朝的元朝结束
11,v1.0.0-batch17_18 (Final Batch),北元,北元,PASS_DATA_PRESENT,0,北元,元明清/元明清,21,1368,1388,1368,1388,,《明史》/蒙古史料,1388年捕鱼儿海之战后，元天元帝脱古思帖木儿遇弑，“大元”国号废除
12,v1.0.0-batch17_18 (Final Batch),明朝,明朝,PASS_DATA_PRESENT,0,明朝,元明清/元明清,293,1368,1644,1368,1644,,《明史·庄烈帝本纪》,1644年李自成农民军攻入北京，崇祯帝煤山自缢，明朝全国性政权覆亡
13,v1.0.0-batch17_18 (Final Batch),后金,后金,PASS_DATA_PRESENT,0,後金,元明清/元明清,44,1616,1636,1616,1636,,《清史稿·太宗本纪》,1616年努尔哈赤建国号金，1636年皇太极改国号为大清
14,v1.0.0-batch17_18 (Final Batch),清朝,清朝,PASS_DATA_PRESENT,0,清朝,元明清/元明清,286,1636,1912,1636,1912,,《清史稿》/《宣统帝退位诏书》,1912年2月12日隆裕太后颁布《宣统帝退位诏书》，清朝灭亡
15,v1.0.0-batch17_18 (Final Batch),南明,南明,PASS_DATA_PRESENT,0,南明,元明清/元明清,19,1644,1662,1644,1662,,《明史》附录/南明史,1644年弘光帝在南京称帝，1662年永历帝在云南被吴三桂绞杀，南明政权终结
16,v1.0.0-batch15_16,后梁,后梁,PASS_DATA_PRESENT,0,后梁 | 後梁,五代十国/五代 | 五代十国/五代十国,89,907,923,907,923,,《旧五代史·梁书》,923年后唐李存勖攻入汴州，后梁亡 || 923年后唐李存勖攻入汴州，后梁灭亡
17,v1.0.0-batch15_16,马楚,马楚,PASS_DATA_PRESENT,0,馬楚,五代十国/五代十国 | 五代十国/十国,188,907,951,907,951,,《新五代史·楚世家》,951年南唐乘内乱灭楚
18,v1.0.0-batch15_16,闽,闽,PASS_DATA_PRESENT,0,閩,五代十国/五代十国 | 五代十国/十国,129,909,945,909,945,,《新五代史·闽世家》,945年被南唐所灭
19,v1.0.0-batch15_16,桀燕,桀燕,PASS_DATA_PRESENT,0,桀燕,五代十国/五代十国,3,911,913,911,913,,《旧五代史·刘守光传》,913年晋王李存勖攻陷幽州，刘守光被俘杀
20,v1.0.0-batch15_16,辽朝,辽朝,PASS_DATA_PRESENT,0,遼朝,宋辽金夏/宋辽金夏,218,916,1125,916,1125,,《辽史·天祚皇帝本纪》,1125年天祚帝被金军俘虏，辽朝彻底灭亡
21,v1.0.0-batch15_16,南汉,南汉,PASS_DATA_PRESENT,0,南汉 | 南漢,五代十国/五代十国 | 五代十国/十国,113,917,971,917,971,,《宋史·世家》,971年北宋灭南汉 || 971年宋将潘美攻破广州，南汉后主降宋
22,v1.0.0-batch15_16,南汉(异体),南汉,PASS_DATA_PRESENT,0,南汉 | 南漢,五代十国/五代十国 | 五代十国/十国,113,917,971,917,971,,《宋史·世家》,971年北宋灭南汉 || 971年宋将潘美攻破广州，南汉后主降宋
23,v1.0.0-batch15_16,后唐,后唐,FAIL_BOUNDARY_VIOLATION,3,后唐 | 後唐,五代十国/五代 | 五代十国/五代十国,85,923,937,923,936,,《旧五代史·唐书》,936年石敬瑭借契丹兵引兵入洛阳，后唐废帝自焚，后唐亡 || 936年石敬瑭灭后唐
24,v1.0.0-batch15_16,後唐(异体),後唐,FAIL_BOUNDARY_VIOLATION,3,后唐 | 後唐,五代十国/五代 | 五代十国/五代十国,85,923,937,923,936,,《旧五代史·唐书》,936年石敬瑭借契丹兵引兵入洛阳，后唐废帝自焚，后唐亡 || 936年石敬瑭灭后唐
25,v1.0.0-batch15_16,荆南,荆南,PASS_DATA_PRESENT,0,荆南 | 荊南,五代十国/五代十国 | 五代十国/十国,92,924,963,924,963,,《宋史·世家》,963年归宋 || 963年高继冲纳土归宋
26,v1.0.0-batch15_16,荆南(异体),荆南,PASS_DATA_PRESENT,0,荆南 | 荊南,五代十国/五代十国 | 五代十国/十国,92,924,963,924,963,,《宋史·世家》,963年归宋 || 963年高继冲纳土归宋
27,v1.0.0-batch15_16,后蜀,后蜀,PASS_DATA_PRESENT,0,後蜀,五代十国/五代十国 | 五代十国/十国,192,934,965,934,965,,《宋史·世家》,965年宋军攻破成都，孟昶降宋，后蜀亡
28,v1.0.0-batch15_16,后晋,后晋,PASS_DATA_PRESENT,0,后晋 | 後晉,五代十国/五代 | 五代十国/五代十国,62,936,947,936,947,,《旧五代史·晋书》,947年契丹军攻入汴州，后晋出帝降，后晋亡 || 947年契丹灭后晋
29,v1.0.0-batch15_16,後晉(异体),後晉,PASS_DATA_PRESENT,0,后晋 | 後晉,五代十国/五代 | 五代十国/五代十国,62,936,947,936,947,,《旧五代史·晋书》,947年契丹军攻入汴州，后晋出帝降，后晋亡 || 947年契丹灭后晋
30,v1.0.0-batch15_16,南唐,南唐,FAIL_BOUNDARY_VIOLATION,1,南唐,五代十国/五代十国 | 五代十国/十国,84,937,976,937,975,,《宋史·世家》,975年宋军攻破金陵，李煜出降，南唐亡
31,v1.0.0-batch15_16,中天八国王,中天八国王,PASS_DATA_PRESENT,0,中天八國王,五代十国/五代十国,2,942,943,942,943,,《十国春秋》/地方志,942年张遇贤起义建立，次年兵败身亡
32,v1.0.0-batch15_16,福州/威武军,福州/威武军,PASS_DATA_PRESENT,0,福州/威武军,五代十国/五代十国,3,945,947,945,978,,《宋史》/《新五代史》,945年闽国亡后李氏割据福州，后归入吴越，最终随吴越纳土归宋(978年)
33,v1.0.0-batch15_16,后汉,后汉,PASS_DATA_PRESENT,0,後漢,五代十国/五代 | 五代十国/五代十国,50,947,951,947,951,,《旧五代史·汉书》,951年郭威代汉建周
34,v1.0.0-batch15_16,清源军/平海军,清源军/平海军,PASS_DATA_PRESENT,0,清源军/平海军,五代十国/五代十国,15,949,962,949,978,,《宋史·世家》,949年留从效割据泉漳建清源军，978年陈洪进纳土归宋
35,v1.0.0-batch15_16,后周,后周,PASS_DATA_PRESENT,0,后周 | 後周,五代十国/五代 | 五代十国/五代十国,56,951,960,951,960,,《旧五代史·周书》/《宋史》,960年赵匡胤陈桥兵变建立宋朝，后周灭亡
36,v1.0.0-batch13_14,梁朝,梁朝,PASS_DATA_PRESENT,0,梁朝,魏晋南北朝/南北朝,61,502,557,502,557,,《梁书》/《陈书》,557年梁敬帝禅位于陈霸先，梁朝(南梁)灭亡
37,v1.0.0-batch13_14,高车,高车,PASS_DATA_PRESENT,0,高车,魏晋南北朝/五胡十六国外政权,8,516,522,487,541,,《魏书·高车传》,约487年阿伏至罗建立高车国，541年左右被柔然所灭
38,v1.0.0-batch13_14,东魏,东魏,PASS_DATA_PRESENT,0,東魏,魏晋南北朝/南北朝,68,534,550,534,550,,《魏书》/《北齐书》,550年东魏孝静帝禅位于高洋，东魏灭亡
39,v1.0.0-batch13_14,西魏,西魏,PASS_DATA_PRESENT,0,西魏,魏晋南北朝/南北朝,48,535,557,535,557,,《周书》/《北史》,557年西魏恭帝禅位于宇文觉，西魏灭亡
40,v1.0.0-batch13_14,北齐,北齐,PASS_DATA_PRESENT,0,北齊,魏晋南北朝/南北朝,256,550,577,550,577,,《北齐书》/《周书》,577年被北周(周武帝)所灭
41,v1.0.0-batch13_14,汉(侯景),汉,PASS_DATA_PRESENT,0,漢,魏晋南北朝/南北朝,2,551,552,551,552,,《梁书·侯景传》,551年侯景篡位称帝建国号汉，552年被王僧辩、陈霸先击败身死
42,v1.0.0-batch13_14,西梁,西梁,PASS_DATA_PRESENT,0,西梁,魏晋南北朝/南北朝,35,555,587,555,587,,《隋书》,587年隋文帝废除西梁政权
43,v1.0.0-batch13_14,北周,北周,PASS_DATA_PRESENT,0,北周,魏晋南北朝/南北朝,55,557,581,557,581,,《周书》/《隋书》,581年北周静帝禅位于杨坚，北周灭亡
44,v1.0.0-batch13_14,陈,陈,PASS_DATA_PRESENT,0,陳,魏晋南北朝/南北朝,72,557,589,557,589,,《陈书》/《隋书》,589年隋军攻破建康，陈后主投降，南朝陈灭亡
45,v1.0.0-batch13_14,陈朝,陈朝,PASS_DATA_PRESENT,0,陳朝,魏晋南北朝/南北朝,37,557,589,557,589,,《陈书》/《隋书》,589年隋军攻破建康，南朝陈灭亡
46,v1.0.0-batch13_14,隋朝,隋朝,FAIL_BOUNDARY_VIOLATION,1,隋朝,魏晋南北朝/隋朝,41,581,619,581,618,,《隋书·炀帝纪》,618年江都之变隋炀帝遇弑，隋朝事实灭亡（次年王世充废皇泰主）
47,v1.0.0-batch13_14,唐朝,唐朝,PASS_DATA_PRESENT,0,唐朝,隋唐/唐朝,332,618,907,618,907,,《旧唐书》/《新唐书》,907年唐哀帝禅位于朱温，唐朝灭亡
48,v1.0.0-batch13_14,武周,武周,PASS_DATA_PRESENT,0,武周,隋唐/武周,16,690,705,690,705,,《旧唐书·则天皇后本纪》,690年武则天称帝建周，705年神龙政变唐中宗复辟
49,v1.0.0-batch13_14,卢龙军,卢龙军,PASS_DATA_PRESENT,0,卢龙军,五代十国/五代十国,12,897,907,897,913,,《旧五代史·刘守光传》,刘仁恭、刘守光割据(后建桀燕)，913年被晋王李存勖所灭
50,v1.0.0-batch13_14,岐,岐,PASS_DATA_PRESENT,0,岐,五代十国/五代十国,24,901,924,901,924,,《新五代史·李茂贞传》,924年李茂贞向后唐称臣，岐国政权终结
51,v1.0.0-batch13_14,杨吴,杨吴,PASS_DATA_PRESENT,0,楊吳,五代十国/五代十国 | 五代十国/十国,140,902,937,902 | 907,937,,《新五代史·吴世家》,937年吴主杨溥禅位于李昪，南唐建立，杨吴灭亡
52,v1.0.0-batch13_14,前蜀,前蜀,FAIL_BOUNDARY_VIOLATION,4,前蜀,五代十国/五代十国 | 五代十国/十国,43,903,925,907,925,,《新五代史·前蜀世家》,907年王建称帝，925年被后唐(庄宗)所灭
53,v1.0.0-batch13_14,静海军,静海军,PASS_DATA_PRESENT,0,靜海軍,五代十国/五代十国,4,905,907,905,938,,《大越史记全书》,905年曲氏建立半独立政权，至938年吴权击败南汉建立吴朝为止
54,v1.0.0-batch13_14,后梁,后梁,PASS_DATA_PRESENT,0,后梁 | 後梁,五代十国/五代 | 五代十国/五代十国,89,907,923,907,923,,《旧五代史·梁书》,923年后唐李存勖攻入汴州，后梁亡 || 923年后唐李存勖攻入汴州，后梁灭亡
55,v1.0.0-batch13_14,吴越,吴越,PASS_DATA_PRESENT,0,吳越,五代十国/五代十国 | 五代十国/十国,224,907,978,907,978,,《宋史·吴越世家》,978年钱俶纳土归宋，吴越国灭亡
56,v1.0.0-batch11_12,北魏,北魏,FAIL_BOUNDARY_VIOLATION,1,北魏,魏晋南北朝/五胡十六国 | 魏晋南北朝/南北朝,470,386,535,386,534,,《魏书》/《北史》,534年孝武帝西奔长安，北魏正式分裂为东魏与西魏
57,v1.0.0-batch11_12,后凉,后凉,PASS_DATA_PRESENT,0,後涼,魏晋南北朝/五胡十六国,80,386,403,386,403,,《晋书·吕光等载记》,403年吕隆降于后秦，后凉灭亡
58,v1.0.0-batch11_12,翟魏,翟魏,PASS_DATA_PRESENT,0,翟魏,魏晋南北朝/五胡十六国外政权,6,388,392,388,392,,《晋书》/《资治通鉴》,392年被后燕慕容垂所灭
59,v1.0.0-batch11_12,北凉,北凉,PASS_DATA_PRESENT,0,北涼,魏晋南北朝/五胡十六国,184,397,439,397,439,,《魏书》/《晋书》,439年被北魏太武帝拓跋焘所灭
60,v1.0.0-batch11_12,南凉,南凉,PASS_DATA_PRESENT,0,南涼,魏晋南北朝/五胡十六国,88,397,414,397,414,,《晋书·秃发乌孤等载记》,414年被西秦乞伏炽磐所灭
61,v1.0.0-batch11_12,南燕,南燕,PASS_DATA_PRESENT,0,南燕,魏晋南北朝/五胡十六国,15,398,410,398,410,,《晋书·慕容德等载记》,410年被东晋(刘裕北伐)所灭
62,v1.0.0-batch11_12,西凉,西凉,PASS_DATA_PRESENT,0,西涼,魏晋南北朝/五胡十六国,96,400,421,400,421,,《晋书·李玄盛等载记》,421年被北凉沮渠蒙逊所灭
63,v1.0.0-batch11_12,柔然,柔然,PASS_DATA_PRESENT,0,柔然,魏晋南北朝/五胡十六国外政权,10,402,410,402,555,,《魏书》/《北史》,555年被突厥彻底消灭
64,v1.0.0-batch11_12,桓楚,桓楚,FAIL_BOUNDARY_VIOLATION,1,桓楚,魏晋南北朝/五胡十六国外政权,5,403,405,403,404,,《晋书·桓玄传》,403年桓玄篡晋建楚，404年败亡
65,v1.0.0-batch11_12,谯蜀,谯蜀,PASS_DATA_PRESENT,0,譙蜀,魏晋南北朝/五胡十六国外政权,18,405,413,405,413,,《晋书·谯纵传》,413年被东晋朱龄石平定
66,v1.0.0-batch11_12,北燕,北燕,PASS_DATA_PRESENT,0,北燕,魏晋南北朝/五胡十六国,32,407,436,407,436,,《晋书·冯跋等载记》,436年被北魏所灭
67,v1.0.0-batch11_12,胡夏,胡夏,PASS_DATA_PRESENT,0,胡夏,魏晋南北朝/五胡十六国,27,407,431,407,431,,《晋书·赫连勃勃载记》,431年赫连定被吐谷浑俘获送交北魏，胡夏灭亡
68,v1.0.0-batch11_12,刘宋,刘宋,PASS_DATA_PRESENT,0,劉宋,魏晋南北朝/五胡十六国 | 魏晋南北朝/南北朝,254,420,479,420,479,,《宋书》/《南史》,479年宋顺帝禅位于萧道成，刘宋灭亡
69,v1.0.0-batch11_12,宋,宋,PASS_DATA_PRESENT,0,宋,魏晋南北朝/南北朝,3,420,422,420,479,,《宋书》/《南史》,479年宋顺帝禅位于萧道成，刘宋灭亡
70,v1.0.0-batch11_12,邓至,邓至,PASS_DATA_PRESENT,0,邓至 | 鄧至,魏晋南北朝/五胡十六国外政权,133,430,554,430 | 502,554,,《魏书》/《周书》,554年被西魏(北周代魏前夕)所灭 || 554年被西魏所灭
71,v1.0.0-batch11_12,宕昌,宕昌,PASS_DATA_PRESENT,0,宕昌,魏晋南北朝/五胡十六国外政权,74,478,550,478,564,,《周书》,564年被北周大将田弘讨灭
72,v1.0.0-batch11_12,南齐,南齐,PASS_DATA_PRESENT,0,南齊,魏晋南北朝/南北朝,60,479,502,479,502,,《南齐书》/《梁书》,502年齐和帝禅位于萧衍，南齐灭亡
73,v1.0.0-batch11_12,齐,齐,PASS_DATA_PRESENT,0,齐,魏晋南北朝/南北朝,5,479,482,479,502,,《南齐书》/《梁书》,502年齐和帝禅位于萧衍，南齐灭亡
74,v1.0.0-batch11_12,邓至(异体),邓至,PASS_DATA_PRESENT,0,邓至 | 鄧至,魏晋南北朝/五胡十六国外政权,133,430,554,430 | 502,554,,《魏书》/《周书》,554年被西魏(北周代魏前夕)所灭 || 554年被西魏所灭
75,v1.0.0-batch11_12,梁,梁,PASS_DATA_PRESENT,0,梁,魏晋南北朝/南北朝,51,502,549,502,557,,《梁书》/《陈书》,557年梁敬帝禅位于陈霸先，南梁灭亡
76,v1.0.0-batch9_10,西晋,西晋,PASS_DATA_PRESENT,0,西晉,两晋/五胡十六国 | 两晋/西晉,116,266,316,266 | 306,316,,《晋书·愍帝纪》,316年长安陷落，晋愍帝出降汉赵（前赵），西晋亡
77,v1.0.0-batch9_10,前仇池,前仇池,PASS_DATA_PRESENT,0,前仇池,魏晋南北朝/五胡十六国外政权,76,296,371,296,371,,《晋书》/《十六国春秋》,371年被前秦苻坚所灭
78,v1.0.0-batch9_10,宇文部,宇文部,PASS_DATA_PRESENT,0,宇文部,魏晋南北朝/五胡十六国外政权,43,302,344,302,344,,《晋书·慕容皝载记》,344年被前燕击破，部众散亡被吞并
79,v1.0.0-batch9_10,段部鲜卑,段部鲜卑,PASS_DATA_PRESENT,0,段部鮮卑,魏晋南北朝/五胡十六国外政权,18,303,310,303,339,,《晋书·段匹磾等传》,339年被前燕与后赵联军夹击而亡(其后割据余部于359年彻底覆灭)
80,v1.0.0-batch9_10,成汉,成汉,PASS_DATA_PRESENT,0,成漢,魏晋南北朝/五胡十六国,92,304,347,304,347,,《晋书·李雄等载记》,347年东晋桓温西征灭蜀(成汉)
81,v1.0.0-batch9_10,汉赵,汉赵,PASS_DATA_PRESENT,0,漢趙,魏晋南北朝/五胡十六国,29,304,329,304,329,,《晋书·刘曜载记》,329年后赵石勒击败擒获刘曜，汉赵灭亡
82,v1.0.0-batch9_10,段部,段部,FAIL_BOUNDARY_VIOLATION,18,段部,魏晋南北朝/五胡十六国外政权,48,310,357,310,339,,《晋书》,339年被前燕与后赵联军夹击而亡
83,v1.0.0-batch9_10,前凉,前凉,PASS_DATA_PRESENT,0,前涼,魏晋南北朝/五胡十六国,280,314,376,314,376,,《晋书·张轨等传》,376年被前秦苻坚所灭
84,v1.0.0-batch9_10,代国,代国,PASS_DATA_PRESENT,0,代國,魏晋南北朝/五胡十六国外政权,142,315,376,315,376,,《魏书·序纪》,376年被前秦苻坚所灭（后于386年复国改称魏）
85,v1.0.0-batch9_10,东晋,东晋,PASS_DATA_PRESENT,0,東晉,两晋/東晉,228,317,420,317,420,,《晋书·恭帝纪》,420年晋恭帝禅让于刘裕，东晋灭亡
86,v1.0.0-batch9_10,后赵,后赵,PASS_DATA_PRESENT,0,後趙,魏晋南北朝/五胡十六国,148,319,351,319,351,,《晋书·石勒等载记》,351年石祗被杀，后赵灭亡
87,v1.0.0-batch9_10,丁零,丁零,PASS_DATA_PRESENT,0,丁零,魏晋南北朝/五胡十六国外政权,56,330,384,330,392,,《晋书》/《资治通鉴》,指代丁零翟氏(翟魏)，392年被后燕慕容垂所灭
88,v1.0.0-batch9_10,前燕,前燕,PASS_DATA_PRESENT,0,前燕,魏晋南北朝/五胡十六国,35,337,370,337,370,,《晋书·慕容皝等载记》,370年被前秦(王猛)所灭
89,v1.0.0-batch9_10,冉魏,冉魏,PASS_DATA_PRESENT,0,冉魏,魏晋南北朝/五胡十六国外政权,3,350,352,350,352,,《晋书·石季龙载记》附《冉闵传》,352年冉闵兵败被擒，后邺城陷落，冉魏灭亡
90,v1.0.0-batch9_10,前秦,前秦,PASS_DATA_PRESENT,0,前秦,魏晋南北朝/五胡十六国,48,351,394,351,394,,《晋书·苻坚等载记》,394年苻崇兵败被西秦所杀，前秦残余势力覆灭
91,v1.0.0-batch9_10,后燕,后燕,FAIL_BOUNDARY_VIOLATION,4,後燕,魏晋南北朝/五胡十六国,120,384,409,384,407,,《晋书·慕容垂等载记》,407年慕容熙被杀，高云即位建北燕，后燕亡（一说409年冯跋杀高云）
92,v1.0.0-batch9_10,后秦,后秦,PASS_DATA_PRESENT,0,後秦,魏晋南北朝/五胡十六国,144,384,417,384,417,,《晋书·姚苌等载记》,417年东晋刘裕北伐攻破长安，后秦灭亡
93,v1.0.0-batch9_10,西燕,西燕,PASS_DATA_PRESENT,0,西燕,魏晋南北朝/五胡十六国外政权,12,384,394,384,394,,《晋书》,394年被后燕慕容垂所灭
94,v1.0.0-batch9_10,西秦,西秦,PASS_DATA_PRESENT,0,西秦,魏晋南北朝/五胡十六国,49,385,431,385,431,,《晋书·乞伏国仁等载记》,431年被胡夏(赫连定)所灭
95,v1.0.0-batch9_10,后仇池,后仇池,PASS_DATA_PRESENT,0,后仇池,魏晋南北朝/五胡十六国外政权,59,385,443,385,443,,《魏书》/《宋书》,443年被北魏所灭
96,v1.0.0-batch8,中山国,中山国,PASS_DATA_PRESENT,0,中山國,周/周代诸侯国,108,-414,-296,,-296,,《史记·赵世家》,前296年被赵国所灭
97,v1.0.0-batch8,赵国,赵国,PASS_DATA_PRESENT,0,趙國,周/周代诸侯国,182,-403,-222,-403,-222,,《史记·赵世家》,前222年王贲虏代王嘉，赵国彻底灭亡
98,v1.0.0-batch8,韩国,韩国,PASS_DATA_PRESENT,0,韓國,周/周代诸侯国,700,-403,-230,-403,-230,,《史记·韩世家》,前230年秦将内史腾灭韩
99,v1.0.0-batch8,魏国,魏国,PASS_DATA_PRESENT,0,魏國,周/周代诸侯国,360,-403,-225,-403,-225,,《史记·魏世家》,前225年秦将王贲水淹大梁灭魏
100,v1.0.0-batch8,苴国,苴国,PASS_DATA_PRESENT,0,苴國,周/周代诸侯国,53,-368,-316,-368,-316,,《华阳国志》,前316年随蜀国同被秦国所灭
101,v1.0.0-batch8,东周国,东周国,PASS_DATA_PRESENT,0,東周國,周/周代诸侯国,238,-367,-249,-367,-249,,《史记·周本纪》,前249年被秦国（秦庄襄王）所灭
102,v1.0.0-batch8,秦朝,秦朝,PASS_DATA_PRESENT,0,秦朝,秦汉/秦朝,16,-221,-207,-221,-206,,《史记·秦始皇本纪》,前206年子婴降刘邦，秦亡
103,v1.0.0-batch8,西汉,西汉,FAIL_BOUNDARY_VIOLATION,1,西漢,秦汉/西漢,444,-202,9,-202,8,,《汉书·王莽传》,公元8年王莽篡汉，建立新朝
104,v1.0.0-batch8,扶余,扶余,PASS_DATA_PRESENT,0,扶餘,魏晋南北朝/五胡十六国外政权,80,-86,-48,-86,494,,《三国史记》/《魏书》,494年被高句丽所灭
105,v1.0.0-batch8,新朝,新朝,PASS_DATA_PRESENT,0,新朝,秦汉/新朝,15,9,23,8,23,,《汉书·王莽传》,8年建立，23年绿林军攻入长安，王莽死
106,v1.0.0-batch8,东汉,东汉,PASS_DATA_PRESENT,0,東漢,秦汉/東漢,410,25,220,25,220,,《后汉书》/《三国志》,220年汉献帝禅位于曹丕
107,v1.0.0-batch8,仇池,仇池,PASS_DATA_PRESENT,0,仇池,魏晋南北朝/五胡十六国外政权,28,184,210,184,443,,《魏书》/《宋书》,443年后仇池为北魏所灭
108,v1.0.0-batch8,曹魏,曹魏,FAIL_BOUNDARY_VIOLATION,1,曹魏,三国/三国,51,220,266,220,265,,《三国志·魏书》,220年曹丕称帝，265年司马炎代魏建立西晋
109,v1.0.0-batch8,蜀汉,蜀汉,PASS_DATA_PRESENT,0,蜀漢,三国/三国,44,221,263,221,263,,《三国志·蜀书》,221年刘备称帝，263年邓艾灭蜀，刘禅投降
110,v1.0.0-batch8,东吴,东吴,PASS_DATA_PRESENT,0,東吳,三国/三国,124,222,280,222,280,,《三国志·吴书》,222年孙权称王建国(229年称帝)，280年西晋灭吴
111,v1.0.0-batch6_7,蒋国,蒋国,PASS_DATA_PRESENT,0,蔣國,周/周代诸侯国,848,-1040,-617,-1040,-617,,《左传·文公十年》,前617年被楚穆王所灭
112,v1.0.0-batch6_7,卫国,卫国,PASS_DATA_PRESENT,0,衛國 | 衞國,周/周代诸侯国,1680,-1040,-209,-1040,-209,,《史记·卫康叔世家》,前209年秦二世废卫君角为庶人，卫国彻底灭亡
113,v1.0.0-batch6_7,衞国,衞国,PASS_DATA_PRESENT,0,衛國 | 衞國,周/周代诸侯国,1680,-1040,-209,-1040,-209,,《史记·卫康叔世家》,前209年秦二世废卫君角为庶人，卫国彻底灭亡
114,v1.0.0-batch6_7,邢国,邢国,PASS_DATA_PRESENT,0,邢國,周/周代诸侯国,406,-1040,-635,-1040,-635,,《左传·僖公二十五年》,前635年被卫国所灭
115,v1.0.0-batch6_7,晋国,晋国,FAIL_BOUNDARY_VIOLATION,54,晉國,周/周代诸侯国,3012,-1033,-349,-1033,-376,,《史记·晋世家》,前376年韩、赵、魏废晋静公，将晋公室剩余土地瓜分
116,v1.0.0-batch6_7,秦国,秦国,PASS_DATA_PRESENT,0,秦國,周/周代诸侯国,2780,-900,-206,-900,-206,,《史记·秦始皇本纪》,前206年刘邦破咸阳，秦王子婴投降，秦朝(国)灭亡
117,v1.0.0-batch6_7,申国,申国,PASS_DATA_PRESENT,0,申國,周/周代诸侯国,154,-841,-688,-841,-688,,《左传·庄公六年》,约前688年被楚文王所灭
118,v1.0.0-batch6_7,詹国,詹国,PASS_DATA_PRESENT,0,詹國,周/周代诸侯国,1,-827,-827,-827,-771,,文献考证,前771年随西周覆灭而亡
119,v1.0.0-batch6_7,梁国,梁国,PASS_DATA_PRESENT,0,梁國,周/周代诸侯国,181,-821,-641,-821,-640,,《左传·僖公二十年》,前640年被秦穆公所灭
120,v1.0.0-batch6_7,郑国,郑国,PASS_DATA_PRESENT,0,鄭國,周/周代诸侯国,864,-806,-375,-806,-375,,《史记·郑世家》,前375年被韩国(韩哀侯)所灭
121,v1.0.0-batch6_7,尹国,尹国,PASS_DATA_PRESENT,0,尹國,周/周代诸侯国,258,-770,-513,-770,-513,,《左传·昭公二十九年》,前513年亡于周敬王、晋国联军(王子朝之乱)
122,v1.0.0-batch6_7,东周,东周,PASS_DATA_PRESENT,0,東周,周/周代诸侯国 | 周/周朝,3092,-770,-256,-770,-256,,《史记·周本纪》,前256年秦国攻入雒邑，东周(周赧王)灭亡
123,v1.0.0-batch6_7,刘国,刘国,PASS_DATA_PRESENT,0,劉國,周/周代诸侯国,518,-712,-455,-712,-441,,《左传》及战国史考,约前441年亡于周贞定王
124,v1.0.0-batch6_7,吕国,吕国,FAIL_BOUNDARY_VIOLATION,8,呂國,周/周代诸侯国,18,-688,-680,-688,-688,,《左传》及楚史考证,约前688年与申国同时被楚文王所灭
125,v1.0.0-batch6_7,郳国,郳国,FAIL_BOUNDARY_VIOLATION,10,郳國,周/周代诸侯国,329,-653,-325,-653,-335,,《左传》及战国史,前335年被楚国所灭
126,v1.0.0-batch6_7,滥国,滥国,FAIL_BOUNDARY_VIOLATION,11,濫國,周/周代诸侯国,268,-643,-510,-643,-521,,《左传·昭公二十一年》,前521年降于鲁国
127,v1.0.0-batch6_7,潞氏,潞氏,PASS_DATA_PRESENT,0,潞氏,周/周代诸侯国,11,-604,-594,-604,-594,,《左传·宣公十五年》,前594年被晋国所灭
128,v1.0.0-batch6_7,巩国,巩国,PASS_DATA_PRESENT,0,鞏國,周/周代诸侯国,2,-516,-516,-516,-516,,《左传·昭公二十六年》,前516年参与王子朝之乱被晋国联军灭亡
129,v1.0.0-batch6_7,薛国,薛国,PASS_DATA_PRESENT,0,薛國,周/周代诸侯国,50,-510,-485,,-327,,战国史考,约前327年被齐国、魏国所灭
130,v1.0.0-batch6_7,西周国,西周国,PASS_DATA_PRESENT,0,西周國,周/周代诸侯国,185,-440,-256,-440,-256,,《史记·周本纪》,前256年被秦国所灭
131,v1.0.0-batch5,谭国,谭国,PASS_DATA_PRESENT,0,譚國,周/周代诸侯国,726,-1046,-684,-1046,-684,,《左传·庄公十年》,前684年被齐国所灭
132,v1.0.0-batch5,越国,越国,PASS_DATA_PRESENT,0,越國,周/周代诸侯国,1652,-1046,-222,-2032,-222,,《史记·越王勾践世家》,前222年秦降越君，置会稽郡
133,v1.0.0-batch5,邾国,邾国,PASS_DATA_PRESENT,0,邾國,周/周代诸侯国,1532,-1046,-281,-1046,-281,,《左传》及《史记》,约前281年被楚国所灭
134,v1.0.0-batch5,郕国,郕国,PASS_DATA_PRESENT,0,郕國,周/周代诸侯国,639,-1046,-408,-1046,-408,,《左传》,前408年亡于齐国（一说附庸于鲁）
135,v1.0.0-batch5,酆国,酆国,PASS_DATA_PRESENT,0,酆國,周/周代诸侯国,24,-1046,-1023,-1046,-1023,,《左传·昭公四年》及文献,周康王十二年(约前1009年)被灭
136,v1.0.0-batch5,陈国,陈国,PASS_DATA_PRESENT,0,陳國,周/周代诸侯国,1140,-1046,-478,-1046,-478,,《史记·陈杞世家》,前478年被楚惠王所灭
137,v1.0.0-batch5,霍国,霍国,PASS_DATA_PRESENT,0,霍國,周/周代诸侯国,386,-1046,-661,-1046,-661,,《左传·闵公元年》,前661年被晋献公所灭
138,v1.0.0-batch5,顿国,顿国,PASS_DATA_PRESENT,0,頓國,周/周代诸侯国,1102,-1046,-496,-1046,-496,,《左传·定公十四年》,前496年被楚国所灭
139,v1.0.0-batch5,鲁国,鲁国,PASS_DATA_PRESENT,0,魯國,周/周代诸侯国,1582,-1046,-256,-1046,-256,,《史记·鲁周公世家》,前256年被楚考烈王所灭
140,v1.0.0-batch5,齐国,齐国,PASS_DATA_PRESENT,0,齊國,周/周代诸侯国,3432,-1046,-221,-1046,-221,,《史记·田敬仲完世家》,前221年被秦王政所灭
141,v1.0.0-batch5,曹国,曹国,PASS_DATA_PRESENT,0,曹國,周/周代诸侯国,574,-1041,-487,-1041,-487,,《史记·管蔡世家》/《左传》,前487年被宋景公所灭
142,v1.0.0-batch5,宋国,宋国,PASS_DATA_PRESENT,0,宋國,周/周代诸侯国,1512,-1040,-286,-1040,-286,,《史记·宋微子世家》,前286年被齐国(齐湣王)所灭
143,v1.0.0-batch5,江国,江国,PASS_DATA_PRESENT,0,江國,周/周代诸侯国,418,-1040,-623,-1040,-623,,《左传·文公四年》,前623年被楚穆王所灭
144,v1.0.0-batch5,沈国,沈国,PASS_DATA_PRESENT,0,沈國,周/周代诸侯国,535,-1040,-506,-1040,-506,,《左传·定公四年》,前506年被蔡国所灭
145,v1.0.0-batch5,祭国,祭国,PASS_DATA_PRESENT,0,祭國,周/周代诸侯国,272,-1040,-769,-1040,-769,,《左传·隐公元年》及相关文献,前715年左右被郑国所并
146,v1.0.0-batch4,祝国,祝国,PASS_DATA_PRESENT,0,祝國,周/周代诸侯国,558,-1046,-768,-1046,-768,,《左传·隐公七年》,前768年被齐国所灭
147,v1.0.0-batch4,管国,管国,PASS_DATA_PRESENT,0,管國,周/周代诸侯国,14,-1046,-1040,-1046,-1039,,《史记·管蔡世家》,三监之乱后管叔鲜被杀，管国灭亡
148,v1.0.0-batch4,舒国,舒国,PASS_DATA_PRESENT,0,舒國,周/周代诸侯国,780,-1046,-657,-1046,-657,,《左传·僖公三年》,前657年被徐国所灭（一说楚国）
149,v1.0.0-batch4,舒庸国,舒庸国,PASS_DATA_PRESENT,0,舒庸國,周/周代诸侯国,473,-1046,-574,-1046,-574,,《左传·成公十七年》,前574年被楚国所灭
150,v1.0.0-batch4,舒蓼国,舒蓼国,PASS_DATA_PRESENT,0,舒蓼國,周/周代诸侯国,446,-1046,-601,-1046,-601,,《左传·宣公八年》,前601年被楚国所灭
151,v1.0.0-batch4,舒鸠国,舒鸠国,PASS_DATA_PRESENT,0,舒鳩國,周/周代诸侯国,998,-1046,-548,-1046,-548,,《左传·襄公二十五年》,前548年被楚国所灭
152,v1.0.0-batch4,英国,英国,PASS_DATA_PRESENT,0,英國,周/周代诸侯国,802,-1046,-646,-1046,-646,,《左传·僖公十四年》,前646年被楚成王所灭
153,v1.0.0-batch4,莒国,莒国,PASS_DATA_PRESENT,0,莒國,周/周代诸侯国,2464,-1046,-431,-1046,-431,,《史记·楚世家》,前431年被楚简王所灭
154,v1.0.0-batch4,蔡国,蔡国,PASS_DATA_PRESENT,0,蔡國,周/周代诸侯国,1206,-1046,-447,-1046,-447,,《史记·管蔡世家》,前447年被楚惠王所灭
155,v1.0.0-batch4,虞国,虞国,PASS_DATA_PRESENT,0,虞國,周/周代诸侯国,784,-1046,-655,-1046,-655,,《左传·僖公五年》,前655年被晋献公所灭
156,v1.0.0-batch4,西周,西周,PASS_DATA_PRESENT,0,西周,周/周代诸侯国 | 周/周朝,554,-1046,-771,-1046,-771,,《史记·周本纪》,前771年犬戎攻破镐京，西周灭亡
157,v1.0.0-batch4,西虢国,西虢国,PASS_DATA_PRESENT,0,西虢國,周/周代诸侯国,784,-1046,-655,-1046,-655,,《左传·僖公五年》,前655年被晋献公所灭
158,v1.0.0-batch4,许国,许国,PASS_DATA_PRESENT,0,許國,周/周代诸侯国,1132,-1046,-481,-1046,-481,,《左传》及《史记》,前481年(或战国初年)被楚国所灭
159,v1.0.0-batch3,根牟国,根牟国,PASS_DATA_PRESENT,0,根牟國,周/周代诸侯国,894,-1046,-600,-1046,-600,,《左传·宣公九年》,前600年被鲁国所灭
160,v1.0.0-batch3,楚国,楚国,PASS_DATA_PRESENT,0,楚国,周/周代诸侯国,1648,-1046,-223,-1046,-223,,《史记·楚世家》,前223年王翦灭楚
161,v1.0.0-batch3,殷国,殷国,PASS_DATA_PRESENT,0,殷國,周/周代诸侯国,14,-1046,-1040,-1046,-1039,,《史记·周本纪》,三监之乱后武庚被杀，殷国灭亡
162,v1.0.0-batch3,毛国,毛国,PASS_DATA_PRESENT,0,毛國,周/周代诸侯国,1062,-1046,-516,-1046,-516,,《左传·昭公二十六年》,前516年因参与王子朝之乱亡于秦国
163,v1.0.0-batch3,温国,温国,PASS_DATA_PRESENT,0,溫國,周/周代诸侯国,794,-1046,-650,-1046,-650,,《左传·僖公十年》,前650年亡于北狄
164,v1.0.0-batch3,滕国,滕国,PASS_DATA_PRESENT,0,滕國,周/周代诸侯国,3000,-1046,-297,-1046,-297,,《史记》及战国史考,约前297年亡于宋国
165,v1.0.0-batch3,潘国,潘国,PASS_DATA_PRESENT,0,潘國,周/周代诸侯国,1086,-1046,-504,-1046,-504,,《左传·定公六年》,前504年被楚国所灭
166,v1.0.0-batch3,焦国,焦国,PASS_DATA_PRESENT,0,焦國,周/周代诸侯国,544,-1046,-775,-1046,-775,,《史记》及地理志,前775年亡于西虢国
167,v1.0.0-batch3,燕国,燕国,FAIL_BOUNDARY_VIOLATION,2,燕國,周/周代诸侯国,3308,-1046,-221,-1046,-222,,《史记·燕召公世家》,前222年王贲灭燕
168,v1.0.0-batch3,毕国,毕国,PASS_DATA_PRESENT,0,畢國,周/周代诸侯国,2,-1046,-1046,-1046,-1046,,《史记》及金文,春秋初期亡于西戎
169,v1.0.0-batch2,吴国,吴国,PASS_DATA_PRESENT,0,吳國,周/周代诸侯国,2296,-1046,-473,-1096,-473,,《史记·吴太伯世家》,前473年被越国所灭
170,v1.0.0-batch2,周国,周国,PASS_DATA_PRESENT,0,周國,周/周代诸侯国,1,-1046,-1046,-1046,-1046,,《史记·周本纪》,西周王畿前身或宗庙所在地
171,v1.0.0-batch2,宿国,宿国,PASS_DATA_PRESENT,0,宿國,周/周代诸侯国,726,-1046,-684,-1046,-684,,《春秋·庄公十年》,前684年被宋国所灭
172,v1.0.0-batch2,巴国,巴国,PASS_DATA_PRESENT,0,巴國,周/周代诸侯国,1462,-1046,-316,-1046,-316,,《华阳国志·巴志》,前316年被秦惠文王所灭
173,v1.0.0-batch2,应国,应国,PASS_DATA_PRESENT,0,應國,周/周代诸侯国,2,-1046,-1046,-1046,-1046,,《左传》、应国墓地考古,春秋中期被楚国所灭
