ruler_id,polity_id,polity_name,ruler_name,ruler_title,ruler_temple_name,ruler_posthumous_name,ruler_personal_name,ruler_reign_start_year,ruler_reign_start_label,ruler_reign_end_year,ruler_reign_end_label,ruler_reign_raw,ruler_reign_precision,era_names,ruler_source_title,ruler_source_url,ruler_source_section,ruler_confidence_score,ruler_confidence_note,merged_from_v02_rows
ruler_eur_00001,polity_eur_0013,Carthage (Phoenician Colony to Punic Republic),Hamilcar Barca,general,,,Hamilcar,-247,公元前247年,-228,公元前228年,公元前247年-公元前228年,year,,Encyclopaedia Britannica: Carthage,https://www.britannica.com/place/Carthage-ancient-city-Tunisia,,80,,
ruler_eur_00002,polity_eur_0013,Carthage (Phoenician Colony to Punic Republic),Hannibal Barca,general,,,Hannibal,-218,公元前218年,-201,公元前201年,公元前218年-公元前201年,year,,Encyclopaedia Britannica: Carthage,https://www.britannica.com/place/Carthage-ancient-city-Tunisia,,85,,
ruler_eur_00003,polity_eur_0013,Carthage (Phoenician Colony to Punic Republic),Hasdrubal the Boetharch,general,,,Hasdrubal,-149,公元前149年,-146,公元前146年,公元前149年-公元前146年,year,,Encyclopaedia Britannica: Carthage,https://www.britannica.com/place/Carthage-ancient-city-Tunisia,,78,,
ruler_eur_00004,polity_eur_0014,Athens (Archaic Period),Solon,archon (lawgiver),,,Solon,-594,公元前594年,-593,公元前593年,公元前594年-公元前593年,year,,Encyclopaedia Britannica: Greek civilization,https://www.britannica.com/topic/ancient-Greek-civilization,,75,,
ruler_eur_00005,polity_eur_0014,Athens (Archaic Period),Peisistratus,tyrant,,,Peisistratus,-546,公元前546年,-528,公元前528年,公元前546年-公元前528年,year,,Encyclopaedia Britannica: Greek civilization,https://www.britannica.com/topic/ancient-Greek-civilization,,75,,
ruler_eur_00006,polity_eur_0015,Sparta (Archaic-Classical),Leonidas I,king,,,Leonidas,-489,公元前489年,-480,公元前480年,公元前489年-公元前480年,year,,Encyclopaedia Britannica: Greek civilization,https://www.britannica.com/topic/ancient-Greek-civilization,,85,Famed at Thermopylae 480 BCE.,
ruler_eur_00007,polity_eur_0019,Roman Kingdom,Romulus,rex,,,Romulus,-753,公元前753年,-715,公元前715年,公元前753年-公元前715年,year,,Encyclopaedia Britannica: Ancient Rome,https://www.britannica.com/place/ancient-Rome,,40,Legendary founder.,
ruler_eur_00008,polity_eur_0019,Roman Kingdom,Tarquinius Superbus,rex,,,Lucius Tarquinius Superbus,-534,公元前534年,-509,公元前509年,公元前534年-公元前509年,year,,Encyclopaedia Britannica: Ancient Rome,https://www.britannica.com/place/ancient-Rome,,60,,
ruler_eur_00009,polity_eur_0026,Classical Athens,Pericles,strategos,,,Pericles,-461,公元前461年,-429,公元前429年,公元前461年-公元前429年,year,,Encyclopaedia Britannica: Greek civilization,https://www.britannica.com/topic/ancient-Greek-civilization,,88,,
ruler_eur_00010,polity_eur_0026,Classical Athens,Alcibiades,strategos,,,Alcibiades,-420,公元前420年,-407,公元前407年,公元前420年-公元前407年,year,,Encyclopaedia Britannica: Greek civilization,https://www.britannica.com/topic/ancient-Greek-civilization,,78,,
ruler_eur_00011,polity_eur_0027,Kingdom of Macedonia (Argead),Philip II,basileus,,,Philip,-359,公元前359年,-336,公元前336年,公元前359年-公元前336年,year,,Encyclopaedia Britannica: Greek civilization,https://www.britannica.com/topic/ancient-Greek-civilization,,88,,
ruler_eur_00012,polity_eur_0027,Kingdom of Macedonia (Argead),Alexander III the Great,basileus,,,Alexandros,-336,公元前336年,-323,公元前323年,公元前336年-公元前323年,year,,Encyclopaedia Britannica: Greek civilization,https://www.britannica.com/topic/ancient-Greek-civilization,,92,,
ruler_eur_00013,polity_eur_0029,Seleucid Empire,Seleucus I Nicator,basileus,,,,-305,公元前305年,-281,公元前281年,公元前305年-公元前281年,year,,Encyclopaedia Britannica: Greek civilization,https://www.britannica.com/topic/ancient-Greek-civilization,,85,,
ruler_eur_00014,polity_eur_0029,Seleucid Empire,Antiochus III the Great,basileus,,,,-222,公元前222年,-187,公元前187年,公元前222年-公元前187年,year,,Encyclopaedia Britannica: Greek civilization,https://www.britannica.com/topic/ancient-Greek-civilization,,82,,
ruler_eur_00015,polity_eur_0030,Ptolemaic Egypt,Ptolemy I Soter,basileus,,,,-305,公元前305年,-283,公元前283年,公元前305年-公元前283年,year,,Encyclopaedia Britannica: Greek civilization,https://www.britannica.com/topic/ancient-Greek-civilization,,85,,
ruler_eur_00016,polity_eur_0030,Ptolemaic Egypt,Cleopatra VII,basilissa,,,Cleopatra,-51,公元前51年,-30,公元前30年,公元前51年-公元前30年,year,,Encyclopaedia Britannica: Greek civilization,https://www.britannica.com/topic/ancient-Greek-civilization,,92,,
ruler_eur_00017,polity_eur_0032,Roman Republic,Gaius Julius Caesar,dictator perpetuo,,,Gaius Julius Caesar,-49,公元前49年,-44,公元前44年,公元前49年-公元前44年,year,,Encyclopaedia Britannica: Ancient Rome,https://www.britannica.com/place/ancient-Rome,,95,,
ruler_eur_00018,polity_eur_0032,Roman Republic,Pompey the Great,consul,,,Gnaeus Pompeius Magnus,-70,公元前70年,-48,公元前48年,公元前70年-公元前48年,year,,Encyclopaedia Britannica: Ancient Rome,https://www.britannica.com/place/ancient-Rome,,88,,
ruler_eur_00019,polity_eur_0032,Roman Republic,Sulla,dictator,,,Lucius Cornelius Sulla,-82,公元前82年,-79,公元前79年,公元前82年-公元前79年,year,,Encyclopaedia Britannica: Ancient Rome,https://www.britannica.com/place/ancient-Rome,,85,,
ruler_eur_00020,polity_eur_0032,Roman Republic,Cicero,consul,,,Marcus Tullius Cicero,-63,公元前63年,-63,公元前63年,公元前63年-公元前63年,year,,Encyclopaedia Britannica: Ancient Rome,https://www.britannica.com/place/ancient-Rome,,85,,
ruler_eur_00021,polity_eur_0032,Roman Republic,Marcus Antonius,triumvir,,,Marcus Antonius,-43,公元前43年,-30,公元前30年,公元前43年-公元前30年,year,,Encyclopaedia Britannica: Ancient Rome,https://www.britannica.com/place/ancient-Rome,,85,,
ruler_eur_00022,polity_eur_0033,Roman Empire (Principate),Augustus,princeps / imperator,,,Gaius Octavius / Imperator Caesar Augustus,-27,公元前27年,14,14年,公元前27年-14年,year,,Encyclopaedia Britannica: Roman Empire,https://www.britannica.com/place/Roman-Empire,,95,,
ruler_eur_00023,polity_eur_0033,Roman Empire (Principate),Tiberius,princeps,,,Tiberius Claudius Nero,14,14年,37,37年,14年-37年,year,,Encyclopaedia Britannica: Roman Empire,https://www.britannica.com/place/Roman-Empire,,92,,
ruler_eur_00024,polity_eur_0033,Roman Empire (Principate),Nero,princeps,,,Nero Claudius Caesar,54,54年,68,68年,54年-68年,year,,Encyclopaedia Britannica: Roman Empire,https://www.britannica.com/place/Roman-Empire,,90,,
ruler_eur_00025,polity_eur_0033,Roman Empire (Principate),Vespasian,princeps,,,Titus Flavius Vespasianus,69,69年,79,79年,69年-79年,year,,Encyclopaedia Britannica: Roman Empire,https://www.britannica.com/place/Roman-Empire,,90,,
ruler_eur_00026,polity_eur_0033,Roman Empire (Principate),Trajan,princeps,,,Marcus Ulpius Traianus,98,98年,117,117年,98年-117年,year,,Encyclopaedia Britannica: Roman Empire,https://www.britannica.com/place/Roman-Empire,,92,,
ruler_eur_00027,polity_eur_0033,Roman Empire (Principate),Hadrian,princeps,,,Publius Aelius Hadrianus,117,117年,138,138年,117年-138年,year,,Encyclopaedia Britannica: Roman Empire,https://www.britannica.com/place/Roman-Empire,,92,,
ruler_eur_00028,polity_eur_0033,Roman Empire (Principate),Marcus Aurelius,princeps,,,Marcus Aurelius Antoninus,161,161年,180,180年,161年-180年,year,,Encyclopaedia Britannica: Roman Empire,https://www.britannica.com/place/Roman-Empire,,92,,
ruler_eur_00029,polity_eur_0033,Roman Empire (Principate),Septimius Severus,augustus,,,Lucius Septimius Severus,193,193年,211,211年,193年-211年,year,,Encyclopaedia Britannica: Roman Empire,https://www.britannica.com/place/Roman-Empire,,88,,
ruler_eur_00030,polity_eur_0034,Roman Empire (Dominate),Diocletian,augustus,,,,284,284年,305,305年,284年-305年,year,,Encyclopaedia Britannica: Roman Empire,https://www.britannica.com/place/Roman-Empire,,90,,
ruler_eur_00031,polity_eur_0034,Roman Empire (Dominate),Constantine I the Great,augustus,,,Flavius Valerius Constantinus,306,306年,337,337年,306年-337年,year,,Encyclopaedia Britannica: Roman Empire,https://www.britannica.com/place/Roman-Empire,,92,,
ruler_eur_00032,polity_eur_0034,Roman Empire (Dominate),Theodosius I,augustus,,,Flavius Theodosius,379,379年,395,395年,379年-395年,year,,Encyclopaedia Britannica: Roman Empire,https://www.britannica.com/place/Roman-Empire,,88,,
ruler_eur_00033,polity_eur_0035,Western Roman Empire,Honorius,augustus,,,,395,395年,423,423年,395年-423年,year,,Encyclopaedia Britannica: Roman Empire,https://www.britannica.com/place/Roman-Empire,,85,,
ruler_eur_00034,polity_eur_0035,Western Roman Empire,Valentinian III,augustus,,,,425,425年,455,455年,425年-455年,year,,Encyclopaedia Britannica: Roman Empire,https://www.britannica.com/place/Roman-Empire,,82,,
ruler_eur_00035,polity_eur_0035,Western Roman Empire,Romulus Augustulus,augustus,,,,475,475年,476,476年,475年-476年,year,,Encyclopaedia Britannica: Roman Empire,https://www.britannica.com/place/Roman-Empire,,80,,
ruler_eur_00036,polity_eur_0036,Eastern Roman Empire (early Byzantine),Justinian I,augustus,,,Petrus Sabbatius,527,527年,565,565年,527年-565年,year,,Encyclopaedia Britannica: Byzantine Empire,https://www.britannica.com/place/Byzantine-Empire,,92,,
ruler_eur_00037,polity_eur_0036,Eastern Roman Empire (early Byzantine),Heraclius,augustus,,,,610,610年,641,641年,610年-641年,year,,Encyclopaedia Britannica: Byzantine Empire,https://www.britannica.com/place/Byzantine-Empire,,88,,
ruler_eur_00038,polity_eur_0037,Ostrogothic Kingdom of Italy,Theodoric the Great,rex,,,,493,493年,526,526年,493年-526年,year,,Encyclopaedia Britannica: Ancient Rome,https://www.britannica.com/place/ancient-Rome,,88,,
ruler_eur_00039,polity_eur_0040,Merovingian Frankish Kingdom,Clovis I,rex,,,,481,481年,511,511年,481年-511年,year,,Encyclopaedia Britannica: Frankish kingdom,https://www.britannica.com/place/Frankish-kingdom,,88,,
ruler_eur_00040,polity_eur_0040,Merovingian Frankish Kingdom,Charles Martel,mayor of the palace,,,,718,718年,741,741年,718年-741年,year,,Encyclopaedia Britannica: Frankish kingdom,https://www.britannica.com/place/Frankish-kingdom,,88,De facto Frankish ruler under puppet Merovingian kings.,
ruler_eur_00041,polity_eur_0043,Middle Byzantine Empire,Leo III the Isaurian,basileus,,,,717,717年,741,741年,717年-741年,year,,Encyclopaedia Britannica: Byzantine Empire,https://www.britannica.com/place/Byzantine-Empire,,88,,
ruler_eur_00042,polity_eur_0043,Middle Byzantine Empire,Basil II Bulgar-Slayer,basileus,,,Basileios Boulgaroktonos,976,976年,1025,1025年,976年-1025年,year,,Encyclopaedia Britannica: Byzantine Empire,https://www.britannica.com/place/Byzantine-Empire,,92,,
ruler_eur_00043,polity_eur_0043,Middle Byzantine Empire,Alexios I Komnenos,basileus,,,,1081,1081年,1118,1118年,1081年-1118年,year,,Encyclopaedia Britannica: Byzantine Empire,https://www.britannica.com/place/Byzantine-Empire,,88,,
ruler_eur_00044,polity_eur_0044,Carolingian Empire,Pepin the Short,rex Francorum,,,,751,751年,768,768年,751年-768年,year,,Encyclopaedia Britannica: Carolingian dynasty,https://www.britannica.com/topic/Carolingian-dynasty,,88,,
ruler_eur_00045,polity_eur_0044,Carolingian Empire,Charlemagne,imperator Romanorum,,,Carolus Magnus,768,768年,814,814年,768年-814年,year,,Encyclopaedia Britannica: Carolingian dynasty,https://www.britannica.com/topic/Carolingian-dynasty,,95,,
ruler_eur_00046,polity_eur_0044,Carolingian Empire,Louis the Pious,imperator,,,,814,814年,840,840年,814年-840年,year,,Encyclopaedia Britannica: Carolingian dynasty,https://www.britannica.com/topic/Carolingian-dynasty,,88,,
ruler_eur_00047,polity_eur_0048,Umayyad al-Andalus (Caliphate of Córdoba),Abd al-Rahman I,emir,,,,756,756年,788,788年,756年-788年,year,,Encyclopaedia Britannica: Spain — History,https://www.britannica.com/place/Spain/History,,88,,
ruler_eur_00048,polity_eur_0048,Umayyad al-Andalus (Caliphate of Córdoba),Abd al-Rahman III,caliph,,,,929,929年,961,961年,929年-961年,year,,Encyclopaedia Britannica: Spain — History,https://www.britannica.com/place/Spain/History,,88,,
ruler_eur_00049,polity_eur_0051,Kingdom of Wessex,Alfred the Great,rex,,,,871,871年,899,899年,871年-899年,year,,Encyclopaedia Britannica: United Kingdom — History,https://www.britannica.com/place/United-Kingdom/History,,92,,
ruler_eur_00050,polity_eur_0051,Kingdom of Wessex,Æthelstan,rex Anglorum,,,,924,924年,939,939年,924年-939年,year,,Encyclopaedia Britannica: United Kingdom — History,https://www.britannica.com/place/United-Kingdom/History,,88,,
ruler_eur_00051,polity_eur_0052,Kingdom of Norway (Viking Age),Harald Fairhair,rex,,,,872,872年,932,932年,872年-932年,year,,Encyclopaedia Britannica: Vikings,https://www.britannica.com/topic/Viking-people,,72,,
ruler_eur_00052,polity_eur_0052,Kingdom of Norway (Viking Age),Harald Hardrada,rex,,,,1046,1046年,1066,1066年,1046年-1066年,year,,Encyclopaedia Britannica: Vikings,https://www.britannica.com/topic/Viking-people,,85,,
ruler_eur_00053,polity_eur_0053,Kingdom of Denmark (Viking Age),Harald Bluetooth,rex,,,,958,958年,986,986年,958年-986年,year,,Encyclopaedia Britannica: Vikings,https://www.britannica.com/topic/Viking-people,,85,,
ruler_eur_00054,polity_eur_0053,Kingdom of Denmark (Viking Age),Cnut the Great,rex,,,,1016,1016年,1035,1035年,1016年-1035年,year,,Encyclopaedia Britannica: Vikings,https://www.britannica.com/topic/Viking-people,,88,"King of England, Denmark, Norway (North Sea Empire).",
ruler_eur_00055,polity_eur_0055,Kievan Rus',Vladimir the Great,knyaz,,,,980,980年,1015,1015年,980年-1015年,year,,Encyclopaedia Britannica: Russia — History,https://www.britannica.com/place/Russia/History,,88,Christianized Kievan Rus' 988.,
ruler_eur_00056,polity_eur_0055,Kievan Rus',Yaroslav the Wise,knyaz,,,,1019,1019年,1054,1054年,1019年-1054年,year,,Encyclopaedia Britannica: Russia — History,https://www.britannica.com/place/Russia/History,,88,,
ruler_eur_00057,polity_eur_0057,First Bulgarian Empire,Simeon I the Great,tsar,,,,893,893年,927,927年,893年-927年,year,,Encyclopaedia Britannica: Byzantine Empire,https://www.britannica.com/place/Byzantine-Empire,,85,,
ruler_eur_00058,polity_eur_0061,Holy Roman Empire (Salian / Hohenstaufen),Otto I the Great,imperator,,,,962,962年,973,973年,962年-973年,year,,Encyclopaedia Britannica: Holy Roman Empire,https://www.britannica.com/place/Holy-Roman-Empire,,92,,
ruler_eur_00059,polity_eur_0061,Holy Roman Empire (Salian / Hohenstaufen),Henry IV,imperator,,,,1084,1084年,1105,1105年,1084年-1105年,year,,Encyclopaedia Britannica: Holy Roman Empire,https://www.britannica.com/place/Holy-Roman-Empire,,88,Investiture Controversy with Pope Gregory VII.,
ruler_eur_00060,polity_eur_0061,Holy Roman Empire (Salian / Hohenstaufen),Frederick I Barbarossa,imperator,,,Friedrich von Hohenstaufen,1155,1155年,1190,1190年,1155年-1190年,year,,Encyclopaedia Britannica: Holy Roman Empire,https://www.britannica.com/place/Holy-Roman-Empire,,92,,
ruler_eur_00061,polity_eur_0061,Holy Roman Empire (Salian / Hohenstaufen),Frederick II,imperator,,,,1220,1220年,1250,1250年,1220年-1250年,year,,Encyclopaedia Britannica: Holy Roman Empire,https://www.britannica.com/place/Holy-Roman-Empire,,92,"Stupor mundi, ruled Sicily + Germany.",
ruler_eur_00062,polity_eur_0062,Holy Roman Empire (Luxembourg / Habsburg era),Charles IV,imperator,,,,1355,1355年,1378,1378年,1355年-1378年,year,,Encyclopaedia Britannica: Holy Roman Empire,https://www.britannica.com/place/Holy-Roman-Empire,,92,Promulgated Golden Bull 1356.,
ruler_eur_00063,polity_eur_0062,Holy Roman Empire (Luxembourg / Habsburg era),Frederick III,imperator,,,,1452,1452年,1493,1493年,1452年-1493年,year,,Encyclopaedia Britannica: Holy Roman Empire,https://www.britannica.com/place/Holy-Roman-Empire,,88,,
ruler_eur_00064,polity_eur_0063,Kingdom of France,Philip II Augustus,rex Francorum,,,,1180,1180年,1223,1223年,1180年-1223年,year,,Encyclopaedia Britannica: France — History,https://www.britannica.com/place/France/History,,92,,
ruler_eur_00065,polity_eur_0063,Kingdom of France,Louis IX (Saint Louis),rex,,,,1226,1226年,1270,1270年,1226年-1270年,year,,Encyclopaedia Britannica: France — History,https://www.britannica.com/place/France/History,,92,,
ruler_eur_00066,polity_eur_0063,Kingdom of France,Philip IV the Fair,rex,,,,1285,1285年,1314,1314年,1285年-1314年,year,,Encyclopaedia Britannica: France — History,https://www.britannica.com/place/France/History,,92,,
ruler_eur_00067,polity_eur_0063,Kingdom of France,Charles V,rex,,,,1364,1364年,1380,1380年,1364年-1380年,year,,Encyclopaedia Britannica: France — History,https://www.britannica.com/place/France/History,,88,,
ruler_eur_00068,polity_eur_0063,Kingdom of France,Louis XI,rex,,,,1461,1461年,1483,1483年,1461年-1483年,year,,Encyclopaedia Britannica: France — History,https://www.britannica.com/place/France/History,,88,,
ruler_eur_00069,polity_eur_0063,Kingdom of France,Francis I,rex,,,,1515,1515年,1547,1547年,1515年-1547年,year,,Encyclopaedia Britannica: France — History,https://www.britannica.com/place/France/History,,92,,
ruler_eur_00070,polity_eur_0063,Kingdom of France,Henry IV,rex,,,,1589,1589年,1610,1610年,1589年-1610年,year,,Encyclopaedia Britannica: France — History,https://www.britannica.com/place/France/History,,92,"First Bourbon king, Edict of Nantes 1598.",
ruler_eur_00071,polity_eur_0063,Kingdom of France,Louis XIV the Sun King,rex,,,,1643,1643年,1715,1715年,1643年-1715年,year,,Encyclopaedia Britannica: France — History,https://www.britannica.com/place/France/History,,95,,
ruler_eur_00072,polity_eur_0063,Kingdom of France,Louis XV,rex,,,,1715,1715年,1774,1774年,1715年-1774年,year,,Encyclopaedia Britannica: France — History,https://www.britannica.com/place/France/History,,92,,
ruler_eur_00073,polity_eur_0063,Kingdom of France,Louis XVI,rex,,,,1774,1774年,1792,1792年,1774年-1792年,year,,Encyclopaedia Britannica: France — History,https://www.britannica.com/place/France/History,,92,,
ruler_eur_00074,polity_eur_0064,Kingdom of England,William I the Conqueror,rex Anglorum,,,,1066,1066年,1087,1087年,1066年-1087年,year,,Encyclopaedia Britannica: Plantagenet,https://www.britannica.com/topic/Plantagenet-dynasty,,95,,
ruler_eur_00075,polity_eur_0064,Kingdom of England,Henry II,rex,,,,1154,1154年,1189,1189年,1154年-1189年,year,,Encyclopaedia Britannica: Plantagenet,https://www.britannica.com/topic/Plantagenet-dynasty,,92,,
ruler_eur_00076,polity_eur_0064,Kingdom of England,Richard I the Lionheart,rex,,,,1189,1189年,1199,1199年,1189年-1199年,year,,Encyclopaedia Britannica: United Kingdom — History,https://www.britannica.com/place/United-Kingdom/History,,92,,
ruler_eur_00077,polity_eur_0064,Kingdom of England,John,rex,,,,1199,1199年,1216,1216年,1199年-1216年,year,,Encyclopaedia Britannica: United Kingdom — History,https://www.britannica.com/place/United-Kingdom/History,,92,Magna Carta 1215.,
ruler_eur_00078,polity_eur_0064,Kingdom of England,Edward I,rex,,,,1272,1272年,1307,1307年,1272年-1307年,year,,Encyclopaedia Britannica: United Kingdom — History,https://www.britannica.com/place/United-Kingdom/History,,92,,
ruler_eur_00079,polity_eur_0064,Kingdom of England,Edward III,rex,,,,1327,1327年,1377,1377年,1327年-1377年,year,,Encyclopaedia Britannica: United Kingdom — History,https://www.britannica.com/place/United-Kingdom/History,,92,,
ruler_eur_00080,polity_eur_0064,Kingdom of England,Henry V,rex,,,,1413,1413年,1422,1422年,1413年-1422年,year,,Encyclopaedia Britannica: United Kingdom — History,https://www.britannica.com/place/United-Kingdom/History,,92,,
ruler_eur_00081,polity_eur_0064,Kingdom of England,Henry VII,rex,,,,1485,1485年,1509,1509年,1485年-1509年,year,,Encyclopaedia Britannica: United Kingdom — History,https://www.britannica.com/place/United-Kingdom/History,,92,First Tudor king.,
ruler_eur_00082,polity_eur_0064,Kingdom of England,Henry VIII,rex,,,,1509,1509年,1547,1547年,1509年-1547年,year,,Encyclopaedia Britannica: United Kingdom — History,https://www.britannica.com/place/United-Kingdom/History,,95,,
ruler_eur_00083,polity_eur_0064,Kingdom of England,Elizabeth I,regina,,,,1558,1558年,1603,1603年,1558年-1603年,year,,Encyclopaedia Britannica: United Kingdom — History,https://www.britannica.com/place/United-Kingdom/History,,95,,
ruler_eur_00084,polity_eur_0065,Kingdom of Scotland,Robert I the Bruce,rex Scottorum,,,,1306,1306年,1329,1329年,1306年-1329年,year,,Encyclopaedia Britannica: United Kingdom — History,https://www.britannica.com/place/United-Kingdom/History,,92,,
ruler_eur_00085,polity_eur_0067,Republic of Florence,Cosimo de' Medici (the Elder),Pater Patriae,,,,1434,1434年,1464,1464年,1434年-1464年,year,,Encyclopaedia Britannica: Italy — History,https://www.britannica.com/place/Italy/History,,88,,
ruler_eur_00086,polity_eur_0067,Republic of Florence,Lorenzo de' Medici (the Magnificent),informal head,,,,1469,1469年,1492,1492年,1469年-1492年,year,,Encyclopaedia Britannica: Italy — History,https://www.britannica.com/place/Italy/History,,92,,
ruler_eur_00087,polity_eur_0072,Kingdom of Castile,Alfonso X the Wise,rex,,,,1252,1252年,1284,1284年,1252年-1284年,year,,Encyclopaedia Britannica: Spain — History,https://www.britannica.com/place/Spain/History,,88,,
ruler_eur_00088,polity_eur_0072,Kingdom of Castile,Isabella I of Castile,regina,,,,1474,1474年,1504,1504年,1474年-1504年,year,,Encyclopaedia Britannica: Spain — History,https://www.britannica.com/place/Spain/History,,92,,
ruler_eur_00089,polity_eur_0073,Kingdom (Crown) of Aragon,James I the Conqueror,rex,,,,1213,1213年,1276,1276年,1213年-1276年,year,,Encyclopaedia Britannica: Spain — History,https://www.britannica.com/place/Spain/History,,88,,
ruler_eur_00090,polity_eur_0073,Kingdom (Crown) of Aragon,Ferdinand II of Aragon,rex,,,,1479,1479年,1516,1516年,1479年-1516年,year,,Encyclopaedia Britannica: Spain — History,https://www.britannica.com/place/Spain/History,,92,,
ruler_eur_00091,polity_eur_0075,Kingdom of Poland (Piast & Jagiellonian),Casimir III the Great,rex,,,,1333,1333年,1370,1370年,1333年-1370年,year,,Encyclopaedia Britannica: Poland — History,https://www.britannica.com/place/Poland/History,,88,,
ruler_eur_00092,polity_eur_0075,Kingdom of Poland (Piast & Jagiellonian),Władysław II Jagiełło,rex,,,,1386,1386年,1434,1434年,1386年-1434年,year,,Encyclopaedia Britannica: Poland — History,https://www.britannica.com/place/Poland/History,,88,,
ruler_eur_00093,polity_eur_0077,Kingdom of Hungary,Stephen I (Saint Stephen),rex,,,,1000,1000年,1038,1038年,1000年-1038年,year,,Encyclopaedia Britannica: Hungary — History,https://www.britannica.com/place/Hungary/History,,88,,
ruler_eur_00094,polity_eur_0077,Kingdom of Hungary,Matthias Corvinus,rex,,,,1458,1458年,1490,1490年,1458年-1490年,year,,Encyclopaedia Britannica: Hungary — History,https://www.britannica.com/place/Hungary/History,,92,,
ruler_eur_00095,polity_eur_0080,Serbian Empire (Nemanjić),Stefan Dušan,tsar,,,,1346,1346年,1355,1355年,1346年-1355年,year,,Encyclopaedia Britannica: Byzantine Empire,https://www.britannica.com/place/Byzantine-Empire,,88,,
ruler_eur_00096,polity_eur_0081,Kalmar Union,Margaret I of Denmark,regina,,,,1387,1387年,1412,1412年,1387年-1412年,year,,Encyclopaedia Britannica: Vikings,https://www.britannica.com/topic/Viking-people,,92,,
ruler_eur_00097,polity_eur_0083,Kingdom of Jerusalem,Baldwin I,rex,,,,1100,1100年,1118,1118年,1100年-1118年,year,,Encyclopaedia Britannica: Crusades,https://www.britannica.com/event/Crusades,,85,,
ruler_eur_00098,polity_eur_0083,Kingdom of Jerusalem,Saladin (Ayyubid opponent),sultan (opponent),,,,1187,1187年,1187,1187年,1187年-1187年,year,,Encyclopaedia Britannica: Crusades,https://www.britannica.com/event/Crusades,,80,"Captured Jerusalem 1187; listed for cross-reference, not as king of Jerusalem.",
ruler_eur_00099,polity_eur_0084,Late Byzantine Empire (Nicaea & restored),Constantine XI Palaiologos,basileus,,,,1449,1449年,1453,1453年,1449年-1453年,year,,Encyclopaedia Britannica: Byzantine Empire,https://www.britannica.com/place/Byzantine-Empire,,92,,
ruler_eur_00100,polity_eur_0085,Early Ottoman Beylik / Sultanate,Osman I,bey,,,,1299,1299年,1326,1326年,1299年-1326年,year,,Encyclopaedia Britannica: Ottoman Empire,https://www.britannica.com/place/Ottoman-Empire,,78,,
ruler_eur_00101,polity_eur_0085,Early Ottoman Beylik / Sultanate,Mehmed II the Conqueror,sultan,,,,1444,1444年,1481,1481年,1444年-1481年,year,,Encyclopaedia Britannica: Ottoman Empire,https://www.britannica.com/place/Ottoman-Empire,,92,Captured Constantinople 1453.,
ruler_eur_00102,polity_eur_0086,Grand Duchy of Moscow,Ivan III the Great,grand prince,,,,1462,1462年,1505,1505年,1462年-1505年,year,,Encyclopaedia Britannica: Russia — History,https://www.britannica.com/place/Russia/History,,92,End of Mongol yoke 1480.,
ruler_eur_00103,polity_eur_0088,Spanish Habsburg Monarchy,Charles I (Emperor Charles V),rey,,,,1516,1516年,1556,1556年,1516年-1556年,year,,Encyclopaedia Britannica: Habsburg,https://www.britannica.com/topic/House-of-Habsburg,,95,,
ruler_eur_00104,polity_eur_0088,Spanish Habsburg Monarchy,Philip II,rey,,,,1556,1556年,1598,1598年,1556年-1598年,year,,Encyclopaedia Britannica: Habsburg,https://www.britannica.com/topic/House-of-Habsburg,,95,,
ruler_eur_00105,polity_eur_0088,Spanish Habsburg Monarchy,Philip IV,rey,,,,1621,1621年,1665,1665年,1621年-1665年,year,,Encyclopaedia Britannica: Habsburg,https://www.britannica.com/topic/House-of-Habsburg,,92,,
ruler_eur_00106,polity_eur_0088,Spanish Habsburg Monarchy,Charles II,rey,,,,1665,1665年,1700,1700年,1665年-1700年,year,,Encyclopaedia Britannica: Habsburg,https://www.britannica.com/topic/House-of-Habsburg,,90,,
ruler_eur_00107,polity_eur_0089,Spanish Bourbon Monarchy (early),Philip V,rey,,,,1700,1700年,1746,1746年,1700年-1746年,year,,Encyclopaedia Britannica: Spain — History,https://www.britannica.com/place/Spain/History,,92,,
ruler_eur_00108,polity_eur_0089,Spanish Bourbon Monarchy (early),Charles III,rey,,,,1759,1759年,1788,1788年,1759年-1788年,year,,Encyclopaedia Britannica: Spain — History,https://www.britannica.com/place/Spain/History,,92,,
ruler_eur_00109,polity_eur_0090,Austrian Habsburg Monarchy,Maria Theresa,regina apostolica,,,,1740,1740年,1780,1780年,1740年-1780年,year,,Encyclopaedia Britannica: Habsburg,https://www.britannica.com/topic/House-of-Habsburg,,95,,
ruler_eur_00110,polity_eur_0090,Austrian Habsburg Monarchy,Joseph II,imperator,,,,1765,1765年,1790,1790年,1765年-1790年,year,,Encyclopaedia Britannica: Habsburg,https://www.britannica.com/topic/House-of-Habsburg,,92,,
ruler_eur_00111,polity_eur_0091,Ottoman Empire (Classical/Imperial),Selim I the Grim,sultan,,,,1512,1512年,1520,1520年,1512年-1520年,year,,Encyclopaedia Britannica: Ottoman Empire,https://www.britannica.com/place/Ottoman-Empire,,92,,
ruler_eur_00112,polity_eur_0091,Ottoman Empire (Classical/Imperial),Suleiman the Magnificent,sultan,,,,1520,1520年,1566,1566年,1520年-1566年,year,,Encyclopaedia Britannica: Ottoman Empire,https://www.britannica.com/place/Ottoman-Empire,,95,,
ruler_eur_00113,polity_eur_0091,Ottoman Empire (Classical/Imperial),Mehmed IV,sultan,,,,1648,1648年,1687,1687年,1648年-1687年,year,,Encyclopaedia Britannica: Ottoman Empire,https://www.britannica.com/place/Ottoman-Empire,,88,,
ruler_eur_00114,polity_eur_0092,Kingdom of England (Tudor / early Stuart),Edward VI,rex,,,,1547,1547年,1553,1553年,1547年-1553年,year,,Encyclopaedia Britannica: United Kingdom — History,https://www.britannica.com/place/United-Kingdom/History,,88,,
ruler_eur_00115,polity_eur_0092,Kingdom of England (Tudor / early Stuart),Mary I,regina,,,,1553,1553年,1558,1558年,1553年-1558年,year,,Encyclopaedia Britannica: United Kingdom — History,https://www.britannica.com/place/United-Kingdom/History,,88,,
ruler_eur_00116,polity_eur_0092,Kingdom of England (Tudor / early Stuart),James I (VI of Scotland),rex,,,,1603,1603年,1625,1625年,1603年-1625年,year,,Encyclopaedia Britannica: United Kingdom — History,https://www.britannica.com/place/United-Kingdom/History,,92,,
ruler_eur_00117,polity_eur_0092,Kingdom of England (Tudor / early Stuart),Charles I,rex,,,,1625,1625年,1649,1649年,1625年-1649年,year,,Encyclopaedia Britannica: United Kingdom — History,https://www.britannica.com/place/United-Kingdom/History,,92,,
ruler_eur_00118,polity_eur_0093,Commonwealth of England / Protectorate,Oliver Cromwell,Lord Protector,,,,1653,1653年,1658,1658年,1653年-1658年,year,,Encyclopaedia Britannica: United Kingdom — History,https://www.britannica.com/place/United-Kingdom/History,,92,,
ruler_eur_00119,polity_eur_0094,Kingdom of England (Restoration & Glorious Revolution),Charles II,rex,,,,1660,1660年,1685,1685年,1660年-1685年,year,,Encyclopaedia Britannica: United Kingdom — History,https://www.britannica.com/place/United-Kingdom/History,,92,,
ruler_eur_00120,polity_eur_0094,Kingdom of England (Restoration & Glorious Revolution),James II,rex,,,,1685,1685年,1688,1688年,1685年-1688年,year,,Encyclopaedia Britannica: United Kingdom — History,https://www.britannica.com/place/United-Kingdom/History,,92,,
ruler_eur_00121,polity_eur_0094,Kingdom of England (Restoration & Glorious Revolution),William III & Mary II,rex et regina,,,,1689,1689年,1694,1694年,1689年-1694年,year,,Encyclopaedia Britannica: United Kingdom — History,https://www.britannica.com/place/United-Kingdom/History,,92,,
ruler_eur_00122,polity_eur_0094,Kingdom of England (Restoration & Glorious Revolution),Anne,regina,,,,1702,1702年,1707,1707年,1702年-1707年,year,,Encyclopaedia Britannica: United Kingdom — History,https://www.britannica.com/place/United-Kingdom/History,,92,,
ruler_eur_00123,polity_eur_0095,Kingdom of Great Britain,George I,rex,,,,1714,1714年,1727,1727年,1714年-1727年,year,,Encyclopaedia Britannica: United Kingdom — History,https://www.britannica.com/place/United-Kingdom/History,,92,,
ruler_eur_00124,polity_eur_0095,Kingdom of Great Britain,George II,rex,,,,1727,1727年,1760,1760年,1727年-1760年,year,,Encyclopaedia Britannica: United Kingdom — History,https://www.britannica.com/place/United-Kingdom/History,,92,,
ruler_eur_00125,polity_eur_0095,Kingdom of Great Britain,George III,rex,,,,1760,1760年,1801,1801年,1760年-1801年,year,,Encyclopaedia Britannica: United Kingdom — History,https://www.britannica.com/place/United-Kingdom/History,,92,Continues into United Kingdom.,
ruler_eur_00126,polity_eur_0096,Dutch Republic (United Provinces),William the Silent (Stadtholder),stadhouder,,,,1581,1581年,1584,1584年,1581年-1584年,year,,Encyclopaedia Britannica: History of Europe,https://www.britannica.com/topic/history-of-Europe,,92,,
ruler_eur_00127,polity_eur_0096,Dutch Republic (United Provinces),"William III (Stadtholder, then King of England)",stadhouder,,,,1672,1672年,1702,1702年,1672年-1702年,year,,Encyclopaedia Britannica: History of Europe,https://www.britannica.com/topic/history-of-Europe,,92,,
ruler_eur_00128,polity_eur_0097,Polish-Lithuanian Commonwealth,Stephen Báthory,rex,,,,1576,1576年,1586,1586年,1576年-1586年,year,,Encyclopaedia Britannica: Poland — History,https://www.britannica.com/place/Poland/History,,88,,
ruler_eur_00129,polity_eur_0097,Polish-Lithuanian Commonwealth,Jan III Sobieski,rex,,,,1674,1674年,1696,1696年,1674年-1696年,year,,Encyclopaedia Britannica: Poland — History,https://www.britannica.com/place/Poland/History,,92,Lifted Ottoman siege of Vienna 1683.,
ruler_eur_00130,polity_eur_0097,Polish-Lithuanian Commonwealth,Stanisław August Poniatowski,rex,,,,1764,1764年,1795,1795年,1764年-1795年,year,,Encyclopaedia Britannica: Poland — History,https://www.britannica.com/place/Poland/History,,90,,
ruler_eur_00131,polity_eur_0098,Tsardom of Russia,Ivan IV the Terrible,tsar,,,,1547,1547年,1584,1584年,1547年-1584年,year,,Encyclopaedia Britannica: Russia — History,https://www.britannica.com/place/Russia/History,,92,,
ruler_eur_00132,polity_eur_0098,Tsardom of Russia,Michael Romanov,tsar,,,,1613,1613年,1645,1645年,1613年-1645年,year,,Encyclopaedia Britannica: Russia — History,https://www.britannica.com/place/Russia/History,,92,,
ruler_eur_00133,polity_eur_0098,Tsardom of Russia,Peter I the Great,tsar,,,,1682,1682年,1721,1721年,1682年-1721年,year,,Encyclopaedia Britannica: Russia — History,https://www.britannica.com/place/Russia/History,,95,,
ruler_eur_00134,polity_eur_0099,Russian Empire (Petrine-Catherinian),Peter I (as Emperor),imperator,,,,1721,1721年,1725,1725年,1721年-1725年,year,,Encyclopaedia Britannica: Russia — History,https://www.britannica.com/place/Russia/History,,95,,
ruler_eur_00135,polity_eur_0099,Russian Empire (Petrine-Catherinian),Elizabeth,imperatritsa,,,,1741,1741年,1762,1762年,1741年-1762年,year,,Encyclopaedia Britannica: Russia — History,https://www.britannica.com/place/Russia/History,,92,,
ruler_eur_00136,polity_eur_0099,Russian Empire (Petrine-Catherinian),Catherine II the Great,imperatritsa,,,,1762,1762年,1796,1796年,1762年-1796年,year,,Encyclopaedia Britannica: Russia — History,https://www.britannica.com/place/Russia/History,,95,,
ruler_eur_00137,polity_eur_0100,Swedish Empire (Stormaktstiden),Gustavus Adolphus,rex,,,,1611,1611年,1632,1632年,1611年-1632年,year,,Encyclopaedia Britannica: Vikings,https://www.britannica.com/topic/Viking-people,,92,,
ruler_eur_00138,polity_eur_0100,Swedish Empire (Stormaktstiden),Charles XII,rex,,,,1697,1697年,1718,1718年,1697年-1718年,year,,Encyclopaedia Britannica: Vikings,https://www.britannica.com/topic/Viking-people,,92,,
ruler_eur_00139,polity_eur_0104,Kingdom of Prussia,Frederick II the Great,rex,,,,1740,1740年,1786,1786年,1740年-1786年,year,,Encyclopaedia Britannica: Holy Roman Empire,https://www.britannica.com/place/Holy-Roman-Empire,,95,,
ruler_eur_00140,polity_eur_0104,Kingdom of Prussia,Frederick William III,rex,,,,1797,1797年,1840,1840年,1797年-1840年,year,,Encyclopaedia Britannica: Holy Roman Empire,https://www.britannica.com/place/Holy-Roman-Empire,,88,,
ruler_eur_00141,polity_eur_0104,Kingdom of Prussia,Wilhelm I,rex,,,,1861,1861年,1888,1888年,1861年-1888年,year,,Encyclopaedia Britannica: Holy Roman Empire,https://www.britannica.com/place/Holy-Roman-Empire,,92,Became German Emperor 1871.,
ruler_eur_00142,polity_eur_0104,Kingdom of Prussia,Wilhelm II,rex,,,,1888,1888年,1918,1918年,1888年-1918年,year,,Encyclopaedia Britannica: Holy Roman Empire,https://www.britannica.com/place/Holy-Roman-Empire,,92,,
ruler_eur_00143,polity_eur_0108,French First Republic,Maximilien Robespierre,leader (Committee of Public Safety),,,,1793,1793年,1794,1794年,1793年-1794年,year,,Encyclopaedia Britannica: French Revolution,https://www.britannica.com/event/French-Revolution,,92,,
ruler_eur_00144,polity_eur_0108,French First Republic,Napoleon Bonaparte (First Consul),premier consul,,,,1799,1799年,1804,1804年,1799年-1804年,year,,Encyclopaedia Britannica: Napoleonic Wars,https://www.britannica.com/event/Napoleonic-Wars,,95,,
ruler_eur_00145,polity_eur_0109,First French Empire,Napoleon I,empereur,,,,1804,1804年,1814,1814年,1804年-1814年,year,,Encyclopaedia Britannica: Napoleonic Wars,https://www.britannica.com/event/Napoleonic-Wars,,95,,
ruler_eur_00146,polity_eur_0110,Bourbon Restoration,Louis XVIII,roi,,,,1814,1814年,1824,1824年,1814年-1824年,year,,Encyclopaedia Britannica: France — History,https://www.britannica.com/place/France/History,,92,,
ruler_eur_00147,polity_eur_0110,Bourbon Restoration,Charles X,roi,,,,1824,1824年,1830,1830年,1824年-1830年,year,,Encyclopaedia Britannica: France — History,https://www.britannica.com/place/France/History,,88,,
ruler_eur_00148,polity_eur_0111,July Monarchy,Louis Philippe I,roi des Français,,,,1830,1830年,1848,1848年,1830年-1848年,year,,Encyclopaedia Britannica: France — History,https://www.britannica.com/place/France/History,,92,,
ruler_eur_00149,polity_eur_0113,Second French Empire,Napoleon III,empereur,,,,1852,1852年,1870,1870年,1852年-1870年,year,,Encyclopaedia Britannica: France — History,https://www.britannica.com/place/France/History,,92,,
ruler_eur_00150,polity_eur_0115,United Kingdom of Great Britain and Ireland,Victoria,regina,,,,1837,1837年,1901,1901年,1837年-1901年,year,,Encyclopaedia Britannica: United Kingdom — History,https://www.britannica.com/place/United-Kingdom/History,,95,,
ruler_eur_00151,polity_eur_0115,United Kingdom of Great Britain and Ireland,Edward VII,rex,,,,1901,1901年,1910,1910年,1901年-1910年,year,,Encyclopaedia Britannica: United Kingdom — History,https://www.britannica.com/place/United-Kingdom/History,,92,,
ruler_eur_00152,polity_eur_0115,United Kingdom of Great Britain and Ireland,George V,rex,,,,1910,1910年,1922,1922年,1910年-1922年,year,,Encyclopaedia Britannica: United Kingdom — History,https://www.britannica.com/place/United-Kingdom/History,,92,,
ruler_eur_00153,polity_eur_0116,Austrian Empire,Francis I,Kaiser,,,,1804,1804年,1835,1835年,1804年-1835年,year,,Encyclopaedia Britannica: Habsburg,https://www.britannica.com/topic/House-of-Habsburg,,92,,
ruler_eur_00154,polity_eur_0116,Austrian Empire,Franz Joseph I,Kaiser,,,,1848,1848年,1867,1867年,1848年-1867年,year,,Encyclopaedia Britannica: Habsburg,https://www.britannica.com/topic/House-of-Habsburg,,92,,
ruler_eur_00155,polity_eur_0117,Austria-Hungary,Franz Joseph I,Kaiser und König,,,,1867,1867年,1916,1916年,1867年-1916年,year,,Encyclopaedia Britannica: Habsburg,https://www.britannica.com/topic/House-of-Habsburg,,95,,
ruler_eur_00156,polity_eur_0117,Austria-Hungary,Karl I,Kaiser und König,,,,1916,1916年,1918,1918年,1916年-1918年,year,,Encyclopaedia Britannica: Habsburg,https://www.britannica.com/topic/House-of-Habsburg,,88,,
ruler_eur_00157,polity_eur_0120,German Empire,Wilhelm I,Kaiser,,,,1871,1871年,1888,1888年,1871年-1888年,year,,Encyclopaedia Britannica: Holy Roman Empire,https://www.britannica.com/place/Holy-Roman-Empire,,95,,
ruler_eur_00158,polity_eur_0120,German Empire,Wilhelm II,Kaiser,,,,1888,1888年,1918,1918年,1888年-1918年,year,,Encyclopaedia Britannica: Holy Roman Empire,https://www.britannica.com/place/Holy-Roman-Empire,,95,,
ruler_eur_00159,polity_eur_0121,Kingdom of Italy,Victor Emmanuel II,rex,,,,1861,1861年,1878,1878年,1861年-1878年,year,,Encyclopaedia Britannica: Italian unification,https://www.britannica.com/event/Italian-unification,,92,,
ruler_eur_00160,polity_eur_0121,Kingdom of Italy,Umberto I,rex,,,,1878,1878年,1900,1900年,1878年-1900年,year,,Encyclopaedia Britannica: Italian unification,https://www.britannica.com/event/Italian-unification,,88,,
ruler_eur_00161,polity_eur_0121,Kingdom of Italy,Victor Emmanuel III,rex,,,,1900,1900年,1946,1946年,1900年-1946年,year,,Encyclopaedia Britannica: Italian unification,https://www.britannica.com/event/Italian-unification,,92,,
ruler_eur_00162,polity_eur_0122,Russian Empire (Alexandrine to Nicholas II),Alexander I,imperator,,,,1801,1801年,1825,1825年,1801年-1825年,year,,Encyclopaedia Britannica: Russia — History,https://www.britannica.com/place/Russia/History,,92,,
ruler_eur_00163,polity_eur_0122,Russian Empire (Alexandrine to Nicholas II),Nicholas I,imperator,,,,1825,1825年,1855,1855年,1825年-1855年,year,,Encyclopaedia Britannica: Russia — History,https://www.britannica.com/place/Russia/History,,92,,
ruler_eur_00164,polity_eur_0122,Russian Empire (Alexandrine to Nicholas II),Alexander II,imperator,,,,1855,1855年,1881,1881年,1855年-1881年,year,,Encyclopaedia Britannica: Russia — History,https://www.britannica.com/place/Russia/History,,92,Emancipated serfs 1861.,
ruler_eur_00165,polity_eur_0122,Russian Empire (Alexandrine to Nicholas II),Alexander III,imperator,,,,1881,1881年,1894,1894年,1881年-1894年,year,,Encyclopaedia Britannica: Russia — History,https://www.britannica.com/place/Russia/History,,92,,
ruler_eur_00166,polity_eur_0122,Russian Empire (Alexandrine to Nicholas II),Nicholas II,imperator,,,,1894,1894年,1917,1917年,1894年-1917年,year,,Encyclopaedia Britannica: Russia — History,https://www.britannica.com/place/Russia/History,,95,,
ruler_eur_00167,polity_eur_0123,Ottoman Empire (Tanzimat to late period),Mahmud II,sultan,,,,1808,1808年,1839,1839年,1808年-1839年,year,,Encyclopaedia Britannica: Ottoman Empire,https://www.britannica.com/place/Ottoman-Empire,,92,,
ruler_eur_00168,polity_eur_0123,Ottoman Empire (Tanzimat to late period),Abdulmejid I,sultan,,,,1839,1839年,1861,1861年,1839年-1861年,year,,Encyclopaedia Britannica: Ottoman Empire,https://www.britannica.com/place/Ottoman-Empire,,88,,
ruler_eur_00169,polity_eur_0123,Ottoman Empire (Tanzimat to late period),Abdul Hamid II,sultan,,,,1876,1876年,1909,1909年,1876年-1909年,year,,Encyclopaedia Britannica: Ottoman Empire,https://www.britannica.com/place/Ottoman-Empire,,92,,
ruler_eur_00170,polity_eur_0129,Kingdom of Belgium,Leopold I,roi des Belges,,,,1831,1831年,1865,1865年,1831年-1865年,year,,Encyclopaedia Britannica: History of Europe,https://www.britannica.com/topic/history-of-Europe,,92,,
ruler_eur_00171,polity_eur_0129,Kingdom of Belgium,Leopold II,roi des Belges,,,,1865,1865年,1909,1909年,1865年-1909年,year,,Encyclopaedia Britannica: History of Europe,https://www.britannica.com/topic/history-of-Europe,,92,Personal rule of Congo Free State.,
ruler_eur_00172,polity_eur_0136,United Kingdom of Great Britain and Northern Ireland,George V,rex,,,,1922,1922年,1936,1936年,1922年-1936年,year,,Encyclopaedia Britannica: United Kingdom — History,https://www.britannica.com/place/United-Kingdom/History,,92,,
ruler_eur_00173,polity_eur_0136,United Kingdom of Great Britain and Northern Ireland,George VI,rex,,,,1936,1936年,1945,1945年,1936年-1945年,year,,Encyclopaedia Britannica: United Kingdom — History,https://www.britannica.com/place/United-Kingdom/History,,92,,
ruler_eur_00174,polity_eur_0137,Weimar Republic,Friedrich Ebert,Reichspräsident,,,,1919,1919年,1925,1925年,1919年-1925年,year,,Encyclopaedia Britannica: Holy Roman Empire,https://www.britannica.com/place/Holy-Roman-Empire,,92,,
ruler_eur_00175,polity_eur_0137,Weimar Republic,Paul von Hindenburg,Reichspräsident,,,,1925,1925年,1934,1934年,1925年-1934年,year,,Encyclopaedia Britannica: Holy Roman Empire,https://www.britannica.com/place/Holy-Roman-Empire,,92,,
ruler_eur_00176,polity_eur_0138,Nazi Germany (Third Reich),Adolf Hitler,Führer und Reichskanzler,,,,1933,1933年,1945,1945年,1933年-1945年,year,,Encyclopaedia Britannica: World War II,https://www.britannica.com/event/World-War-II,,95,,
ruler_eur_00177,polity_eur_0138,Nazi Germany (Third Reich),Karl Dönitz,Reichspräsident,,,,1945,1945年,1945,1945年,1945年-1945年,year,,Encyclopaedia Britannica: World War II,https://www.britannica.com/event/World-War-II,,85,,
ruler_eur_00178,polity_eur_0141,Czechoslovakia (First Republic & WWII),Tomáš Masaryk,president,,,,1918,1918年,1935,1935年,1918年-1935年,year,,Encyclopaedia Britannica: Holy Roman Empire,https://www.britannica.com/place/Holy-Roman-Empire,,92,,
ruler_eur_00179,polity_eur_0141,Czechoslovakia (First Republic & WWII),Edvard Beneš,president,,,,1935,1935年,1948,1948年,1935年-1948年,year,,Encyclopaedia Britannica: Holy Roman Empire,https://www.britannica.com/place/Holy-Roman-Empire,,92,,
ruler_eur_00180,polity_eur_0142,Second Polish Republic,Józef Piłsudski,Marshal of Poland,,,,1926,1926年,1935,1935年,1926年-1935年,year,,Encyclopaedia Britannica: Poland — History,https://www.britannica.com/place/Poland/History,,92,,
ruler_eur_00181,polity_eur_0152,Russian SFSR / USSR (early),Vladimir Lenin,Chairman of the Sovnarkom,,,,1917,1917年,1924,1924年,1917年-1924年,year,,Encyclopaedia Britannica: Russia — History,https://www.britannica.com/place/Russia/History,,95,,
ruler_eur_00182,polity_eur_0152,Russian SFSR / USSR (early),Joseph Stalin,General Secretary CPSU,,,,1922,1922年,1945,1945年,1922年-1945年,year,,Encyclopaedia Britannica: Russia — History,https://www.britannica.com/place/Russia/History,,95,,
ruler_eur_00183,polity_eur_0153,Kingdom of Italy under Fascism,Benito Mussolini,Duce / Prime Minister,,,,1922,1922年,1943,1943年,1922年-1943年,year,,Encyclopaedia Britannica: Italian unification,https://www.britannica.com/event/Italian-unification,,95,,
ruler_eur_00184,polity_eur_0157,Spanish State (Franco regime),Francisco Franco,Caudillo,,,,1939,1939年,1945,1945年,1939年-1945年,year,,Encyclopaedia Britannica: Spain — History,https://www.britannica.com/place/Spain/History,,95,Continued in power until death 1975; vEuropean coverage stops at WWII end.,
