polity_id,macro_period,dynasty_name,polity_name,polity_aliases,polity_display_name,polity_name_disambiguation,polity_name_review_status,polity_name_risk_flags,polity_type,polity_start_year,polity_start_label,polity_end_year,polity_end_label,polity_date_raw,polity_date_precision,historical_geography_raw,modern_admin_units_raw,capital_historical,capital_modern,ruling_family_or_clan,ethnicity_or_group,founder,last_ruler,destroyed_by_or_successor,polity_source_titles,polity_source_urls,polity_source_raw,confidence_score,confidence_note,calendar_system_note,v02_row_count,v02_actual_min_year,v02_actual_max_year,v02_actual_years,merged_from_v02_contexts
polity_eur_0001,青铜时代,Minoan,Minoan Civilization (Palatial Period),Minoans|Cretans,米诺斯文明（宫殿期）,,verified,,civilization,-1900,公元前1900年,-1450,公元前1450年,公元前1900年-公元前1450年,year,克里特岛与爱琴海岛屿，以克诺索斯、斐斯托斯、马利亚为宫殿中心。,GRC,Knossos,Knossos,Minoan elites (no recorded dynastic names),Aegean Bronze Age,(legendary Minos),,Mycenaean Greeks,Encyclopaedia Britannica: Minoan civilization,https://www.britannica.com/topic/Minoan-civilization,,60,Minoan palatial period dates from Aegean archaeology; specific rulers not historically attested.,BCE years are negative; no year 0. Pre-Christian-era dates often approximate.,,,,,
polity_eur_0002,青铜时代,Minoan,Minoan Neopalatial Period,Neopalatial Crete,米诺斯新宫殿期,,verified,,civilization,-1700,公元前1700年,-1450,公元前1450年,公元前1700年-公元前1450年,year,克里特岛重建的克诺索斯宫殿建筑群盛期。,GRC,Knossos,Knossos,,Aegean Bronze Age,,,Mycenaean Crete,Encyclopaedia Britannica: Minoan civilization,https://www.britannica.com/topic/Minoan-civilization,,58,Subperiod within Minoan palatial era; overlaps with main Minoan polity.,BCE years are negative; no year 0. Pre-Christian-era dates often approximate.,,,,,
polity_eur_0003,青铜时代,Mycenaean,Mycenaean Greece,Achaeans|Mycenaeans,迈锡尼文明,,verified,,civilization,-1600,公元前1600年,-1100,公元前1100年,公元前1600年-公元前1100年,year,希腊大陆与爱琴海，以迈锡尼、皮洛斯、底比斯、提林斯等堡垒为中心。,GRC,Mycenae,Mycenae,,Aegean Bronze Age,(legendary Perseus),,Dark Age Greek tribes,Encyclopaedia Britannica: Mycenaean civilization,https://www.britannica.com/topic/Mycenaean-civilization,,65,Mycenaean civilization periodized from Linear B tablets and archaeological strata.,BCE years are negative; no year 0. Pre-Christian-era dates often approximate.,,,,,
polity_eur_0004,青铜时代,Trojan,Kingdom of Troy,Ilios|Wilusa,特洛伊王国,,verified,,kingdom,-1300,公元前1300年,-1180,公元前1180年,公元前1300年-公元前1180年,year,安纳托利亚西北角希萨利克丘的城邦，控制达达尼尔海峡贸易。,TUR,Troy,Troy,,Anatolian Bronze Age,,Priam (legendary),Destroyed in Trojan War (legendary),Encyclopaedia Britannica: Greek civilization,https://www.britannica.com/topic/ancient-Greek-civilization,,55,Troy VIIa destruction layer often equated with Trojan War; Homeric account is legendary.,BCE years are negative; no year 0. Pre-Christian-era dates often approximate.,,,,,
polity_eur_0005,青铜时代,Hittite,Hittite Kingdom (Anatolian context),Hatti|Hittites,赫梯王国（安纳托利亚联络体）,,verified,,kingdom,-1650,公元前1650年,-1180,公元前1180年,公元前1650年-公元前1180年,year,安纳托利亚高原；与迈锡尼希腊、特洛伊有外交与冲突。,TUR|SYR,Hattusa,Hattusa,Hittite royal house,Anatolian Indo-European,,,Sea Peoples / Phrygians,Encyclopaedia Britannica: Greek civilization,https://www.britannica.com/topic/ancient-Greek-civilization,,70,Listed in vEuropean as Anatolian neighbor; primary coverage belongs to a future vNearEast dataset.,BCE years are negative; no year 0. Pre-Christian-era dates often approximate.,,,,,
polity_eur_0006,青铜时代,Cycladic,Cycladic Civilization,Cyclades culture,基克拉迪文明,,verified,,civilization,-3000,公元前3000年,-1100,公元前1100年,公元前3000年-公元前1100年,year,爱琴海中部基克拉迪群岛；以大理石雕像与海上贸易闻名。,GRC,,,,Aegean Bronze Age,,,,Encyclopaedia Britannica: Minoan civilization,https://www.britannica.com/topic/Minoan-civilization,,55,"Pre-Minoan and contemporaneous Aegean island culture; no centralized polity, dates archaeological.",BCE years are negative; no year 0. Pre-Christian-era dates often approximate.,,,,,
polity_eur_0007,青铜时代,Villanovan,Proto-Etruscan / Villanovan,Villanovan culture,前埃特鲁里亚 / 维兰诺瓦文化,,verified,,culture,-1100,公元前1100年,-700,公元前700年,公元前1100年-公元前700年,year,意大利中部托斯卡纳与拉齐奥北部；埃特鲁里亚文明先驱。,ITA,,,,Italic Iron Age proto-culture,,,Etruscan League,Encyclopaedia Britannica: Italy — History,https://www.britannica.com/place/Italy/History,,55,Iron Age culture transitioning into historical Etruscan polities.,BCE years are negative; no year 0. Pre-Christian-era dates often approximate.,,,,,
polity_eur_0008,青铜时代,Argaric,Bronze Age Iberia (El Argar),El Argar culture,伊比利亚青铜时代（阿尔加文化）,,verified,,culture,-2200,公元前2200年,-1550,公元前1550年,公元前2200年-公元前1550年,year,伊比利亚半岛东南部，以山顶聚落与冶金著称。,ESP,,,,Iberian Bronze Age,,,,Encyclopaedia Britannica: Spain — History,https://www.britannica.com/place/Spain/History,,55,Archaeological culture; no named rulers or capitals.,BCE years are negative; no year 0. Pre-Christian-era dates often approximate.,,,,,
polity_eur_0009,青铜时代,Nordic Bronze,Nordic Bronze Age,Nordic Bronze Age culture,北欧青铜时代,,verified,,culture,-1750,公元前1750年,-500,公元前500年,公元前1750年-公元前500年,year,斯堪的纳维亚南部与日德兰半岛；岩画与青铜器证据。,DNK|NOR|SWE,,,,Nordic Bronze Age,,,,Encyclopaedia Britannica: Minoan civilization,https://www.britannica.com/topic/Minoan-civilization,,50,"Cultural horizon, not a political entity; included to mark Northern European Bronze Age era.",BCE years are negative; no year 0. Pre-Christian-era dates often approximate.,,,,,
polity_eur_0010,青铜时代,Urnfield,Urnfield Culture,Hallstatt-precursor|Urnfield,骨灰瓮文化,,verified,,culture,-1300,公元前1300年,-750,公元前750年,公元前1300年-公元前750年,year,中欧多瑙河流域；以骨灰瓮葬俗为标志，前凯尔特先驱。,DEU|AUT|CZE|HUN|POL,,,,Central European Bronze Age,,,Hallstatt (Iron Age Celts),Encyclopaedia Britannica: History of Europe,https://www.britannica.com/topic/history-of-Europe,,55,Late Bronze Age cultural horizon transitioning into Iron Age Hallstatt/Celtic cultures.,BCE years are negative; no year 0. Pre-Christian-era dates often approximate.,,,,,
polity_eur_0011,铁器时代,Geometric Greece,Greek Dark Age,Geometric period,希腊黑暗时代,,verified,,tribal_confederations,-1100,公元前1100年,-800,公元前800年,公元前1100年-公元前800年,year,希腊大陆与爱琴海岛屿；文字消失、人口下降。,GRC,,,,Greek,,,Greek archaic city-states,Encyclopaedia Britannica: Greek civilization,https://www.britannica.com/topic/ancient-Greek-civilization,,60,"Post-Mycenaean collapse, before alphabet adoption; not a centralized polity.",BCE years are negative; no year 0. Pre-Christian-era dates often approximate.,,,,,
polity_eur_0012,铁器时代,Phoenician,Phoenician City-States (homeland),Tyre|Sidon|Byblos,腓尼基城邦（黎凡特本土）,,verified,,city_state_federation,-1200,公元前1200年,-332,公元前332年,公元前1200年-公元前332年,year,黎凡特沿海（推罗、西顿、比布鲁斯、贝鲁特）；海上贸易帝国母邦。,LBN|SYR|ISR,,,,Semitic Canaanite,,,"Persian, then Hellenistic",Encyclopaedia Britannica: Carthage,https://www.britannica.com/place/Carthage-ancient-city-Tunisia,,72,"Listed for completeness; Phoenician homeland in Levant, contemporaneous with Greek archaic.",BCE years are negative; no year 0. Pre-Christian-era dates often approximate.,,,,,
polity_eur_0013,铁器时代,Magonid / Barcid,Carthage (Phoenician Colony to Punic Republic),Qart-ḥadašt|Carthago,迦太基（腓尼基殖民地到布匿共和国）,,verified,,republic,-814,公元前814年,-146,公元前146年,公元前814年-公元前146年,year,北非现突尼斯；最大殖民帝国控制西地中海。,TUN|DZA|ESP|ITA,Carthage,Carthage,"Magonid family, Barcid family",Phoenician,(legendary) Dido / Elissa,Hasdrubal (last Punic War general),"Roman Republic (Third Punic War, 146 BCE)",Encyclopaedia Britannica: Carthage,https://www.britannica.com/place/Carthage-ancient-city-Tunisia,,85,Founded c. 814 BCE per Phoenician tradition; destroyed 146 BCE by Rome.,BCE years are negative; no year 0. Pre-Christian-era dates often approximate.,,,,,
polity_eur_0014,古风时代,Athenian,Athens (Archaic Period),Athenai,雅典（古风时代）,,verified,,city_state,-753,公元前753年,-508,公元前508年,公元前753年-公元前508年,year,阿提卡半岛；以雅典卫城为政治宗教中心。,GRC,Athens,Athens,,Greek,(legendary) Theseus,,"Classical Athens (Cleisthenes reforms, 508 BCE)",Encyclopaedia Britannica: Greek civilization,https://www.britannica.com/topic/ancient-Greek-civilization,,72,"Pre-democratic Athens; archon system, Solon and Peisistratus reforms.",BCE years are negative; no year 0. Pre-Christian-era dates often approximate.,,,,,
polity_eur_0015,古风时代,Spartan,Sparta (Archaic-Classical),Lacedaemon,斯巴达,,verified,,dual_monarchy,-700,公元前700年,-371,公元前371年,公元前700年-公元前371年,year,拉科尼亚平原；以严格军事社会与双王制著称。,GRC,Sparta,Sparta,Agiad and Eurypontid royal houses,Doric Greek,,,Decline after Battle of Leuctra (371 BCE),Encyclopaedia Britannica: Greek civilization,https://www.britannica.com/topic/ancient-Greek-civilization,,78,Dual kingship; rule by gerousia and apella; dominant land power until 371 BCE.,BCE years are negative; no year 0. Pre-Christian-era dates often approximate.,,,,,
polity_eur_0016,古风时代,Bacchiadae / Cypselid,Corinth (Archaic),Korinthos,科林斯,,verified,,city_state,-750,公元前750年,-146,公元前146年,公元前750年-公元前146年,year,伊斯特摩斯地峡；连接伯罗奔尼撒与希腊大陆，重要海上贸易枢纽。,GRC,Corinth,Corinth,,Doric Greek,,,Roman destruction 146 BCE,Encyclopaedia Britannica: Greek civilization,https://www.britannica.com/topic/ancient-Greek-civilization,,72,,BCE years are negative; no year 0. Pre-Christian-era dates often approximate.,,,,,
polity_eur_0017,古风时代,Theban,Thebes (Boeotia),Thebai,底比斯（维奥蒂亚）,,verified,,city_state,-1100,公元前1100年,-335,公元前335年,公元前1100年-公元前335年,year,希腊中部维奥蒂亚平原；维奥蒂亚同盟领袖。,GRC,Thebes,Thebes,,Aeolic Greek,,,Destroyed by Alexander 335 BCE,Encyclopaedia Britannica: Greek civilization,https://www.britannica.com/topic/ancient-Greek-civilization,,70,,BCE years are negative; no year 0. Pre-Christian-era dates often approximate.,,,,,
polity_eur_0018,古风时代,Milesian,Miletus,Miletos,米利都,,verified,,city_state,-1000,公元前1000年,-494,公元前494年,公元前1000年-公元前494年,year,安纳托利亚西海岸，爱奥尼亚同盟核心，前苏格拉底哲学发源。,TUR,Miletus,Miletus,,Ionian Greek,,,Sacked by Persians 494 BCE during Ionian Revolt,Encyclopaedia Britannica: Greek civilization,https://www.britannica.com/topic/ancient-Greek-civilization,,68,,BCE years are negative; no year 0. Pre-Christian-era dates often approximate.,,,,,
polity_eur_0019,古风时代,Roman Kings,Roman Kingdom,Regnum Romanum,罗马王政时期,,verified,,kingdom,-753,公元前753年,-509,公元前509年,公元前753年-公元前509年,year,拉丁姆罗马城；据传由七王统治。,ITA,Rome,Rome,Seven Kings of Rome (legendary),Latin,"Romulus (legendary, 753 BCE)",Tarquinius Superbus (expelled 509 BCE),Roman Republic,Encyclopaedia Britannica: Ancient Rome,https://www.britannica.com/place/ancient-Rome,,55,Founding date 753 BCE per Varronian chronology; first four kings considered legendary.,BCE years are negative; no year 0. Pre-Christian-era dates often approximate.,,,,,
polity_eur_0020,古风时代,Etruscan,Etruscan League (Dodecapolis),Etrusci|Tusci,埃特鲁里亚十二城联盟,,verified,,city_state_federation,-800,公元前800年,-264,公元前264年,公元前800年-公元前264年,year,意大利中部托斯卡纳/拉齐奥北部；十二座城邦松散联盟。,ITA,,,,Etruscan (pre-Indo-European),,,Roman conquest,Encyclopaedia Britannica: Italy — History,https://www.britannica.com/place/Italy/History,,68,"Loose religious-political federation; cities include Veii, Tarquinia, Volsinii, Caere.",BCE years are negative; no year 0. Pre-Christian-era dates often approximate.,,,,,
polity_eur_0021,古风时代,Hallstatt,Hallstatt Celts,Early Celtic culture,哈尔施塔特凯尔特文化,,verified,,tribal_culture,-800,公元前800年,-450,公元前450年,公元前800年-公元前450年,year,中欧多瑙河上游、东法兰西；以盐矿与铁器工艺著称。,AUT|DEU|CHE|FRA|CZE,,,,Celtic,,,La Tène culture,Encyclopaedia Britannica: History of Europe,https://www.britannica.com/topic/history-of-Europe,,58,Iron Age culture; transitions to La Tène c. 450 BCE.,BCE years are negative; no year 0. Pre-Christian-era dates often approximate.,,,,,
polity_eur_0022,古风时代,Scythian,Scythian Kingdom (Pontic Steppe),Scythians|Sakas,斯基泰王国（黑海草原）,,verified,,nomadic_kingdom,-700,公元前700年,-200,公元前200年,公元前700年-公元前200年,year,黑海北岸草原；游牧民族强权，与希腊殖民地交界。,UKR|RUS|MDA|ROU,,,,Indo-Iranian,,,Sarmatian displacement,Encyclopaedia Britannica: History of Europe,https://www.britannica.com/topic/history-of-Europe,,62,Pontic Scythian polity; included for vEuropean coverage as Black Sea frontier neighbor.,BCE years are negative; no year 0. Pre-Christian-era dates often approximate.,,,,,
polity_eur_0023,古风时代,Odrysian,Odrysian Kingdom (Thracians),Thracians,奥德里西亚（色雷斯）王国,,verified,,kingdom,-480,公元前480年,-46,公元前46年,公元前480年-公元前46年,year,色雷斯（保加利亚现境内）；与马其顿、雅典周旋。,BGR|GRC|TUR,,,,Thracian,,,Roman Thracia province (46 CE),Encyclopaedia Britannica: History of Europe,https://www.britannica.com/topic/history-of-Europe,,65,,BCE years are negative; no year 0. Pre-Christian-era dates often approximate.,,,,,
polity_eur_0024,古风时代,Illyrian dynasts,Illyrian Kingdoms,Illyrians,伊利里亚诸王国,,verified,,tribal_kingdoms,-400,公元前400年,-168,公元前168年,公元前400年-公元前168年,year,亚得里亚海东岸（现阿尔巴尼亚、克罗地亚南、黑山）。,ALB|HRV|MNE|BIH,,,,Illyrian,,,Roman conquest 168 BCE,Encyclopaedia Britannica: History of Europe,https://www.britannica.com/topic/history-of-Europe,,62,,BCE years are negative; no year 0. Pre-Christian-era dates often approximate.,,,,,
polity_eur_0025,古风时代,Celtiberian tribes,Celtiberian Confederations,Celtiberi,塞尔特伊比利亚部落联盟,,verified,,tribal_confederations,-500,公元前500年,-19,公元前19年,公元前500年-公元前19年,year,伊比利亚半岛中北部；凯尔特人与本地伊比利亚人融合。,ESP,,,,Celtiberian,,,Roman conquest under Augustus,Encyclopaedia Britannica: Spain — History,https://www.britannica.com/place/Spain/History,,60,,BCE years are negative; no year 0. Pre-Christian-era dates often approximate.,,,,,
polity_eur_0026,古典时代,Athenian democracy,Classical Athens,Athenai|Demos Athēnaion,古典雅典,,verified,,democratic_city_state,-508,公元前508年,-322,公元前322年,公元前508年-公元前322年,year,阿提卡；希波战争后建立提洛同盟海上帝国。,GRC,Athens,Athens,Cleisthenic democracy (no dynasty),Ionian Greek,Cleisthenes (508 BCE reforms),,Macedonian hegemony after Chaeronea,Encyclopaedia Britannica: Greek civilization,https://www.britannica.com/topic/ancient-Greek-civilization,,88,Democratic period from Cleisthenes reforms to Lamian War end.,BCE years are negative; no year 0. Pre-Christian-era dates often approximate.,,,,,
polity_eur_0027,古典时代,Argead,Kingdom of Macedonia (Argead),Makedonia,马其顿王国（阿基德王朝）,,verified,,kingdom,-700,公元前700年,-310,公元前310年,公元前700年-公元前310年,year,希腊北部马其顿地区；菲利普二世与亚历山大大帝建立希腊化帝国。,GRC|MKD|BGR,Pella,Pella,Argead dynasty,Macedonian Greek,Caranus (legendary),Alexander IV (assassinated 310 BCE),Antigonid Macedonia,Encyclopaedia Britannica: Greek civilization,https://www.britannica.com/topic/ancient-Greek-civilization,,82,,BCE years are negative; no year 0. Pre-Christian-era dates often approximate.,,,,,
polity_eur_0028,希腊化时代,Antigonid,Antigonid Macedonia,Antigonids,安提柯王朝马其顿,,verified,,kingdom,-276,公元前276年,-168,公元前168年,公元前276年-公元前168年,year,马其顿核心；与罗马多次马其顿战争。,GRC|MKD,Pella,Pella,Antigonid dynasty,Macedonian Greek,Antigonus II Gonatas,Perseus (captured at Pydna 168 BCE),Roman province of Macedonia,Encyclopaedia Britannica: Greek civilization,https://www.britannica.com/topic/ancient-Greek-civilization,,82,,BCE years are negative; no year 0. Pre-Christian-era dates often approximate.,,,,,
polity_eur_0029,希腊化时代,Seleucid,Seleucid Empire,Basileia tōn Seleukidōn,塞琉古帝国,,verified,,empire,-312,公元前312年,-63,公元前63年,公元前312年-公元前63年,year,西到小亚细亚，东达印度边境；亚历山大帝国东半部主要继业者。,TUR|SYR|IRQ|IRN,Antioch,Antioch,Seleucid dynasty,Macedonian Greek elite,Seleucus I Nicator,Philip II Philoromaeus,Roman Syria 63 BCE,Encyclopaedia Britannica: Greek civilization,https://www.britannica.com/topic/ancient-Greek-civilization,,82,,BCE years are negative; no year 0. Pre-Christian-era dates often approximate.,,,,,
polity_eur_0030,希腊化时代,Ptolemaic,Ptolemaic Egypt,Lagid dynasty,托勒密埃及,,verified,,kingdom,-305,公元前305年,-30,公元前30年,公元前305年-公元前30年,year,埃及尼罗河谷；亚历山大里亚为希腊化世界最大文化中心。,EGY|LBY|CYP,Alexandria,Alexandria,Ptolemaic dynasty,Macedonian Greek elite,Ptolemy I Soter,Cleopatra VII,Roman Egypt 30 BCE,Encyclopaedia Britannica: Greek civilization,https://www.britannica.com/topic/ancient-Greek-civilization,,86,,BCE years are negative; no year 0. Pre-Christian-era dates often approximate.,,,,,
polity_eur_0031,希腊化时代,Attalid,Kingdom of Pergamon (Attalid),Pergamene,帕加马（阿塔利德王朝）,,verified,,kingdom,-281,公元前281年,-133,公元前133年,公元前281年-公元前133年,year,安纳托利亚西部；以图书馆与雕塑闻名。,TUR,Pergamon,Pergamon,Attalid dynasty,Macedonian Greek elite,Philetaerus,Attalus III (bequeathed kingdom to Rome 133 BCE),Roman province of Asia,Encyclopaedia Britannica: Greek civilization,https://www.britannica.com/topic/ancient-Greek-civilization,,80,,BCE years are negative; no year 0. Pre-Christian-era dates often approximate.,,,,,
polity_eur_0032,古典时代,Senatus Populusque Romanus,Roman Republic,Res Publica Romana|SPQR,罗马共和国,,verified,,republic,-509,公元前509年,-27,公元前27年,公元前509年-公元前27年,year,从拉丁姆扩张至整个地中海；最终演变为罗马帝国。,ITA|FRA|ESP|PRT|GRC|TUR|EGY|TUN|LBY|DZA|MAR|GBR|HRV|SVN|MKD|ALB|BGR|ROU,Rome,Rome,Senatorial oligarchy / consular rotation,Latin / Italic,Lucius Junius Brutus (509 BCE expulsion of kings),"Octavian (Augustus, ended Republic 27 BCE)",Roman Empire,Encyclopaedia Britannica: Ancient Rome,https://www.britannica.com/place/ancient-Rome,,92,,BCE years are negative; no year 0. Pre-Christian-era dates often approximate.,,,,,
polity_eur_0033,古典时代,"Julio-Claudian, Flavian, Antonine, Severan",Roman Empire (Principate),Imperium Romanum,罗马帝国（元首制）,,verified,,empire,-27,公元前27年,284,284年,公元前27年-284年,year,地中海全境、不列颠、莱茵-多瑙边境、近东。,ITA|FRA|ESP|PRT|GRC|TUR|EGY|TUN|LBY|DZA|MAR|GBR|HRV|SVN|MKD|ALB|BGR|ROU|SRB|BIH|CHE|AUT|HUN|DEU|BEL|NLD|LUX|SYR|LBN|ISR|JOR|IRQ|MDA,Rome,Rome,Julio-Claudian → Flavian → Nerva-Antonine → Severan,Roman,Augustus (Octavian),Carinus (assassinated 285 CE before Diocletian's reforms),"Roman Dominate (Diocletian, 284 CE)",Encyclopaedia Britannica: Roman Empire,https://www.britannica.com/place/Roman-Empire,,92,,BCE years are negative; no year 0. Pre-Christian-era dates often approximate.,,,,,
polity_eur_0034,古典时代,Diocletianic / Constantinian,Roman Empire (Dominate),Late Roman Empire,罗马帝国（君主制）,,verified,,empire,284,284年,395,395年,284年-395年,year,戴克里先四帝共治改革后的晚期罗马帝国，最终东西分治。,ITA|FRA|ESP|PRT|GRC|TUR|EGY|TUN|LBY|DZA|MAR|GBR|HRV|SVN|MKD|ALB|BGR|ROU|SRB|BIH|CHE|AUT|HUN|DEU|BEL|NLD|LUX|SYR|LBN|ISR|JOR,Rome,Rome,Tetrarchy → Constantinian → Valentinian → Theodosian,Roman,Diocletian,Theodosius I (last to rule both halves),Western Roman Empire / Eastern Roman (Byzantine),Encyclopaedia Britannica: Roman Empire,https://www.britannica.com/place/Roman-Empire,,88,,BCE years are negative; no year 0. Pre-Christian-era dates often approximate.,,,,,
polity_eur_0035,古典时代,Theodosian / Valentinian III,Western Roman Empire,Imperium Romanum Occidentale,西罗马帝国,,verified,,empire,395,395年,476,476年,395年-476年,year,西部行省：意大利、高卢、不列颠、伊比利亚、北非西半。,ITA|FRA|ESP|PRT|GBR|TUN|DZA|MAR|CHE|AUT|DEU|BEL|NLD|LUX,Ravenna,Ravenna,"Theodosian dynasty, later puppet emperors",Roman,Honorius (first separate Western emperor),Romulus Augustulus (deposed by Odoacer 476),Odoacer's kingdom / Ostrogothic Italy,Encyclopaedia Britannica: Roman Empire,https://www.britannica.com/place/Roman-Empire,,90,,BCE years are negative; no year 0. Pre-Christian-era dates often approximate.,,,,,
polity_eur_0036,古典时代,Theodosian / Justinian / Heraclian,Eastern Roman Empire (early Byzantine),Basileia Rhōmaiōn,东罗马帝国（早期拜占庭）,,verified,,empire,395,395年,717,717年,395年-717年,year,希腊、巴尔干、安纳托利亚、黎凡特、埃及，后失东方诸省。,GRC|TUR|BGR|MKD|ALB|SRB|MNE|HRV|EGY|SYR|LBN|ISR|JOR|LBY|TUN|ITA,Constantinople,Constantinople,Theodosian → Leonid → Justinian → Heraclian,Greco-Roman,Arcadius,,Middle Byzantine (Iconoclast era from 717),Encyclopaedia Britannica: Byzantine Empire,https://www.britannica.com/place/Byzantine-Empire,,88,,BCE years are negative; no year 0. Pre-Christian-era dates often approximate.,,,,,
polity_eur_0037,古典时代,Amal dynasty,Ostrogothic Kingdom of Italy,Regnum Italiae,东哥特意大利王国,,verified,,kingdom,493,493年,553,553年,493年-553年,year,意大利全境；西罗马继承者，由查士丁尼东哥特战争消灭。,ITA|SVN|HRV,Ravenna,Ravenna,Amal dynasty,Ostrogoth,Theodoric the Great,Teia (killed at Mons Lactarius 553),Byzantine reconquest / Lombard invasion,Encyclopaedia Britannica: Ancient Rome,https://www.britannica.com/place/ancient-Rome,,82,,BCE years are negative; no year 0. Pre-Christian-era dates often approximate.,,,,,
polity_eur_0038,古典时代,Visigothic,Visigothic Kingdom,Regnum Gothorum,西哥特王国,,verified,,kingdom,418,418年,711,711年,418年-711年,year,阿基坦与伊比利亚；最终为伊比利亚穆斯林征服。,ESP|PRT|FRA,Toledo,Toledo,Visigothic elective monarchy,Visigoth,Theodoric I,Roderic (killed at Guadalete 711),Al-Andalus (Umayyad Iberia),Encyclopaedia Britannica: Spain — History,https://www.britannica.com/place/Spain/History,,80,,BCE years are negative; no year 0. Pre-Christian-era dates often approximate.,,,,,
polity_eur_0039,古典时代,Hasdingi,Vandal Kingdom,Regnum Vandalorum,汪达尔王国,,verified,,kingdom,435,435年,534,534年,435年-534年,year,北非（迦太基为都）；曾洗劫罗马 455 年。,TUN|DZA|LBY,Carthage,Carthage,Hasdingi dynasty,Vandal,Genseric,Gelimer (defeated by Belisarius 534),Byzantine reconquest,Encyclopaedia Britannica: Ancient Rome,https://www.britannica.com/place/ancient-Rome,,80,,BCE years are negative; no year 0. Pre-Christian-era dates often approximate.,,,,,
polity_eur_0040,古典时代,Merovingian,Merovingian Frankish Kingdom,Francia|Frankish Realm,墨洛温法兰克王国,,verified,,kingdom,481,481年,751,751年,481年-751年,year,高卢全境，从图尔奈扩展到整个莱茵-比利时-法国-德意志西部。,FRA|BEL|NLD|LUX|DEU|CHE,Tournai,Tournai,Merovingian dynasty,Frankish (Salian),Clovis I,Childeric III (deposed 751),Carolingian dynasty,Encyclopaedia Britannica: Frankish kingdom,https://www.britannica.com/place/Frankish-kingdom,,85,,BCE years are negative; no year 0. Pre-Christian-era dates often approximate.,,,,,
polity_eur_0041,古典时代,Anglo-Saxon,Anglo-Saxon Heptarchy,Seven Kingdoms,盎格鲁-撒克逊七国时代,,verified,,kingdoms_confederation,410,410年,927,927年,410年-927年,year,不列颠岛南半部；七大主要王国（肯特、苏塞克斯、韦塞克斯、埃塞克斯、东盎格利亚、麦西亚、诺森布里亚）。,GBR|GB-ENG,Winchester,Winchester,Multiple Anglo-Saxon dynasties,Anglo-Saxon,"Hengist & Horsa (legendary, 449)",,"Kingdom of England (Æthelstan, 927)",Encyclopaedia Britannica: Greek civilization,https://www.britannica.com/topic/ancient-Greek-civilization,,72,,BCE years are negative; no year 0. Pre-Christian-era dates often approximate.,,,,,
polity_eur_0042,古典时代,Achaemenid,Achaemenid Persian Empire (European context),First Persian Empire,阿契美尼德波斯帝国（欧洲语境）,,verified,,empire,-550,公元前550年,-330,公元前330年,公元前550年-公元前330年,year,波斯本土加全部近东，西延至安纳托利亚色雷斯。,IRN|IRQ|SYR|TUR|EGY,,,Achaemenid,Persian,Cyrus the Great,Darius III (killed 330 BCE),Alexander's empire,Encyclopaedia Britannica: Achaemenian dynasty,https://www.britannica.com/topic/Achaemenian-dynasty,,85,Listed for vEuropean coverage as Persian Wars antagonist; primary coverage in vNearEast (future).,BCE years are negative; no year 0. Pre-Christian-era dates often approximate.,,,,,
polity_eur_0043,中古时代,Isaurian / Macedonian / Komnenian,Middle Byzantine Empire,Basileia Rhōmaiōn,中期拜占庭帝国,,verified,,empire,717,717年,1204,1204年,717年-1204年,year,希腊与安纳托利亚核心；马其顿王朝时期一度恢复至意大利南部与黎凡特。,GRC|TUR|BGR|MKD|ALB|SRB|MNE|HRV|CYP|ITA|SYR|LBN|ISR|JOR,Constantinople,Constantinople,Isaurian → Amorian → Macedonian → Doukas → Komnenos → Angelos,Greco-Roman,Leo III the Isaurian,Alexios V Doukas (Constantinople sacked 1204),Nicaean Empire / Latin Empire,Encyclopaedia Britannica: Byzantine Empire,https://www.britannica.com/place/Byzantine-Empire,,88,,BCE years are negative; no year 0. Pre-Christian-era dates often approximate.,,,,,
polity_eur_0044,中古时代,Carolingian,Carolingian Empire,Imperium Francorum,加洛林帝国,,verified,,empire,751,751年,887,887年,751年-887年,year,法兰西、低地、德意志西部、意大利北部、加泰罗尼亚边境。,FRA|DEU|BEL|NLD|LUX|CHE|AUT|ITA|ESP,Aachen,Aachen,Carolingian dynasty,Frankish,Pepin the Short (751),Charles the Fat (deposed 887),West Francia / East Francia / Lotharingia,Encyclopaedia Britannica: Carolingian dynasty,https://www.britannica.com/topic/Carolingian-dynasty,,90,,BCE years are negative; no year 0. Pre-Christian-era dates often approximate.,,,,,
polity_eur_0045,中古时代,Carolingian / Capetian,West Francia,Francia Occidentalis,西法兰克王国,,verified,,kingdom,843,843年,987,987年,843年-987年,year,法兰西大致疆域（Verdun 条约划定）。,FRA|BEL,Paris,Paris,Carolingian → Robertian → Capetian,Frankish,Charles the Bald (Treaty of Verdun),Louis V (last Carolingian),"Kingdom of France (Hugh Capet, 987)",Encyclopaedia Britannica: Carolingian dynasty,https://www.britannica.com/topic/Carolingian-dynasty,,85,,BCE years are negative; no year 0. Pre-Christian-era dates often approximate.,,,,,
polity_eur_0046,中古时代,Carolingian / Ottonian,East Francia,Francia Orientalis,东法兰克王国,,verified,,kingdom,843,843年,962,962年,843年-962年,year,德意志诸公国（萨克森、巴伐利亚、士瓦本、法兰克尼亚等）。,DEU|AUT|CHE|NLD,Frankfurt,Frankfurt,Carolingian → Ottonian,Frankish / Saxon,Louis the German,"Otto I (crowned emperor 962, marks HRE founding)",Holy Roman Empire,Encyclopaedia Britannica: Carolingian dynasty,https://www.britannica.com/topic/Carolingian-dynasty,,85,,BCE years are negative; no year 0. Pre-Christian-era dates often approximate.,,,,,
polity_eur_0047,中古时代,Carolingian,Middle Francia / Lotharingia,Lotharingia,中法兰克 / 洛塔尔林吉亚,,verified,,kingdom,843,843年,870,870年,843年-870年,year,低地国、洛林、勃艮第、意大利北部、普罗旺斯。,NLD|BEL|LUX|FRA|CHE|DEU|ITA,Pavia,Pavia,Carolingian (Lothair line),Frankish,Lothair I (Treaty of Verdun),Lothair II,Divided by Treaty of Meersen 870,Encyclopaedia Britannica: Carolingian dynasty,https://www.britannica.com/topic/Carolingian-dynasty,,78,,BCE years are negative; no year 0. Pre-Christian-era dates often approximate.,,,,,
polity_eur_0048,中古时代,Umayyad,Umayyad al-Andalus (Caliphate of Córdoba),Al-Andalus|Caliphate of Córdoba,后倭马亚安达卢斯（科尔多瓦哈里发国）,,verified,,emirate_caliphate,711,711年,1031,1031年,711年-1031年,year,伊比利亚半岛大部；穆斯林西班牙的鼎盛期。,ESP|PRT,Cordoba,Cordoba,Umayyad dynasty (Andalusian branch),Arab-Berber Muslim,Abd al-Rahman I (756 Emirate); Abd al-Rahman III (929 Caliphate),Hisham III (deposed 1031),Taifa kingdoms,Encyclopaedia Britannica: Spain — History,https://www.britannica.com/place/Spain/History,,88,,BCE years are negative; no year 0. Pre-Christian-era dates often approximate.,,,,,
polity_eur_0049,中古时代,Asturian / Leonese,Kingdom of Asturias / León,Regnum Asturorum,阿斯图里亚斯-莱昂王国,,verified,,kingdom,718,718年,1230,1230年,718年-1230年,year,伊比利亚北部基督教抵抗中心；阿斯图里亚斯→莱昂。,ESP,León,León,Asturian-Leonese,Iberian Christian,Pelagius of Asturias,,Castile-Leon union 1230,Encyclopaedia Britannica: Spain — History,https://www.britannica.com/place/Spain/History,,78,,BCE years are negative; no year 0. Pre-Christian-era dates often approximate.,,,,,
polity_eur_0050,中古时代,Navarrese,Kingdom of Navarre,Regnum Navarrae,纳瓦拉王国,,verified,,kingdom,824,824年,1620,1620年,824年-1620年,year,比利牛斯山西部，巴斯克地区核心。,ESP|FRA|ES-NC,,,Navarrese (Íñiguez → Jiménez → others),Basque / Iberian Christian,Iñigo Arista,,"Castilian annexation south 1512, French Bourbon north until 1620",Encyclopaedia Britannica: Spain — History,https://www.britannica.com/place/Spain/History,,78,,BCE years are negative; no year 0. Pre-Christian-era dates often approximate.,,,,,
polity_eur_0051,中古时代,House of Wessex / Cerdicings,Kingdom of Wessex,West Saxons,韦塞克斯王国,,verified,,kingdom,519,519年,927,927年,519年-927年,year,英格兰西南部；阿尔弗雷德大王抵御维京后扩张为英格兰。,GBR|GB-ENG,Winchester,Winchester,House of Wessex,Anglo-Saxon,"Cerdic (legendary, 519)","Æthelstan (first king of all England, 927)",Kingdom of England,Encyclopaedia Britannica: United Kingdom — History,https://www.britannica.com/place/United-Kingdom/History,,80,,BCE years are negative; no year 0. Pre-Christian-era dates often approximate.,,,,,
polity_eur_0052,中古时代,Fairhair dynasty,Kingdom of Norway (Viking Age),Norwegian Vikings,挪威王国（维京时代起）,,verified,,kingdom,872,872年,1397,1397年,872年-1397年,year,挪威本土加冰岛、法罗群岛、奥克尼、设得兰、北部不列颠殖民点。,NOR|ISL,Trondheim,Trondheim,Fairhair → Hardrada → various,Norse,Harald Fairhair,,Kalmar Union (1397),Encyclopaedia Britannica: Vikings,https://www.britannica.com/topic/Viking-people,,82,,BCE years are negative; no year 0. Pre-Christian-era dates often approximate.,,,,,
polity_eur_0053,中古时代,Jelling dynasty,Kingdom of Denmark (Viking Age),Danish Vikings,丹麦王国（维京时代起）,,verified,,kingdom,936,936年,1397,1397年,936年-1397年,year,日德兰半岛、岛屿；北海帝国时期含英格兰部分。,DNK|GB-ENG,Roskilde,Roskilde,Jelling → Estridsen,Danish Norse,Gorm the Old,,Kalmar Union (1397),Encyclopaedia Britannica: Vikings,https://www.britannica.com/topic/Viking-people,,82,,BCE years are negative; no year 0. Pre-Christian-era dates often approximate.,,,,,
polity_eur_0054,中古时代,House of Munsö,Kingdom of Sweden (Viking Age),Swedish Vikings,瑞典王国（维京时代起）,,verified,,kingdom,970,970年,1397,1397年,970年-1397年,year,斯堪的纳维亚东部；瓦良格人扩张到东欧水道。,SWE,Uppsala,Uppsala,House of Munsö → Sverker → Eric,Swedish Norse,Eric the Victorious,,Kalmar Union (1397),Encyclopaedia Britannica: Vikings,https://www.britannica.com/topic/Viking-people,,78,,BCE years are negative; no year 0. Pre-Christian-era dates often approximate.,,,,,
polity_eur_0055,中古时代,Rurikid,Kievan Rus',Rus'|Kyivan Rus',基辅罗斯,,verified,,principality_federation,882,882年,1240,1240年,882年-1240年,year,东欧河流网络；从基辅向北诺夫哥罗德至北冰洋。,UKR|RUS|BLR,Kiev,Kiev,Rurikid dynasty,East Slavic + Norse Varangians,Oleg of Novgorod,Mikhail I of Kiev,Mongol invasion / Galicia-Volhynia / various principalities,Encyclopaedia Britannica: Russia — History,https://www.britannica.com/place/Russia/History,,82,,BCE years are negative; no year 0. Pre-Christian-era dates often approximate.,,,,,
polity_eur_0056,中古时代,Mojmír dynasty,Great Moravia,Moravian Empire,大摩拉维亚,,verified,,principality,833,833年,907,907年,833年-907年,year,今捷克东部、斯洛伐克、匈牙利北部；早期斯拉夫国家。,CZE|SVK|HUN|POL,,,Mojmír dynasty,West Slavic,Mojmír I,Mojmír II,Conquered by Magyars 907,Encyclopaedia Britannica: History of Europe,https://www.britannica.com/topic/history-of-Europe,,72,,BCE years are negative; no year 0. Pre-Christian-era dates often approximate.,,,,,
polity_eur_0057,中古时代,Krum / Krumid dynasty,First Bulgarian Empire,Bulgarian Empire,第一保加利亚帝国,,verified,,empire,681,681年,1018,1018年,681年-1018年,year,巴尔干东部；与拜占庭长期对抗。,BGR|MKD|SRB|ROU,,,Krum and successors,Bulgar + Slav,Asparuh,Ivan Vladislav (1018 fall to Basil II),Byzantine reconquest,Encyclopaedia Britannica: Byzantine Empire,https://www.britannica.com/place/Byzantine-Empire,,82,,BCE years are negative; no year 0. Pre-Christian-era dates often approximate.,,,,,
polity_eur_0058,中古时代,Árpád dynasty,Principality of Hungary (Magyar),Magyars,马扎尔（匈牙利公国）,,verified,,principality,895,895年,1000,1000年,895年-1000年,year,喀尔巴阡盆地；匈牙利定居后。,HUN|SVK|ROU|HRV|SRB|SVN,,,Árpád dynasty,Magyar (Finno-Ugric),Árpád,,"Kingdom of Hungary (Stephen I, 1000)",Encyclopaedia Britannica: Hungary — History,https://www.britannica.com/place/Hungary/History,,78,,BCE years are negative; no year 0. Pre-Christian-era dates often approximate.,,,,,
polity_eur_0059,中古时代,Papacy,Papal States (early temporal rule),Patrimonium Petri,教皇国（早期世俗统治）,,verified,,theocracy,754,754年,1095,1095年,754年-1095年,year,意大利中部拉齐奥与翁布里亚；丕平献土起源。,ITA|VAT,Rome,Rome,Roman papacy,Italian / Latin Church,"Stephen II (Donation of Pepin, 756)",,High medieval papal monarchy,Encyclopaedia Britannica: Italy — History,https://www.britannica.com/place/Italy/History,,82,,BCE years are negative; no year 0. Pre-Christian-era dates often approximate.,,,,,
polity_eur_0060,中古时代,Abbasid,Abbasid Caliphate (European frontier),Abbasids,阿拔斯王朝（欧洲边界视角）,,verified,,empire,750,750年,1258,1258年,750年-1258年,year,近东与北非；通过西班牙穆斯林与黎凡特与欧洲交错。,IRQ|SYR|IRN|EGY|TUR,,,Abbasid dynasty,Arab Muslim,Abu al-Abbas al-Saffah,Al-Musta'sim,Mongol sack of Baghdad 1258,Encyclopaedia Britannica: Crusades,https://www.britannica.com/event/Crusades,,80,Listed for vEuropean coverage as crusade adversary; primary coverage in future Near East dataset.,BCE years are negative; no year 0. Pre-Christian-era dates often approximate.,,,,,
polity_eur_0061,中世纪盛期,Salian → Hohenstaufen,Holy Roman Empire (Salian / Hohenstaufen),Sacrum Imperium Romanum,神圣罗马帝国（萨利-霍亨斯陶芬时期）,,verified,,empire,962,962年,1254,1254年,962年-1254年,year,德意志诸公国、勃艮第、意大利北部与中部。,DEU|AUT|CHE|ITA|CZE|BEL|NLD|LUX|FRA,,,Ottonian → Salian → Hohenstaufen,German / Frankish,Otto I,Conrad IV (Hohenstaufen end approaching),Great Interregnum,Encyclopaedia Britannica: Holy Roman Empire,https://www.britannica.com/place/Holy-Roman-Empire,,88,,BCE years are negative; no year 0. Pre-Christian-era dates often approximate.,,,,,
polity_eur_0062,中世纪晚期,Luxembourg → Habsburg,Holy Roman Empire (Luxembourg / Habsburg era),HRE late medieval / early modern,神圣罗马帝国（卢森堡-哈布斯堡时期）,,verified,,empire,1273,1273年,1806,1806年,1273年-1806年,year,德意志、波西米亚、奥地利、低地（直到 1581）、北意大利残余。,DEU|AUT|CHE|CZE|BEL|NLD|LUX|ITA|FRA|SVN|HRV,Vienna,Vienna,Luxembourg → Habsburg → Habsburg-Lorraine,German,Rudolf I of Habsburg,Francis II (abdicated 1806),Confederation of the Rhine / Austrian Empire,Encyclopaedia Britannica: Holy Roman Empire,https://www.britannica.com/place/Holy-Roman-Empire,,90,,BCE years are negative; no year 0. Pre-Christian-era dates often approximate.,,,,,
polity_eur_0063,中世纪盛期,Capetian / Valois / Bourbon,Kingdom of France,Royaume de France,法兰西王国,,verified,,kingdom,987,987年,1792,1792年,987年-1792年,year,法兰西本土；中世纪封建王国 → 集权绝对君主国。,FRA|BEL|LUX,Paris,Paris,Capetian → Valois → Bourbon,French,Hugh Capet (987),Louis XVI (executed 1793),French Republic,Encyclopaedia Britannica: France — History,https://www.britannica.com/place/France/History,,92,,BCE years are negative; no year 0. Pre-Christian-era dates often approximate.,,,,,
polity_eur_0064,中世纪盛期,Norman / Plantagenet / Lancaster / York / Tudor / Stuart,Kingdom of England,Regnum Angliae,英格兰王国,,verified,,kingdom,927,927年,1707,1707年,927年-1707年,year,英格兰本土；1284 后含威尔士，1541 起合并爱尔兰。,GBR|GB-ENG|GB-WLS,London,London,Wessex → Norman → Plantagenet → Lancaster → York → Tudor → Stuart,English,Æthelstan (927) / William I (Norman conquest 1066),Anne (Acts of Union 1707),Kingdom of Great Britain,Encyclopaedia Britannica: United Kingdom — History,https://www.britannica.com/place/United-Kingdom/History,,92,,BCE years are negative; no year 0. Pre-Christian-era dates often approximate.,,,,,
polity_eur_0065,中世纪盛期,Alpinid / Canmore / Bruce / Stewart,Kingdom of Scotland,Regnum Scotorum,苏格兰王国,,verified,,kingdom,843,843年,1707,1707年,843年-1707年,year,苏格兰本土；与英格兰长期对抗，1707 合并。,GBR|GB-SCT,Edinburgh,Edinburgh,House of Alpin → Canmore → Bruce → Stewart,Scottish,Kenneth MacAlpin (843),Anne (Acts of Union 1707),Kingdom of Great Britain,Encyclopaedia Britannica: United Kingdom — History,https://www.britannica.com/place/United-Kingdom/History,,85,,BCE years are negative; no year 0. Pre-Christian-era dates often approximate.,,,,,
polity_eur_0066,中世纪盛期,Venetian doges,Republic of Venice,Serenissima|Repubblica di Venezia,威尼斯共和国,,verified,,merchant_republic,697,697年,1797,1797年,697年-1797年,year,威尼斯潟湖、亚得里亚海港口、克里特、塞浦路斯（一度）。,ITA|HRV|GRC|CYP|MNE|ALB,Venice,Venice,Elective dogeship (multiple families),Venetian Italian,(traditional) Paolo Lucio Anafesto 697,Ludovico Manin (abdicated to Napoleon 1797),French / Austrian rule,Encyclopaedia Britannica: Italy — History,https://www.britannica.com/place/Italy/History,,90,,BCE years are negative; no year 0. Pre-Christian-era dates often approximate.,,,,,
polity_eur_0067,中世纪盛期,Medici-influenced republican,Republic of Florence,Repubblica Fiorentina,佛罗伦萨共和国,,verified,,republic,1115,1115年,1532,1532年,1115年-1532年,year,托斯卡纳；文艺复兴中心。,ITA|IT-NORDOVES,Florence,Florence,Albizzi → Medici (de facto),Florentine,Communal government (1115),Alessandro de' Medici (became Duke 1532),Duchy of Florence → Grand Duchy of Tuscany,Encyclopaedia Britannica: Italy — History,https://www.britannica.com/place/Italy/History,,88,,BCE years are negative; no year 0. Pre-Christian-era dates often approximate.,,,,,
polity_eur_0068,中世纪盛期,Genoese doges,Republic of Genoa,Repubblica di Genova,热那亚共和国,,verified,,merchant_republic,1099,1099年,1797,1797年,1099年-1797年,year,利古里亚沿海、科西嘉、地中海贸易点。,ITA|FRA,Genoa,Genoa,,Genoese Italian,,,French annexation 1797,Encyclopaedia Britannica: Italy — History,https://www.britannica.com/place/Italy/History,,85,,BCE years are negative; no year 0. Pre-Christian-era dates often approximate.,,,,,
polity_eur_0069,中世纪盛期,Visconti → Sforza,Duchy of Milan,Ducato di Milano,米兰公国,,verified,,duchy,1395,1395年,1796,1796年,1395年-1796年,year,伦巴第；连接意大利与阿尔卑斯。,ITA,Milan,Milan,Visconti → Sforza → Spanish Habsburg → Austrian Habsburg,Lombard Italian,Gian Galeazzo Visconti,,Cisalpine Republic (Napoleonic),Encyclopaedia Britannica: Italy — History,https://www.britannica.com/place/Italy/History,,85,,BCE years are negative; no year 0. Pre-Christian-era dates often approximate.,,,,,
polity_eur_0070,中世纪盛期,Hauteville → Hohenstaufen → Anjou → Aragon → Bourbon,Kingdom of Naples / Sicily,Regnum Siciliae|Regno di Napoli,那不勒斯-西西里王国,,verified,,kingdom,1130,1130年,1816,1816年,1130年-1816年,year,意大利南部加西西里岛；多次易主。,ITA|IT-SUD|IT-ISOLE,Naples,Naples,Multiple dynasties,Southern Italian,Roger II,,Kingdom of the Two Sicilies,Encyclopaedia Britannica: Italy — History,https://www.britannica.com/place/Italy/History,,85,,BCE years are negative; no year 0. Pre-Christian-era dates often approximate.,,,,,
polity_eur_0071,中世纪盛期,Papacy,Papal States (high medieval to 1870),Stato Pontificio,教皇国（中世纪盛期至 1870）,,verified,,theocracy,1095,1095年,1870,1870年,1095年-1870年,year,意大利中部教皇直接统治区。,ITA|VAT,Rome,Rome,Roman papacy,Italian Latin Church,,,Italian unification 1870,Encyclopaedia Britannica: Italy — History,https://www.britannica.com/place/Italy/History,,90,,BCE years are negative; no year 0. Pre-Christian-era dates often approximate.,,,,,
polity_eur_0072,中世纪盛期,Castilian,Kingdom of Castile,Regnum Castellae,卡斯蒂利亚王国,,verified,,kingdom,1035,1035年,1715,1715年,1035年-1715年,year,伊比利亚中部；与莱昂、阿拉贡、葡萄牙并立到联合。,ESP|ES-CL|ES-MD,Burgos,Burgos,Jiménez → Burgundy → Trastámara → Habsburg → Bourbon,Castilian,Ferdinand I,,Crown of Castile within united Spain,Encyclopaedia Britannica: Spain — History,https://www.britannica.com/place/Spain/History,,85,,BCE years are negative; no year 0. Pre-Christian-era dates often approximate.,,,,,
polity_eur_0073,中世纪盛期,Aragonese / Trastámara,Kingdom (Crown) of Aragon,Corona de Aragón,阿拉贡王冠,,verified,,kingdom_federation,1035,1035年,1715,1715年,1035年-1715年,year,阿拉贡、加泰罗尼亚、巴伦西亚、马略卡、那不勒斯、西西里。,ESP|ES-AR|ES-CT|ES-VC|IT-ISOLE,Saragossa,Saragossa,House of Aragon → Trastámara,Aragonese / Catalan,Ramiro I,,Bourbon centralization after Nueva Planta 1707-1715,Encyclopaedia Britannica: Spain — History,https://www.britannica.com/place/Spain/History,,85,,BCE years are negative; no year 0. Pre-Christian-era dates often approximate.,,,,,
polity_eur_0074,中世纪盛期,Burgundian → Aviz → Braganza,Kingdom of Portugal,Reino de Portugal,葡萄牙王国,,verified,,kingdom,1139,1139年,1910,1910年,1139年-1910年,year,伊比利亚西部；加上海外殖民帝国（巴西、非洲、亚洲据点）。,PRT,Lisbon,Lisbon,Burgundian → Aviz → Habsburg (1580-1640) → Braganza,Portuguese,Afonso I (1139),Manuel II (republic 1910),Portuguese First Republic,Encyclopaedia Britannica: Spain — History,https://www.britannica.com/place/Spain/History,,88,,BCE years are negative; no year 0. Pre-Christian-era dates often approximate.,,,,,
polity_eur_0075,中世纪盛期,Piast → Jagiellonian,Kingdom of Poland (Piast & Jagiellonian),Regnum Poloniae,波兰王国（皮亚斯特-雅盖隆王朝）,,verified,,kingdom,1025,1025年,1569,1569年,1025年-1569年,year,波兰核心，13-14 世纪扩张到立陶宛与乌克兰。,POL|UKR|BLR|LTU,Krakow,Krakow,Piast → Jagiellonian,Polish,Bolesław I the Brave,Sigismund II Augustus,Polish-Lithuanian Commonwealth (1569),Encyclopaedia Britannica: Poland — History,https://www.britannica.com/place/Poland/History,,88,,BCE years are negative; no year 0. Pre-Christian-era dates often approximate.,,,,,
polity_eur_0076,中世纪盛期,Gediminids / Jagiellonian,Grand Duchy of Lithuania,Lietuvos Didžioji Kunigaikštystė,立陶宛大公国,,verified,,grand_duchy,1236,1236年,1569,1569年,1236年-1569年,year,波罗的海到黑海；中世纪欧洲面积最大国家之一。,LTU|BLR|UKR|POL|RUS,Vilnius,Vilnius,Gediminids → Jagiellonian,Lithuanian,Mindaugas,,Polish-Lithuanian Commonwealth (1569),Encyclopaedia Britannica: Poland — History,https://www.britannica.com/place/Poland/History,,82,,BCE years are negative; no year 0. Pre-Christian-era dates often approximate.,,,,,
polity_eur_0077,中世纪盛期,Árpád → Angevin → Jagiellonian → Habsburg,Kingdom of Hungary,Regnum Hungariae,匈牙利王国,,verified,,kingdom,1000,1000年,1918,1918年,1000年-1918年,year,喀尔巴阡盆地与跨喀尔巴阡 trans-Tisza、克罗地亚、特兰西瓦尼亚。,HUN|SVK|ROU|HRV|SRB|UKR|SVN,Esztergom,Esztergom,Árpád → Angevin → multiple → Habsburg,Hungarian / Magyar,"Stephen I (Saint Stephen, 1000)",Charles IV / Karl I (1918),Hungarian Republic (1918),Encyclopaedia Britannica: Hungary — History,https://www.britannica.com/place/Hungary/History,,88,,BCE years are negative; no year 0. Pre-Christian-era dates often approximate.,,,,,
polity_eur_0078,中世纪盛期,Přemyslid → Luxembourg → Jagiellonian → Habsburg,Kingdom of Bohemia,Regnum Bohemiae,波西米亚王国,,verified,,kingdom,1198,1198年,1918,1918年,1198年-1918年,year,今捷克核心；HRE 重要选侯国之一。,CZE|SVK|POL|DEU,Prague,Prague,Přemyslid → Luxembourg → Jagiellonian → Habsburg,Czech,Ottokar I,,Czechoslovakia 1918,Encyclopaedia Britannica: Holy Roman Empire,https://www.britannica.com/place/Holy-Roman-Empire,,88,,BCE years are negative; no year 0. Pre-Christian-era dates often approximate.,,,,,
polity_eur_0079,中世纪盛期,Asen / Shishman,Second Bulgarian Empire,Tsardom of Bulgaria,第二保加利亚帝国,,verified,,empire,1185,1185年,1396,1396年,1185年-1396年,year,保加利亚核心，复独立反抗拜占庭；1396 为奥斯曼所灭。,BGR|MKD|ROU|SRB,,,,Bulgarian,,,Ottoman conquest,Encyclopaedia Britannica: Byzantine Empire,https://www.britannica.com/place/Byzantine-Empire,,82,,BCE years are negative; no year 0. Pre-Christian-era dates often approximate.,,,,,
polity_eur_0080,中世纪盛期,Nemanjić,Serbian Empire (Nemanjić),Carstvo Srbsko,塞尔维亚帝国（涅马尼奇王朝）,,verified,,empire,1346,1346年,1371,1371年,1346年-1371年,year,巴尔干西部；史蒂芬·杜尚短暂建立大帝国。,SRB|MNE|MKD|ALB|BIH|GRC,Skopje,Skopje,Nemanjić,Serbian,Stefan Dušan,Stefan Uroš V,Serbian despotates / Ottoman vassalage,Encyclopaedia Britannica: Byzantine Empire,https://www.britannica.com/place/Byzantine-Empire,,82,,BCE years are negative; no year 0. Pre-Christian-era dates often approximate.,,,,,
polity_eur_0081,中世纪晚期,Pomeranian / Bavarian / Oldenburg,Kalmar Union,Unionen,卡尔马联盟,,verified,,personal_union,1397,1397年,1523,1523年,1397年-1523年,year,丹麦、挪威、瑞典三国共主联盟。,DNK|NOR|SWE|ISL,Copenhagen,Copenhagen,House of Pomerania → Bavaria → Oldenburg,Scandinavian,Margaret I (founder),Christian II,Dissolution 1523 (Sweden secedes),Encyclopaedia Britannica: Vikings,https://www.britannica.com/topic/Viking-people,,85,,BCE years are negative; no year 0. Pre-Christian-era dates often approximate.,,,,,
polity_eur_0082,中世纪盛期,Various Gaelic kingdoms,Gaelic Ireland,Ireland (Gaelic),盖尔爱尔兰,,verified,,kingdoms_confederation,800,800年,1542,1542年,800年-1542年,year,爱尔兰岛；多王国（莱因斯特、芒斯特、康诺特、阿尔斯特、米斯）。,IRL|GB-NIR,,,,Gaelic Irish,,,"Tudor conquest, Kingdom of Ireland 1542",Encyclopaedia Britannica: United Kingdom — History,https://www.britannica.com/place/United-Kingdom/History,,75,,BCE years are negative; no year 0. Pre-Christian-era dates often approximate.,,,,,
polity_eur_0083,中世纪盛期,Crusader / Lusignan,Kingdom of Jerusalem,Regnum Hierosolymitanum,耶路撒冷王国,,verified,,kingdom,1099,1099年,1291,1291年,1099年-1291年,year,圣地（巴勒斯坦、黎巴嫩、约旦西部）。,ISR|JOR|LBN|SYR,,,House of Boulogne → Lusignan etc.,Frankish Crusader,Godfrey of Bouillon (Defender) / Baldwin I (king),Henry II of Cyprus (Acre fall 1291),Mamluk conquest,Encyclopaedia Britannica: Crusades,https://www.britannica.com/event/Crusades,,85,,BCE years are negative; no year 0. Pre-Christian-era dates often approximate.,,,,,
polity_eur_0084,中世纪晚期,Palaiologos,Late Byzantine Empire (Nicaea & restored),Palaeologan Byzantium,晚期拜占庭帝国（巴列奥略王朝）,,verified,,empire,1261,1261年,1453,1453年,1261年-1453年,year,逐渐萎缩为君士坦丁堡及周边；最终仅剩首都。,TUR|GRC,Constantinople,Constantinople,Palaiologos,Greek,Michael VIII Palaiologos,Constantine XI (killed 1453),Ottoman conquest,Encyclopaedia Britannica: Byzantine Empire,https://www.britannica.com/place/Byzantine-Empire,,92,,BCE years are negative; no year 0. Pre-Christian-era dates often approximate.,,,,,
polity_eur_0085,中世纪晚期,Osman dynasty,Early Ottoman Beylik / Sultanate,Osmanlı Beyliği,早期奥斯曼贝伊国 / 苏丹国,,verified,,sultanate,1299,1299年,1453,1453年,1299年-1453年,year,安纳托利亚西北部 → 巴尔干扩张 → 1453 攻占君士坦丁堡。,TUR|BGR|GRC|MKD|ALB|SRB|BIH|HRV|ROU|MNE,Bursa,Bursa,Osman dynasty,Turkish Muslim,Osman I,,Ottoman Empire (post-1453),Encyclopaedia Britannica: Ottoman Empire,https://www.britannica.com/place/Ottoman-Empire,,88,,BCE years are negative; no year 0. Pre-Christian-era dates often approximate.,,,,,
polity_eur_0086,中世纪晚期,Daniilovichi Rurikid,Grand Duchy of Moscow,Velikoye Knyazhestvo Moskovskoye,莫斯科大公国,,verified,,grand_duchy,1283,1283年,1547,1547年,1283年-1547年,year,俄罗斯东北部；从蒙古汗国附庸成长为独立大国。,RUS|RU-MOW,Moscow,Moscow,Daniilovichi (Rurikid branch),Russian East Slavic,Daniel of Moscow,Ivan IV (crowned Tsar 1547),Tsardom of Russia,Encyclopaedia Britannica: Russia — History,https://www.britannica.com/place/Russia/History,,88,,BCE years are negative; no year 0. Pre-Christian-era dates often approximate.,,,,,
polity_eur_0087,中世纪晚期,Jochid Mongol,Golden Horde (European context),Ulus of Jochi,金帐汗国（欧洲视角）,,verified,,khanate,1240,1240年,1502,1502年,1240年-1502年,year,伏尔加流域到第聂伯河；统治俄罗斯诸公国约 240 年。,RUS|UKR|KAZ|MDA,Sarai,Sarai,Jochid Mongol dynasty,Mongol / Turkic,Batu Khan,,Crimean / Kazan / Astrakhan / Sibir khanates,Encyclopaedia Britannica: Russia — History,https://www.britannica.com/place/Russia/History,,82,,BCE years are negative; no year 0. Pre-Christian-era dates often approximate.,,,,,
polity_eur_0088,近代早期,Habsburg,Spanish Habsburg Monarchy,Monarquía Hispánica,西班牙哈布斯堡王朝,,verified,,composite_monarchy,1516,1516年,1700,1700年,1516年-1700年,year,伊比利亚、那不勒斯-西西里-米兰-荷兰、美洲与亚洲殖民地。,ESP|PRT|ITA|BEL|NLD|LUX,Madrid,Madrid,Habsburg (Spanish branch),Castilian-Aragonese,Charles I (Holy Roman Emperor Charles V),Charles II (childless death 1700),Spanish Bourbon dynasty,Encyclopaedia Britannica: Habsburg,https://www.britannica.com/topic/House-of-Habsburg,,92,,BCE years are negative; no year 0. Pre-Christian-era dates often approximate.,,,,,
polity_eur_0089,近代早期,Bourbon,Spanish Bourbon Monarchy (early),Borbones,西班牙波旁王朝（早期）,,verified,,monarchy,1700,1700年,1808,1808年,1700年-1808年,year,西班牙本土与拉美殖民地；意大利诸领最终独立。,ESP|PRT,Madrid,Madrid,House of Bourbon,Castilian,Philip V (grandson of Louis XIV),,Napoleonic occupation,Encyclopaedia Britannica: Spain — History,https://www.britannica.com/place/Spain/History,,90,,BCE years are negative; no year 0. Pre-Christian-era dates often approximate.,,,,,
polity_eur_0090,近代早期,Habsburg / Habsburg-Lorraine,Austrian Habsburg Monarchy,Habsburg Hereditary Lands,奥地利哈布斯堡君主国,,verified,,composite_monarchy,1526,1526年,1804,1804年,1526年-1804年,year,奥地利、波西米亚、匈牙利、克罗地亚、低地南部（部分）、意大利北部（部分）。,AUT|CZE|HUN|SVK|SVN|HRV|BEL|NLD|ITA|ROU|UKR|POL,Vienna,Vienna,Habsburg → Habsburg-Lorraine,Austrian / German,Ferdinand I,Francis II (became Emperor of Austria 1804),Austrian Empire,Encyclopaedia Britannica: Habsburg,https://www.britannica.com/topic/House-of-Habsburg,,92,,BCE years are negative; no year 0. Pre-Christian-era dates often approximate.,,,,,
polity_eur_0091,近代早期,Osman dynasty,Ottoman Empire (Classical/Imperial),Osmanlı Devleti,奥斯曼帝国（古典-帝国期）,,verified,,empire,1453,1453年,1922,1922年,1453年-1922年,year,安纳托利亚 + 巴尔干 + 黎凡特 + 北非 + 美索不达米亚。,TUR|GRC|BGR|MKD|ALB|SRB|MNE|BIH|HRV|HUN|ROU|MDA|UKR|CYP|SYR|LBN|ISR|JOR|EGY|LBY|TUN|DZA|IRQ,Constantinople,Constantinople,Osman dynasty,Turkish Muslim,Mehmed II (post-1453 imperial transformation),Mehmed VI (deposed 1922),Republic of Turkey,Encyclopaedia Britannica: Ottoman Empire,https://www.britannica.com/place/Ottoman-Empire,,92,,BCE years are negative; no year 0. Pre-Christian-era dates often approximate.,,,,,
polity_eur_0092,近代早期,Tudor → Stuart,Kingdom of England (Tudor / early Stuart),Regnum Angliae (Tudor era),英格兰都铎-早期斯图亚特王朝,,verified,,kingdom,1485,1485年,1649,1649年,1485年-1649年,year,英格兰、威尔士（1543 起入英格兰行政体系）、爱尔兰（名义）。,GBR|GB-ENG|GB-WLS|IRL,London,London,Tudor → Stuart,English,Henry VII,Charles I (executed 1649),Commonwealth of England,Encyclopaedia Britannica: United Kingdom — History,https://www.britannica.com/place/United-Kingdom/History,,92,,BCE years are negative; no year 0. Pre-Christian-era dates often approximate.,,,,,
polity_eur_0093,近代早期,Cromwellian,Commonwealth of England / Protectorate,Interregnum|Protectorate,英格兰联邦与护国公,,verified,,republic,1649,1649年,1660,1660年,1649年-1660年,year,英格兰 + 爱尔兰 + 苏格兰 + 殖民地。,GBR|GB-ENG|GB-SCT|GB-WLS|IRL,London,London,Cromwell family,English Puritan,Long Parliament / Oliver Cromwell,Richard Cromwell,Restoration of Charles II,Encyclopaedia Britannica: United Kingdom — History,https://www.britannica.com/place/United-Kingdom/History,,92,,BCE years are negative; no year 0. Pre-Christian-era dates often approximate.,,,,,
polity_eur_0094,近代早期,Stuart → House of Orange,Kingdom of England (Restoration & Glorious Revolution),Restoration England,英格兰王朝复辟与光荣革命,,verified,,kingdom,1660,1660年,1707,1707年,1660年-1707年,year,英格兰、苏格兰（共主）、爱尔兰、殖民地。,GBR|GB-ENG|GB-SCT|GB-WLS|IRL,London,London,Stuart → Orange-Nassau,English,Charles II (Restoration 1660),Anne (Acts of Union 1707),Kingdom of Great Britain,Encyclopaedia Britannica: United Kingdom — History,https://www.britannica.com/place/United-Kingdom/History,,92,,BCE years are negative; no year 0. Pre-Christian-era dates often approximate.,,,,,
polity_eur_0095,近代早期,Stuart → Hanover,Kingdom of Great Britain,GB,大不列颠王国,,verified,,kingdom,1707,1707年,1801,1801年,1707年-1801年,year,英格兰 + 苏格兰 + 威尔士；殖民帝国扩张至北美、印度、加勒比。,GBR|GB-ENG|GB-SCT|GB-WLS|IRL,London,London,Stuart → Hanover,British,Anne (Acts of Union 1707),George III (Acts of Union 1801),United Kingdom of Great Britain and Ireland,Encyclopaedia Britannica: United Kingdom — History,https://www.britannica.com/place/United-Kingdom/History,,92,,BCE years are negative; no year 0. Pre-Christian-era dates often approximate.,,,,,
polity_eur_0096,近代早期,Stadtholder / Republic,Dutch Republic (United Provinces),Republiek der Zeven Verenigde Nederlanden,荷兰共和国（联省共和国）,,verified,,republic,1581,1581年,1795,1795年,1581年-1795年,year,"低地北部七省；海上贸易、殖民帝国（VOC, WIC）。",NLD,The Hague,The Hague,House of Orange-Nassau (stadtholders),Dutch,William the Silent,"William V (Stadtholder, deposed 1795)",Batavian Republic (French satellite),Encyclopaedia Britannica: History of Europe,https://www.britannica.com/topic/history-of-Europe,,90,,BCE years are negative; no year 0. Pre-Christian-era dates often approximate.,,,,,
polity_eur_0097,近代早期,Vasa / Wettin / Poniatowski (elective),Polish-Lithuanian Commonwealth,Rzeczpospolita Obojga Narodów,波兰-立陶宛联邦,,verified,,composite_republic,1569,1569年,1795,1795年,1569年-1795年,year,波兰、立陶宛、白俄罗斯、乌克兰大部；选王制贵族共和。,POL|LTU|BLR|UKR|LVA,Warsaw,Warsaw,Multiple elected dynasties,Polish-Lithuanian,Sigismund II Augustus (Union of Lublin),Stanisław August Poniatowski (final partition 1795),"Three Partitions → Prussia, Austria, Russia",Encyclopaedia Britannica: Poland — History,https://www.britannica.com/place/Poland/History,,92,,BCE years are negative; no year 0. Pre-Christian-era dates often approximate.,,,,,
polity_eur_0098,近代早期,Rurikid → Romanov,Tsardom of Russia,Russkoye Tsarstvo,俄罗斯沙皇国,,verified,,tsardom,1547,1547年,1721,1721年,1547年-1721年,year,莫斯科基础上向东、东北、南扩张（吞并喀山、阿斯特拉罕、西伯利亚开始）。,RUS|UKR|BLR,Moscow,Moscow,Rurikid → Romanov,Russian,"Ivan IV (the Terrible, crowned Tsar 1547)",Peter I (transformed into Empire 1721),Russian Empire,Encyclopaedia Britannica: Russia — History,https://www.britannica.com/place/Russia/History,,92,,BCE years are negative; no year 0. Pre-Christian-era dates often approximate.,,,,,
polity_eur_0099,近代早期,Romanov,Russian Empire (Petrine-Catherinian),Rossiyskaya Imperiya (early),俄罗斯帝国（彼得-叶卡捷琳娜时代）,,verified,,empire,1721,1721年,1801,1801年,1721年-1801年,year,俄罗斯扩张到波罗的海、黑海；卷入波兰瓜分。,RUS|UKR|BLR|FIN|EST|LVA|LTU|POL|MDA|GEO,Saint Petersburg,Saint Petersburg,Romanov → Holstein-Gottorp-Romanov,Russian,Peter I (became Emperor 1721),Paul I (assassinated 1801),Russian Empire (continued under Alexander I),Encyclopaedia Britannica: Russia — History,https://www.britannica.com/place/Russia/History,,92,,BCE years are negative; no year 0. Pre-Christian-era dates often approximate.,,,,,
polity_eur_0100,近代早期,Vasa / Palatinate-Zweibrücken / Holstein-Gottorp,Swedish Empire (Stormaktstiden),Svenska stormaktstiden,瑞典帝国（强权时代）,,verified,,kingdom,1611,1611年,1721,1721年,1611年-1721年,year,瑞典 + 芬兰 + 波罗的海诸省 + 波美拉尼亚部分。,SWE|FIN|EST|LVA|RUS|DEU|POL,Stockholm,Stockholm,Vasa → Palatinate-Zweibrücken → Holstein-Gottorp,Swedish,Gustavus Adolphus,"Charles XII (killed 1718, Great Northern War end 1721)",Age of Liberty Sweden,Encyclopaedia Britannica: Vikings,https://www.britannica.com/topic/Viking-people,,88,,BCE years are negative; no year 0. Pre-Christian-era dates often approximate.,,,,,
polity_eur_0101,近代早期,Oldenburg,Denmark-Norway,Dannmark og Norge,丹麦-挪威,,verified,,personal_union_kingdom,1523,1523年,1814,1814年,1523年-1814年,year,丹麦本土、挪威、冰岛、法罗、北大西洋；曾控制石勒苏益格-荷尔斯泰因。,DNK|NOR|ISL|DEU,Copenhagen,Copenhagen,House of Oldenburg,Danish-Norwegian,Frederick I,Frederick VI (Treaty of Kiel 1814 cedes Norway to Sweden),Denmark | Sweden-Norway,Encyclopaedia Britannica: Vikings,https://www.britannica.com/topic/Viking-people,,88,,BCE years are negative; no year 0. Pre-Christian-era dates often approximate.,,,,,
polity_eur_0102,近代早期,Cantonal federation,Old Swiss Confederacy,Eidgenossenschaft,老瑞士同盟,,verified,,confederation,1291,1291年,1798,1798年,1291年-1798年,year,阿尔卑斯地区多个州；HRE 内自治到 1648 正式独立。,CHE|FRA|ITA|LIE,,,,Swiss,,,Helvetic Republic (French satellite),Encyclopaedia Britannica: History of Europe,https://www.britannica.com/topic/history-of-Europe,,85,,BCE years are negative; no year 0. Pre-Christian-era dates often approximate.,,,,,
polity_eur_0103,近代早期,Hohenzollern,Brandenburg-Prussia,Mark Brandenburg + Herzogtum Preußen,勃兰登堡-普鲁士,,verified,,duchy_kingdom,1525,1525年,1701,1701年,1525年-1701年,year,勃兰登堡（HRE 边境侯国）+ 普鲁士公国（波兰附庸→主权）。,DEU|POL|LTU|RUS,Berlin,Berlin,Hohenzollern,German,Albert (Duke of Prussia),Frederick III/I (declared King 1701),Kingdom of Prussia,Encyclopaedia Britannica: Holy Roman Empire,https://www.britannica.com/place/Holy-Roman-Empire,,85,,BCE years are negative; no year 0. Pre-Christian-era dates often approximate.,,,,,
polity_eur_0104,近代早期,Hohenzollern,Kingdom of Prussia,Königreich Preußen,普鲁士王国,,verified,,kingdom,1701,1701年,1918,1918年,1701年-1918年,year,勃兰登堡 + 普鲁士 + 西里西亚 + 莱茵兰 + 萨克森部分。,DEU|POL|LTU|RUS|BEL|FRA|CZE,Berlin,Berlin,Hohenzollern,German,Frederick I (1701),Wilhelm II (abdicated 1918),Free State of Prussia (Weimar),Encyclopaedia Britannica: Holy Roman Empire,https://www.britannica.com/place/Holy-Roman-Empire,,92,,BCE years are negative; no year 0. Pre-Christian-era dates often approximate.,,,,,
polity_eur_0105,近代早期,Medici → Habsburg-Lorraine,Grand Duchy of Tuscany,Granducato di Toscana,托斯卡纳大公国,,verified,,grand_duchy,1569,1569年,1860,1860年,1569年-1860年,year,托斯卡纳；以佛罗伦萨为中心。,ITA|IT-CENTRO,Florence,Florence,Medici → Habsburg-Lorraine,Tuscan Italian,Cosimo I de' Medici,,Kingdom of Italy,Encyclopaedia Britannica: Italy — History,https://www.britannica.com/place/Italy/History,,88,,BCE years are negative; no year 0. Pre-Christian-era dates often approximate.,,,,,
polity_eur_0106,近代早期,Bourbon-Naples,Kingdom of the Two Sicilies,Regno delle Due Sicilie,两西西里王国,,verified,,kingdom,1816,1816年,1861,1861年,1816年-1861年,year,意大利南部 + 西西里；维也纳会议后由那不勒斯王国+西西里王国合并而来。,ITA|IT-SUD|IT-ISOLE,Naples,Naples,Bourbon (Naples branch),Southern Italian,Ferdinand I,Francis II (deposed 1861),Kingdom of Italy,Encyclopaedia Britannica: Italy — History,https://www.britannica.com/place/Italy/History,,88,,BCE years are negative; no year 0. Pre-Christian-era dates often approximate.,,,,,
polity_eur_0107,近代早期,House of Savoy,Duchy / Kingdom of Sardinia-Piedmont (Savoy),Regno di Sardegna|Savoia,萨伏依-皮埃蒙特-撒丁王国,,verified,,kingdom,1416,1416年,1861,1861年,1416年-1861年,year,皮埃蒙特、萨伏依、萨丁岛；意大利统一核心。,ITA|FRA|CHE,Turin,Turin,House of Savoy,Piedmontese Italian,Amadeus VIII (Duke),Victor Emmanuel II (became King of Italy 1861),Kingdom of Italy,Encyclopaedia Britannica: Italian unification,https://www.britannica.com/event/Italian-unification,,88,,BCE years are negative; no year 0. Pre-Christian-era dates often approximate.,,,,,
polity_eur_0108,长十九世纪,Revolutionary government,French First Republic,République française,法兰西第一共和国,,verified,,republic,1792,1792年,1804,1804年,1792年-1804年,year,法兰西本土 + 革命扩张到低地、莱茵、北意大利。,FRA|BEL|NLD|LUX|DEU|CHE|ITA,Paris,Paris,National Convention → Directory → Consulate,French,National Convention (1792),Napoleon Bonaparte (became Emperor 1804),First French Empire,Encyclopaedia Britannica: French Revolution,https://www.britannica.com/event/French-Revolution,,92,,BCE years are negative; no year 0. Pre-Christian-era dates often approximate.,,,,,
polity_eur_0109,长十九世纪,Bonaparte,First French Empire,Premier Empire français,法兰西第一帝国,,verified,,empire,1804,1804年,1814,1814年,1804年-1814年,year,法兰西核心 + 莱茵联邦 + 意大利 + 伊比利亚部分 + 1812 入侵俄罗斯。,FRA|BEL|NLD|LUX|DEU|CHE|ITA|ESP|HRV|SVN,Paris,Paris,Bonaparte,French,Napoleon I,"Napoleon II (briefly, 1815)",Bourbon Restoration,Encyclopaedia Britannica: Napoleonic Wars,https://www.britannica.com/event/Napoleonic-Wars,,92,,BCE years are negative; no year 0. Pre-Christian-era dates often approximate.,,,,,
polity_eur_0110,长十九世纪,Bourbon,Bourbon Restoration,Restauration,波旁复辟,,verified,,constitutional_monarchy,1814,1814年,1830,1830年,1814年-1830年,year,法兰西本土；维也纳会议恢复疆界。,FRA,Paris,Paris,Bourbon,French,Louis XVIII,Charles X (deposed 1830),July Monarchy,Encyclopaedia Britannica: France — History,https://www.britannica.com/place/France/History,,92,,BCE years are negative; no year 0. Pre-Christian-era dates often approximate.,,,,,
polity_eur_0111,长十九世纪,Orléans,July Monarchy,Monarchie de Juillet,七月王朝,,verified,,constitutional_monarchy,1830,1830年,1848,1848年,1830年-1848年,year,法兰西本土；阿尔及利亚殖民开始。,FRA|DZA,Paris,Paris,Orléans,French,Louis Philippe I,Louis Philippe I (abdicated 1848),Second French Republic,Encyclopaedia Britannica: France — History,https://www.britannica.com/place/France/History,,92,,BCE years are negative; no year 0. Pre-Christian-era dates often approximate.,,,,,
polity_eur_0112,长十九世纪,Republican,Second French Republic,Deuxième République,法兰西第二共和国,,verified,,republic,1848,1848年,1852,1852年,1848年-1852年,year,法兰西本土。,FRA,Paris,Paris,Republican,French,Provisional Government 1848,Louis-Napoléon Bonaparte (became Emperor 1852),Second French Empire,Encyclopaedia Britannica: France — History,https://www.britannica.com/place/France/History,,92,,BCE years are negative; no year 0. Pre-Christian-era dates often approximate.,,,,,
polity_eur_0113,长十九世纪,Bonaparte,Second French Empire,Second Empire,法兰西第二帝国,,verified,,empire,1852,1852年,1870,1870年,1852年-1870年,year,法兰西本土；克里米亚战争、墨西哥远征、普法战争。,FRA,Paris,Paris,Bonaparte,French,Napoleon III,Napoleon III (deposed 1870),Third French Republic,Encyclopaedia Britannica: France — History,https://www.britannica.com/place/France/History,,92,,BCE years are negative; no year 0. Pre-Christian-era dates often approximate.,,,,,
polity_eur_0114,长十九世纪,Republican,Third French Republic,Troisième République,法兰西第三共和国,,verified,,republic,1870,1870年,1940,1940年,1870年-1940年,year,法兰西本土 + 殖民帝国（北非、印支、西非等）。,FRA|DZA|MAR|TUN|LBN|SYR,Paris,Paris,Parliamentary,French,National Government (1870),Albert Lebrun (resigned 1940),Vichy France / Free France,Encyclopaedia Britannica: France — History,https://www.britannica.com/place/France/History,,92,,BCE years are negative; no year 0. Pre-Christian-era dates often approximate.,,,,,
polity_eur_0115,长十九世纪,Hanover → Saxe-Coburg → Windsor,United Kingdom of Great Britain and Ireland,UK (1801-1922),大不列颠及爱尔兰联合王国,,verified,,kingdom,1801,1801年,1922,1922年,1801年-1922年,year,不列颠岛 + 爱尔兰 + 全球殖民帝国（印度、加拿大、澳洲、非洲等）。,GBR|GB-ENG|GB-SCT|GB-WLS|GB-NIR|IRL,London,London,Hanover → Saxe-Coburg-Gotha → Windsor,British,George III (1801),George V (Irish Free State 1922),United Kingdom of Great Britain and Northern Ireland,Encyclopaedia Britannica: United Kingdom — History,https://www.britannica.com/place/United-Kingdom/History,,95,,BCE years are negative; no year 0. Pre-Christian-era dates often approximate.,,,,,
polity_eur_0116,长十九世纪,Habsburg-Lorraine,Austrian Empire,Kaisertum Österreich,奥地利帝国,,verified,,empire,1804,1804年,1867,1867年,1804年-1867年,year,奥地利、波西米亚、匈牙利、加利西亚、伦巴第-威尼西亚、达尔马提亚等。,AUT|CZE|HUN|SVK|SVN|HRV|ITA|POL|UKR|ROU|BIH|SRB,Vienna,Vienna,Habsburg-Lorraine,Austrian / German,Francis I,Franz Joseph I (Ausgleich 1867),Austria-Hungary,Encyclopaedia Britannica: Habsburg,https://www.britannica.com/topic/House-of-Habsburg,,92,,BCE years are negative; no year 0. Pre-Christian-era dates often approximate.,,,,,
polity_eur_0117,长十九世纪,Habsburg-Lorraine (dual),Austria-Hungary,K.u.k. Monarchie,奥匈帝国,,verified,,dual_monarchy,1867,1867年,1918,1918年,1867年-1918年,year,奥地利 + 匈牙利 + 波西米亚 + 加利西亚 + 克罗地亚 + 波斯尼亚（1908 起）+ 伦巴第外的部分意大利领。,AUT|HUN|CZE|SVK|SVN|HRV|ROU|UKR|POL|BIH|SRB|MNE|ITA,Vienna,Vienna,Habsburg-Lorraine,Austrian / Hungarian,Franz Joseph I (Ausgleich),Karl I (abdicated 1918),Austria | Hungary | Czechoslovakia | Yugoslavia | Poland (Galicia),Encyclopaedia Britannica: Habsburg,https://www.britannica.com/topic/House-of-Habsburg,,92,,BCE years are negative; no year 0. Pre-Christian-era dates often approximate.,,,,,
polity_eur_0118,长十九世纪,Inter-state confederation,German Confederation,Deutscher Bund,德意志邦联,,verified,,confederation,1815,1815年,1866,1866年,1815年-1866年,year,维也纳会议后德意志诸邦松散联合。,DEU|AUT|CHE|LIE|LUX|CZE|POL,Frankfurt,Frankfurt,,German,,,North German Confederation / German Empire,Encyclopaedia Britannica: Holy Roman Empire,https://www.britannica.com/place/Holy-Roman-Empire,,85,,BCE years are negative; no year 0. Pre-Christian-era dates often approximate.,,,,,
polity_eur_0119,长十九世纪,Hohenzollern-led,North German Confederation,Norddeutscher Bund,北德意志邦联,,verified,,confederation,1867,1867年,1871,1871年,1867年-1871年,year,德意志北部诸邦在普鲁士主导下结盟。,DEU|POL,Berlin,Berlin,,German,,,German Empire,Encyclopaedia Britannica: Holy Roman Empire,https://www.britannica.com/place/Holy-Roman-Empire,,85,,BCE years are negative; no year 0. Pre-Christian-era dates often approximate.,,,,,
polity_eur_0120,长十九世纪,Hohenzollern,German Empire,Deutsches Kaiserreich,德意志帝国,,verified,,empire,1871,1871年,1918,1918年,1871年-1918年,year,德意志统一民族国家：北德 + 巴伐利亚 + 巴登 + 符腾堡 + 黑森 + 阿尔萨斯-洛林。,DEU|POL|FRA|LTU|RUS|DNK|BEL|LUX,Berlin,Berlin,Hohenzollern,German,Wilhelm I,Wilhelm II (abdicated 1918),Weimar Republic,Encyclopaedia Britannica: Holy Roman Empire,https://www.britannica.com/place/Holy-Roman-Empire,,95,,BCE years are negative; no year 0. Pre-Christian-era dates often approximate.,,,,,
polity_eur_0121,长十九世纪,Savoy,Kingdom of Italy,Regno d'Italia,意大利王国,,verified,,kingdom,1861,1861年,1946,1946年,1861年-1946年,year,意大利统一民族国家；1870 加罗马；1919 加南蒂罗尔/特里雅斯特。,ITA|HRV|SVN,Rome,Rome,Savoy,Italian,Victor Emmanuel II,Umberto II (referendum 1946),Italian Republic,Encyclopaedia Britannica: Italian unification,https://www.britannica.com/event/Italian-unification,,92,,BCE years are negative; no year 0. Pre-Christian-era dates often approximate.,,,,,
polity_eur_0122,长十九世纪,Romanov-Holstein-Gottorp,Russian Empire (Alexandrine to Nicholas II),Rossiyskaya Imperiya (late),俄罗斯帝国（晚期）,,verified,,empire,1801,1801年,1917,1917年,1801年-1917年,year,俄罗斯本土 + 波兰立陶宛 + 芬兰 + 高加索 + 中亚 + 西伯利亚 + 远东。,RUS|UKR|BLR|FIN|EST|LVA|LTU|POL|MDA|GEO|AZE|ARM|KAZ|KGZ|TJK|TKM|UZB,Saint Petersburg,Saint Petersburg,Romanov-Holstein-Gottorp,Russian,Alexander I,Nicholas II (abdicated 1917),Russian Provisional Government / RSFSR,Encyclopaedia Britannica: Russia — History,https://www.britannica.com/place/Russia/History,,95,,BCE years are negative; no year 0. Pre-Christian-era dates often approximate.,,,,,
polity_eur_0123,长十九世纪,Osman (reformist),Ottoman Empire (Tanzimat to late period),Ottoman late empire,奥斯曼帝国（坦齐马特至晚期）,,verified,,empire,1789,1789年,1908,1908年,1789年-1908年,year,奥斯曼疆域逐步收缩：希腊、塞尔维亚、罗马尼亚、保加利亚、波黑相继脱离。,TUR|GRC|BGR|MKD|ALB|SRB|MNE|BIH|HRV|ROU|MDA|UKR|CYP|SYR|LBN|ISR|JOR|EGY|LBY|TUN|DZA|IRQ,Constantinople,Constantinople,Osman dynasty,Ottoman Turkish,Selim III (Nizam-ı Cedid reforms 1789),Abdul Hamid II (deposed 1909),Constitutional Ottoman period (1908+),Encyclopaedia Britannica: Ottoman Empire,https://www.britannica.com/place/Ottoman-Empire,,88,,BCE years are negative; no year 0. Pre-Christian-era dates often approximate.,,,,,
polity_eur_0124,长十九世纪,Constitutional Ottoman / CUP,Ottoman Empire (Young Turk to end),Second Constitutional Era,奥斯曼帝国（青年土耳其党时期）,,verified,,empire,1908,1908年,1922,1922年,1908年-1922年,year,奥斯曼晚期：失去利比亚（意大利）、巴尔干战争疆域、阿拉伯领土（一战后）。,TUR|SYR|LBN|ISR|JOR|IRQ,Constantinople,Constantinople,Osman dynasty (constitutional),Ottoman Turkish,Mehmed V (acceded under Young Turk regime),Mehmed VI (deposed 1922),Republic of Turkey,Encyclopaedia Britannica: Ottoman Empire,https://www.britannica.com/place/Ottoman-Empire,,90,,BCE years are negative; no year 0. Pre-Christian-era dates often approximate.,,,,,
polity_eur_0125,长十九世纪,Wittelsbach → Glücksburg,Kingdom of Greece,Basileio tēs Hellados,希腊王国,,verified,,kingdom,1832,1832年,1924,1924年,1832年-1924年,year,希腊独立后疆域逐步扩张（色萨利 1881、克里特 1908、马其顿 1912-13）。,GRC,Athens,Athens,Wittelsbach → Glücksburg,Greek,Otto of Greece,,First Hellenic Republic (1924),Encyclopaedia Britannica: Greek civilization,https://www.britannica.com/topic/ancient-Greek-civilization,,88,,BCE years are negative; no year 0. Pre-Christian-era dates often approximate.,,,,,
polity_eur_0126,长十九世纪,Obrenović / Karađorđević,Principality / Kingdom of Serbia,Knjaževina/Kraljevina Srbija,塞尔维亚公国 / 王国,,verified,,principality_kingdom,1815,1815年,1918,1918年,1815年-1918年,year,塞尔维亚本土；1882 升格为王国。,SRB|MKD|BIH,Belgrade,Belgrade,Obrenović → Karađorđević,Serbian,Miloš Obrenović,Peter I (until Yugoslav unification 1918),"Kingdom of Serbs, Croats and Slovenes",Encyclopaedia Britannica: History of Europe,https://www.britannica.com/topic/history-of-Europe,,85,,BCE years are negative; no year 0. Pre-Christian-era dates often approximate.,,,,,
polity_eur_0127,长十九世纪,Hohenzollern-Sigmaringen,United Principalities / Kingdom of Romania,Principatele Unite / Regatul României,罗马尼亚公国 / 王国,,verified,,principality_kingdom,1859,1859年,1947,1947年,1859年-1947年,year,罗马尼亚本土；瓦拉几亚与摩尔达维亚合并 1859 → 1881 升格为王国。,ROU|MDA,Bucharest,Bucharest,Hohenzollern-Sigmaringen,Romanian,Alexandru Ioan Cuza → Carol I,,People's Republic of Romania (1947),Encyclopaedia Britannica: History of Europe,https://www.britannica.com/topic/history-of-Europe,,85,,BCE years are negative; no year 0. Pre-Christian-era dates often approximate.,,,,,
polity_eur_0128,长十九世纪,Battenberg / Saxe-Coburg-Gotha,Principality / Kingdom of Bulgaria,Knyazhestvo/Tsarstvo Balgariya,保加利亚公国 / 王国,,verified,,principality_kingdom,1878,1878年,1946,1946年,1878年-1946年,year,保加利亚独立后疆域逐步扩张到东鲁米利亚（1885）等。,BGR,Sofia,Sofia,Battenberg → Saxe-Coburg-Gotha,Bulgarian,Alexander of Battenberg,,People's Republic of Bulgaria,Encyclopaedia Britannica: History of Europe,https://www.britannica.com/topic/history-of-Europe,,85,,BCE years are negative; no year 0. Pre-Christian-era dates often approximate.,,,,,
polity_eur_0129,长十九世纪,Saxe-Coburg-Gotha,Kingdom of Belgium,Royaume de Belgique,比利时王国,,verified,,kingdom,1830,1830年,2026,2026年,1830年-2026年,year,比利时本土；1908 加刚果自由邦改为殖民地。,BEL,Brussels,Brussels,Saxe-Coburg-Gotha (Belgian branch),Belgian,Leopold I,,,Encyclopaedia Britannica: History of Europe,https://www.britannica.com/topic/history-of-Europe,,92,,BCE years are negative; no year 0. Pre-Christian-era dates often approximate.,,,,,
polity_eur_0130,长十九世纪,Orange-Nassau,Kingdom of the Netherlands,Koninkrijk der Nederlanden,荷兰王国,,verified,,kingdom,1815,1815年,2026,2026年,1815年-2026年,year,荷兰本土；1815-1830 含比利时；殖民地（东印度、苏里南、加勒比）。,NLD,Amsterdam,Amsterdam,Orange-Nassau,Dutch,William I,,,Encyclopaedia Britannica: History of Europe,https://www.britannica.com/topic/history-of-Europe,,92,,BCE years are negative; no year 0. Pre-Christian-era dates often approximate.,,,,,
polity_eur_0131,长十九世纪,Federal democratic,Swiss Confederation (modern federal state),Schweizerische Eidgenossenschaft (1848+),瑞士联邦（1848 联邦宪法）,,verified,,federation,1848,1848年,2026,2026年,1848年-2026年,year,瑞士联邦各州；中立国地位逐步固化。,CHE,,,,Swiss,,,,Encyclopaedia Britannica: History of Europe,https://www.britannica.com/topic/history-of-Europe,,88,,BCE years are negative; no year 0. Pre-Christian-era dates often approximate.,,,,,
polity_eur_0132,长十九世纪,Bernadotte (in union) → Glücksburg,Kingdom of Norway (modern),Kongeriket Norge,挪威王国（1814 起）,,verified,,kingdom,1814,1814年,2026,2026年,1814年-2026年,year,挪威本土；1814-1905 与瑞典共主联盟；1905 完全独立。,NOR,Oslo,Oslo,Bernadotte (in union) → Glücksburg,Norwegian,Christian Frederick (briefly 1814) / Karl Johan,,,Encyclopaedia Britannica: History of Europe,https://www.britannica.com/topic/history-of-Europe,,85,,BCE years are negative; no year 0. Pre-Christian-era dates often approximate.,,,,,
polity_eur_0133,长十九世纪,Bernadotte,Kingdom of Sweden (Bernadotte),Konungariket Sverige,瑞典王国（贝尔纳多特王朝）,,verified,,kingdom,1814,1814年,2026,2026年,1814年-2026年,year,瑞典本土；1814-1905 与挪威共主联盟。,SWE,Stockholm,Stockholm,Bernadotte,Swedish,Karl XIII / Karl XIV Johan,,,Encyclopaedia Britannica: History of Europe,https://www.britannica.com/topic/history-of-Europe,,88,,BCE years are negative; no year 0. Pre-Christian-era dates often approximate.,,,,,
polity_eur_0134,长十九世纪,Glücksburg,Kingdom of Denmark (modern),Kongeriget Danmark,丹麦王国（1814 起）,,verified,,kingdom,1814,1814年,2026,2026年,1814年-2026年,year,丹麦本土；冰岛 1918 起共主；殖民地（格陵兰、法罗）。,DNK,Copenhagen,Copenhagen,Glücksburg,Danish,Frederick VI,,,Encyclopaedia Britannica: History of Europe,https://www.britannica.com/topic/history-of-Europe,,85,,BCE years are negative; no year 0. Pre-Christian-era dates often approximate.,,,,,
polity_eur_0135,长十九世纪,Romanov (as Russian client),Kingdom of Poland (Congress Poland),Królestwo Polskie / Congress Poland,波兰王国（俄属，1815-1867）,,verified,,personal_union_kingdom,1815,1815年,1867,1867年,1815年-1867年,year,维也纳会议设立的俄属波兰王国；1867 起被完全俄罗斯化。,POL|LTU|UKR|BLR,Warsaw,Warsaw,Romanov,Polish (under Russian rule),Alexander I,,Vistula Land (Russian province),Encyclopaedia Britannica: Poland — History,https://www.britannica.com/place/Poland/History,,82,,BCE years are negative; no year 0. Pre-Christian-era dates often approximate.,,,,,
polity_eur_0136,两次世界大战,Windsor,United Kingdom of Great Britain and Northern Ireland,UK (1922+),大不列颠及北爱尔兰联合王国（1922 起）,,verified,,kingdom,1922,1922年,2026,2026年,1922年-2026年,year,不列颠 + 北爱尔兰 + 殖民帝国。,GBR|GB-ENG|GB-SCT|GB-WLS|GB-NIR,London,London,Windsor,British,George V,,,Encyclopaedia Britannica: United Kingdom — History,https://www.britannica.com/place/United-Kingdom/History,,95,,BCE years are negative; no year 0. Pre-Christian-era dates often approximate.,,,,,
polity_eur_0137,两次世界大战,Parliamentary republic,Weimar Republic,Deutsches Reich (Weimar),魏玛共和国,,verified,,republic,1919,1919年,1933,1933年,1919年-1933年,year,一战后德国本土；失阿尔萨斯-洛林、波兰走廊、北石勒苏益格、欧本-马尔默迪等。,DEU|POL,Berlin,Berlin,Parliamentary,German,Friedrich Ebert,Paul von Hindenburg (appointed Hitler chancellor 1933),Nazi Germany,Encyclopaedia Britannica: Holy Roman Empire,https://www.britannica.com/place/Holy-Roman-Empire,,92,,BCE years are negative; no year 0. Pre-Christian-era dates often approximate.,,,,,
polity_eur_0138,两次世界大战,NSDAP single-party,Nazi Germany (Third Reich),Drittes Reich,纳粹德国（第三帝国）,,verified,,dictatorship,1933,1933年,1945,1945年,1933年-1945年,year,德国本土 + 奥地利合并 + 苏台德 + 占领波兰、低地、法国、巴尔干等。,DEU|AUT|POL|CZE|FRA|BEL|NLD|LUX|DNK|NOR|YUG|GRC|HUN|UKR|BLR|RUS,Berlin,Berlin,NSDAP single-party,German,Adolf Hitler,"Karl Dönitz (briefly, 1945)",Allied occupation zones,Encyclopaedia Britannica: World War II,https://www.britannica.com/event/World-War-II,,95,,BCE years are negative; no year 0. Pre-Christian-era dates often approximate.,,,,,
polity_eur_0139,两次世界大战,Parliamentary republic,First Austrian Republic,Republik Österreich (Erste),奥地利第一共和国,,verified,,republic,1919,1919年,1938,1938年,1919年-1938年,year,一战后奥地利疆域。,AUT,Vienna,Vienna,Parliamentary → Federal State (Austrofascism),Austrian,Karl Renner,Kurt Schuschnigg,Anschluss with Nazi Germany,Encyclopaedia Britannica: Habsburg,https://www.britannica.com/topic/House-of-Habsburg,,90,,BCE years are negative; no year 0. Pre-Christian-era dates often approximate.,,,,,
polity_eur_0140,两次世界大战,Horthy regency,Kingdom of Hungary (interwar regency),Magyar Királyság (1920-1946),匈牙利王国（霍尔蒂摄政时期）,,verified,,kingdom_without_king,1920,1920年,1946,1946年,1920年-1946年,year,一战后特里亚农条约后疆域；二战时与轴心国结盟。,HUN,Budapest,Budapest,Habsburg-Lorraine (vacant throne),Hungarian,Miklós Horthy (regent),"Ferenc Szálasi (Arrow Cross, 1944-1945)",Hungarian Republic,Encyclopaedia Britannica: Hungary — History,https://www.britannica.com/place/Hungary/History,,88,,BCE years are negative; no year 0. Pre-Christian-era dates often approximate.,,,,,
polity_eur_0141,两次世界大战,Masaryk / Beneš republic,Czechoslovakia (First Republic & WWII),Československo,捷克斯洛伐克（第一共和国与二战期间）,,verified,,republic,1918,1918年,1948,1948年,1918年-1948年,year,捷克 + 斯洛伐克 + 喀尔巴阡乌克兰；1938 慕尼黑后丢失苏台德。,CZE|SVK|UKR,Prague,Prague,Parliamentary,Czech / Slovak,Tomáš Garrigue Masaryk,Klement Gottwald (Communist coup 1948),Czechoslovak Socialist Republic,Encyclopaedia Britannica: Holy Roman Empire,https://www.britannica.com/place/Holy-Roman-Empire,,92,,BCE years are negative; no year 0. Pre-Christian-era dates often approximate.,,,,,
polity_eur_0142,两次世界大战,Piłsudski / sanation regime,Second Polish Republic,II Rzeczpospolita Polska,波兰第二共和国,,verified,,republic,1918,1918年,1939,1939年,1918年-1939年,year,波兰本土 + 前俄占波兰东部 + 加利西亚 + 部分白俄、乌克兰、立陶宛地区。,POL|UKR|BLR|LTU,Warsaw,Warsaw,Parliamentary → semi-authoritarian,Polish,Józef Piłsudski,Ignacy Mościcki (resigned in exile 1939),Government-in-exile / General Government,Encyclopaedia Britannica: Poland — History,https://www.britannica.com/place/Poland/History,,92,,BCE years are negative; no year 0. Pre-Christian-era dates often approximate.,,,,,
polity_eur_0143,两次世界大战,Karađorđević,Kingdom of Yugoslavia,"Kraljevina Srba, Hrvata i Slovenaca → Kraljevina Jugoslavija",南斯拉夫王国,,verified,,kingdom,1918,1918年,1945,1945年,1918年-1945年,year,塞尔维亚 + 克罗地亚 + 斯洛文尼亚 + 波斯尼亚 + 黑山 + 马其顿。,SRB|HRV|SVN|BIH|MNE|MKD|XKX,Belgrade,Belgrade,Karađorđević,South Slavic (Serbian-led),Peter I (Karađorđević),Peter II (deposed by communists 1945),SFR Yugoslavia (Tito),Encyclopaedia Britannica: History of Europe,https://www.britannica.com/topic/history-of-Europe,,88,,BCE years are negative; no year 0. Pre-Christian-era dates often approximate.,,,,,
polity_eur_0144,两次世界大战,Hohenzollern-Sigmaringen,Kingdom of Romania (Greater Romania),România Mare,大罗马尼亚王国,,verified,,kingdom,1918,1918年,1947,1947年,1918年-1947年,year,一战胜利扩张至特兰西瓦尼亚、布科维纳、贝萨拉比亚。,ROU|MDA|UKR,Bucharest,Bucharest,Hohenzollern-Sigmaringen,Romanian,Ferdinand I,Michael I (forced abdication 1947),People's Republic of Romania,Encyclopaedia Britannica: History of Europe,https://www.britannica.com/topic/history-of-Europe,,92,,BCE years are negative; no year 0. Pre-Christian-era dates often approximate.,,,,,
polity_eur_0145,两次世界大战,Saxe-Coburg-Gotha (Bulgarian branch),Kingdom of Bulgaria (interwar & WWII),Tsarstvo Balgariya (interwar),保加利亚王国（两次大战间与二战）,,verified,,kingdom,1914,1914年,1946,1946年,1914年-1946年,year,保加利亚本土；二战时短暂占据马其顿与色雷斯。,BGR|MKD|GRC|SRB,Sofia,Sofia,Saxe-Coburg-Gotha,Bulgarian,Ferdinand I (then Boris III),Simeon II (referendum 1946),People's Republic of Bulgaria,Encyclopaedia Britannica: History of Europe,https://www.britannica.com/topic/history-of-Europe,,88,,BCE years are negative; no year 0. Pre-Christian-era dates often approximate.,,,,,
polity_eur_0146,两次世界大战,Parliamentary republic,Republic of Estonia (first independence),Eesti Vabariik (1918-1940),爱沙尼亚共和国（首次独立）,,verified,,republic,1918,1918年,1940,1940年,1918年-1940年,year,爱沙尼亚本土。,EST,Tallinn,Tallinn,Parliamentary → authoritarian (1934),Estonian,Konstantin Päts,Konstantin Päts (annexed by USSR 1940),Soviet annexation,Encyclopaedia Britannica: History of Europe,https://www.britannica.com/topic/history-of-Europe,,90,,BCE years are negative; no year 0. Pre-Christian-era dates often approximate.,,,,,
polity_eur_0147,两次世界大战,Parliamentary republic,Republic of Latvia (first independence),Latvijas Republika (1918-1940),拉脱维亚共和国（首次独立）,,verified,,republic,1918,1918年,1940,1940年,1918年-1940年,year,拉脱维亚本土。,LVA,Riga,Riga,Parliamentary → Ulmanis authoritarian,Latvian,Kārlis Ulmanis,Kārlis Ulmanis (annexed by USSR 1940),Soviet annexation,Encyclopaedia Britannica: History of Europe,https://www.britannica.com/topic/history-of-Europe,,90,,BCE years are negative; no year 0. Pre-Christian-era dates often approximate.,,,,,
polity_eur_0148,两次世界大战,Smetona authoritarian republic,Republic of Lithuania (first independence),Lietuvos Respublika (1918-1940),立陶宛共和国（首次独立）,,verified,,republic,1918,1918年,1940,1940年,1918年-1940年,year,立陶宛本土；维尔纽斯 1920-1939 被波兰占。,LTU|POL,,,Parliamentary → Smetona authoritarian,Lithuanian,Antanas Smetona,Antanas Smetona (annexed by USSR 1940),Soviet annexation,Encyclopaedia Britannica: History of Europe,https://www.britannica.com/topic/history-of-Europe,,88,,BCE years are negative; no year 0. Pre-Christian-era dates often approximate.,,,,,
polity_eur_0149,两次世界大战,Parliamentary republic,Republic of Finland,Suomen tasavalta,芬兰共和国,,verified,,republic,1917,1917年,2026,2026年,1917年-2026年,year,芬兰本土；冬战、继续战争中与苏联交战。,FIN,Helsinki,Helsinki,Parliamentary,Finnish,Pehr Evind Svinhufvud,,,Encyclopaedia Britannica: History of Europe,https://www.britannica.com/topic/history-of-Europe,,92,,BCE years are negative; no year 0. Pre-Christian-era dates often approximate.,,,,,
polity_eur_0150,两次世界大战,Cosgrave / de Valera,Irish Free State / Republic of Ireland,Saorstát Éireann → Éire / Ireland,爱尔兰自由邦 / 共和国,,verified,,republic,1922,1922年,2026,2026年,1922年-2026年,year,爱尔兰岛除北爱尔兰之外的 26 郡。,IRL,Dublin,Dublin,Parliamentary,Irish,W.T. Cosgrave,,,Encyclopaedia Britannica: United Kingdom — History,https://www.britannica.com/place/United-Kingdom/History,,92,,BCE years are negative; no year 0. Pre-Christian-era dates often approximate.,,,,,
polity_eur_0151,两次世界大战,Personal union with Denmark → republic,Kingdom / Republic of Iceland,Ísland,冰岛王国 / 共和国,,verified,,kingdom_to_republic,1918,1918年,2026,2026年,1918年-2026年,year,冰岛全岛；1918 与丹麦共主 → 1944 共和。,ISL,Reykjavik,Reykjavik,Glücksburg (until 1944),Icelandic,Frederik VIII (then republic 1944),,,Encyclopaedia Britannica: History of Europe,https://www.britannica.com/topic/history-of-Europe,,88,,BCE years are negative; no year 0. Pre-Christian-era dates often approximate.,,,,,
polity_eur_0152,两次世界大战,Bolshevik / CPSU,Russian SFSR / USSR (early),RSFSR → USSR,苏俄 / 苏联（早期）,,verified,,soviet_state,1917,1917年,1945,1945年,1917年-1945年,year,俄罗斯本土 + 乌克兰、白俄罗斯、外高加索（联盟成员）；二战扩展至波罗的海、东欧。,RUS|UKR|BLR|EST|LVA|LTU|POL|MDA|GEO|ARM|AZE|KAZ|KGZ|TJK|TKM|UZB|FIN|ROU,Moscow,Moscow,Bolshevik party / CPSU,Russian / Soviet,Vladimir Lenin,"Joseph Stalin (1945, WWII victor)",USSR Cold War period (post-1945),Encyclopaedia Britannica: Russia — History,https://www.britannica.com/place/Russia/History,,95,,BCE years are negative; no year 0. Pre-Christian-era dates often approximate.,,,,,
polity_eur_0153,两次世界大战,Mussolini / National Fascist Party,Kingdom of Italy under Fascism,Regno d'Italia (Fascist era),法西斯意大利,,verified,,fascist_dictatorship,1922,1922年,1943,1943年,1922年-1943年,year,意大利本土 + 利比亚、埃塞俄比亚、阿尔巴尼亚（1939 起）+ 多德卡尼斯。,ITA|LBY|ALB|GRC|HRV|SVN,Rome,Rome,Mussolini cabinet (under King Victor Emmanuel III),Italian,Benito Mussolini,Benito Mussolini (dismissed July 1943),Italian Social Republic | Allied-occupied Italy,Encyclopaedia Britannica: Italian unification,https://www.britannica.com/event/Italian-unification,,92,,BCE years are negative; no year 0. Pre-Christian-era dates often approximate.,,,,,
polity_eur_0154,两次世界大战,Mussolini puppet government,Italian Social Republic (Salò),Repubblica Sociale Italiana,意大利社会共和国（萨罗共和国）,,verified,,puppet_state,1943,1943年,1945,1945年,1943年-1945年,year,德占北意大利。,ITA|IT-NORDOVES|IT-NORDEST,,,Fascist (German puppet),Italian,Benito Mussolini,Benito Mussolini (executed April 1945),Republic of Italy,Encyclopaedia Britannica: Italian unification,https://www.britannica.com/event/Italian-unification,,92,,BCE years are negative; no year 0. Pre-Christian-era dates often approximate.,,,,,
polity_eur_0155,两次世界大战,Pétain regime,French State (Vichy),État français,法兰西国（维希）,,verified,,puppet_state,1940,1940年,1944,1944年,1940年-1944年,year,法国南部未占领区，1942 后全境德占。,FRA|DZA|MAR|TUN|SYR|LBN,,,Vichy regime,French (collaborationist),Philippe Pétain,Philippe Pétain,Provisional Government of the French Republic,Encyclopaedia Britannica: France — History,https://www.britannica.com/place/France/History,,92,,BCE years are negative; no year 0. Pre-Christian-era dates often approximate.,,,,,
polity_eur_0156,两次世界大战,de Gaulle,Free France / Provisional Government,France Libre → GPRF,自由法国 / 法兰西共和国临时政府,,verified,,government_in_exile,1940,1940年,1946,1946年,1940年-1946年,year,伦敦总部 → 阿尔及尔 → 1944 后巴黎；解放的法国与殖民地。,FRA|DZA,Paris,Paris,Gaullist,French,Charles de Gaulle,Charles de Gaulle (resigned Jan 1946),Fourth French Republic,Encyclopaedia Britannica: France — History,https://www.britannica.com/place/France/History,,92,,BCE years are negative; no year 0. Pre-Christian-era dates often approximate.,,,,,
polity_eur_0157,两次世界大战,Franco dictatorship,Spanish State (Franco regime),Estado Español (Franquista),弗朗哥独裁西班牙,,verified,,fascist_dictatorship,1939,1939年,1975,1975年,1939年-1975年,year,西班牙全境 + 摩洛哥殖民地、西撒、赤道几内亚。,ESP|MAR,Madrid,Madrid,Franco (single party Falange),Spanish,Francisco Franco,,Bourbon restoration (Juan Carlos I),Encyclopaedia Britannica: Spain — History,https://www.britannica.com/place/Spain/History,,92,,BCE years are negative; no year 0. Pre-Christian-era dates often approximate.,,,,,
polity_eur_0158,两次世界大战,Salazar dictatorship,Portuguese Second Republic (Estado Novo),Estado Novo,葡萄牙第二共和国（新国家）,,verified,,authoritarian_republic,1933,1933年,1974,1974年,1933年-1974年,year,葡萄牙本土 + 殖民帝国（安哥拉、莫桑比克、果阿、澳门、东帝汶等）。,PRT,Lisbon,Lisbon,Salazar regime,Portuguese,António de Oliveira Salazar,,Third Republic (Carnation Revolution 1974),Encyclopaedia Britannica: History of Europe,https://www.britannica.com/topic/history-of-Europe,,92,,BCE years are negative; no year 0. Pre-Christian-era dates often approximate.,,,,,
polity_eur_0159,两次世界大战,Bernadotte,Kingdom of Sweden (WWII neutral),Konungariket Sverige (WWII),瑞典王国（两次大战中立）,,verified,,kingdom,1914,1914年,2026,2026年,1914年-2026年,year,瑞典本土；两次大战均保持中立。,SWE,Stockholm,Stockholm,Bernadotte,Swedish,Gustaf V (already king),,,Encyclopaedia Britannica: History of Europe,https://www.britannica.com/topic/history-of-Europe,,88,,BCE years are negative; no year 0. Pre-Christian-era dates often approximate.,,,,,
polity_eur_0160,两次世界大战,Federal democratic,Swiss Confederation (WWII neutral),Schweizerische Eidgenossenschaft (WWII),瑞士联邦（两次大战中立）,,verified,,federation,1914,1914年,2026,2026年,1914年-2026年,year,瑞士联邦核心；二战期间被轴心国包围但保持武装中立。,CHE,,,,Swiss,,,,Encyclopaedia Britannica: History of Europe,https://www.britannica.com/topic/history-of-Europe,,85,,BCE years are negative; no year 0. Pre-Christian-era dates often approximate.,,,,,
polity_eur_0161,两次世界大战,Ustaše regime,Independent State of Croatia (Ustaše),Nezavisna Država Hrvatska,克罗地亚独立国,,verified,,puppet_state,1941,1941年,1945,1945年,1941年-1945年,year,克罗地亚 + 波斯尼亚-黑塞哥维那（轴心国扶植傀儡政权）。,HRV|BIH,Zagreb,Zagreb,Ustaše regime,Croatian (fascist),Ante Pavelić,Ante Pavelić,SFR Yugoslavia,Encyclopaedia Britannica: World War II,https://www.britannica.com/event/World-War-II,,88,,BCE years are negative; no year 0. Pre-Christian-era dates often approximate.,,,,,
polity_eur_0162,两次世界大战,Tiso regime,First Slovak Republic (Slovak State),Slovenská republika,斯洛伐克国,,verified,,puppet_state,1939,1939年,1945,1945年,1939年-1945年,year,斯洛伐克本土（德国扶植）。,SVK,Bratislava,Bratislava,Slovak People's Party (clerico-fascist),Slovak,Jozef Tiso,Jozef Tiso (executed 1947),Restored Czechoslovakia,Encyclopaedia Britannica: World War II,https://www.britannica.com/event/World-War-II,,88,,BCE years are negative; no year 0. Pre-Christian-era dates often approximate.,,,,,
