polity_id,original_polity_name,canonical_polity_name,suggested_display_name,risk_type,severity,review_status,basis_sources,handling_note
polity_0001,丁零,丁零,丁零,none,none,verified,中华人民共和国外交部“国家和组织”|联合国会员国中文列表|《晋书》/《资治通鉴》,全量遍历未发现国名误导风险。
polity_0002,东吴,东吴,东吴,none,none,verified,中华人民共和国外交部“国家和组织”|联合国会员国中文列表|《三国志·吴书》,全量遍历未发现国名误导风险。
polity_0003,东周,东周,东周,none,none,verified,中华人民共和国外交部“国家和组织”|联合国会员国中文列表|《史记·周本纪》,全量遍历未发现国名误导风险。
polity_0004,东周国,东周国,东周国,none,none,verified,中华人民共和国外交部“国家和组织”|联合国会员国中文列表|《史记·周本纪》,全量遍历未发现国名误导风险。
polity_0005,东晋,东晋,东晋,none,none,verified,中华人民共和国外交部“国家和组织”|联合国会员国中文列表|《晋书·恭帝纪》,全量遍历未发现国名误导风险。
polity_0006,东汉,东汉,东汉,none,none,verified,中华人民共和国外交部“国家和组织”|联合国会员国中文列表|《后汉书》/《三国志》,全量遍历未发现国名误导风险。
polity_0007,东虢国,东虢国,东虢国,low_confidence,low,needs_review,中华人民共和国外交部“国家和组织”|联合国会员国中文列表|周代诸侯国列表 - 维基百科,
polity_0008,东魏,东魏,东魏,none,none,verified,中华人民共和国外交部“国家和组织”|联合国会员国中文列表|《魏书》/《北齐书》,全量遍历未发现国名误导风险。
polity_0009,中天八国王,中天八国王,中天八国王,none,none,verified,中华人民共和国外交部“国家和组织”|联合国会员国中文列表|《十国春秋》/地方志,全量遍历未发现国名误导风险。
polity_0010,中山国,中山国,中山国,none,none,verified,中华人民共和国外交部“国家和组织”|联合国会员国中文列表|《史记·赵世家》,全量遍历未发现国名误导风险。
polity_0011,仇池,仇池,仇池,none,none,verified,中华人民共和国外交部“国家和组织”|联合国会员国中文列表|《魏书》/《宋书》,全量遍历未发现国名误导风险。
polity_0012,代国,代国,代国,none,none,verified,中华人民共和国外交部“国家和组织”|联合国会员国中文列表|《魏书·序纪》,全量遍历未发现国名误导风险。
polity_0013,元朝,元朝,元朝,none,none,verified,中华人民共和国外交部“国家和组织”|联合国会员国中文列表|《元史》/《明史》,全量遍历未发现国名误导风险。
polity_0014,六国,六国,六国（录国）,common_term_collision,medium,verified,中华人民共和国外交部“国家和组织”|联合国会员国中文列表|《春秋·文公五年》,前端展示为“六国（录国）”，避免误读成战国六国集合。
polity_0015,冉魏,冉魏,冉魏,none,none,verified,中华人民共和国外交部“国家和组织”|联合国会员国中文列表|《晋书·石季龙载记》附《冉闵传》,全量遍历未发现国名误导风险。
polity_0016,刘国,刘国,刘国,none,none,verified,中华人民共和国外交部“国家和组织”|联合国会员国中文列表|《左传》及战国史考,全量遍历未发现国名误导风险。
polity_0017,刘宋,刘宋,刘宋,none,none,verified,中华人民共和国外交部“国家和组织”|联合国会员国中文列表|《宋书》/《南史》,全量遍历未发现国名误导风险。
polity_0018,前仇池,前仇池,前仇池,none,none,verified,中华人民共和国外交部“国家和组织”|联合国会员国中文列表|《晋书》/《十六国春秋》,全量遍历未发现国名误导风险。
polity_0019,前凉,前凉,前凉,none,none,verified,中华人民共和国外交部“国家和组织”|联合国会员国中文列表|《晋书·张轨等传》,全量遍历未发现国名误导风险。
polity_0020,前燕,前燕,前燕,none,none,verified,中华人民共和国外交部“国家和组织”|联合国会员国中文列表|《晋书·慕容皝等载记》,全量遍历未发现国名误导风险。
polity_0021,前秦,前秦,前秦,none,none,verified,中华人民共和国外交部“国家和组织”|联合国会员国中文列表|《晋书·苻坚等载记》,全量遍历未发现国名误导风险。
polity_0022,前蜀,前蜀,前蜀,none,none,verified,中华人民共和国外交部“国家和组织”|联合国会员国中文列表|《新五代史·前蜀世家》,全量遍历未发现国名误导风险。
polity_0023,北元,北元,北元,none,none,verified,中华人民共和国外交部“国家和组织”|联合国会员国中文列表|《明史》/蒙古史料,全量遍历未发现国名误导风险。
polity_0024,北凉,北凉,北凉,none,none,verified,中华人民共和国外交部“国家和组织”|联合国会员国中文列表|《魏书》/《晋书》,全量遍历未发现国名误导风险。
polity_0025,北周,北周,北周,none,none,verified,中华人民共和国外交部“国家和组织”|联合国会员国中文列表|《周书》/《隋书》,全量遍历未发现国名误导风险。
polity_0026,北宋,北宋,北宋,none,none,verified,中华人民共和国外交部“国家和组织”|联合国会员国中文列表|《宋史·钦宗纪》,全量遍历未发现国名误导风险。
polity_0027,北汉,北汉,北汉,none,none,verified,中华人民共和国外交部“国家和组织”|联合国会员国中文列表|《宋史·世家》,全量遍历未发现国名误导风险。
polity_0028,北燕,北燕,北燕,none,none,verified,中华人民共和国外交部“国家和组织”|联合国会员国中文列表|《晋书·冯跋等载记》,全量遍历未发现国名误导风险。
polity_0029,北虢国,北虢国,北虢国,location_leak,high,verified,中华人民共和国外交部“国家和组织”|联合国会员国中文列表|《左传·僖公五年》,将“沛县”移出国名语义，保留原串为检索别名。
polity_0030,北魏,北魏,北魏,none,none,verified,中华人民共和国外交部“国家和组织”|联合国会员国中文列表|《魏书》/《北史》,全量遍历未发现国名误导风险。
polity_0031,北齐,北齐,北齐,none,none,verified,中华人民共和国外交部“国家和组织”|联合国会员国中文列表|《北齐书》/《周书》,全量遍历未发现国名误导风险。
polity_0032,南凉,南凉,南凉,none,none,verified,中华人民共和国外交部“国家和组织”|联合国会员国中文列表|《晋书·秃发乌孤等载记》,全量遍历未发现国名误导风险。
polity_0033,南唐,南唐,南唐,none,none,verified,中华人民共和国外交部“国家和组织”|联合国会员国中文列表|《宋史·世家》,全量遍历未发现国名误导风险。
polity_0034,南宋,南宋,南宋,none,none,verified,中华人民共和国外交部“国家和组织”|联合国会员国中文列表|《宋史·二王本纪》,全量遍历未发现国名误导风险。
polity_0035,南明,南明,南明,none,none,verified,中华人民共和国外交部“国家和组织”|联合国会员国中文列表|《明史》附录/南明史,全量遍历未发现国名误导风险。
polity_0036,南汉,南汉,南汉,none,none,verified,中华人民共和国外交部“国家和组织”|联合国会员国中文列表|《宋史·世家》,全量遍历未发现国名误导风险。
polity_0037,南燕,南燕,南燕,none,none,verified,中华人民共和国外交部“国家和组织”|联合国会员国中文列表|《晋书·慕容德等载记》,全量遍历未发现国名误导风险。
polity_0038,南齐,南齐,南齐,none,none,verified,中华人民共和国外交部“国家和组织”|联合国会员国中文列表|《南齐书》/《梁书》,全量遍历未发现国名误导风险。
polity_0039,卢龙军,卢龙军,卢龙军,none,none,verified,中华人民共和国外交部“国家和组织”|联合国会员国中文列表|《旧五代史·刘守光传》,全量遍历未发现国名误导风险。
polity_0040,卫国,卫国,卫国,none,none,verified,中华人民共和国外交部“国家和组织”|联合国会员国中文列表|《史记·卫康叔世家》,全量遍历未发现国名误导风险。
polity_0041,原国,原国,原国,none,none,verified,中华人民共和国外交部“国家和组织”|联合国会员国中文列表|《左传·僖公二十五年》,全量遍历未发现国名误导风险。
polity_0042,召国,召国,召国,none,none,verified,中华人民共和国外交部“国家和组织”|联合国会员国中文列表|《左传·昭公二十九年》,全量遍历未发现国名误导风险。
polity_0043,后仇池,后仇池,后仇池,none,none,verified,中华人民共和国外交部“国家和组织”|联合国会员国中文列表|《魏书》/《宋书》,全量遍历未发现国名误导风险。
polity_0044,后凉,后凉,后凉,none,none,verified,中华人民共和国外交部“国家和组织”|联合国会员国中文列表|《晋书·吕光等载记》,全量遍历未发现国名误导风险。
polity_0045,后周,后周,后周,none,none,verified,中华人民共和国外交部“国家和组织”|联合国会员国中文列表|《旧五代史·周书》/《宋史》,全量遍历未发现国名误导风险。
polity_0046,后唐,后唐,后唐,none,none,verified,中华人民共和国外交部“国家和组织”|联合国会员国中文列表|《旧五代史·唐书》,全量遍历未发现国名误导风险。
polity_0047,后晋,后晋,后晋,none,none,verified,中华人民共和国外交部“国家和组织”|联合国会员国中文列表|《旧五代史·晋书》,全量遍历未发现国名误导风险。
polity_0048,后梁,后梁,后梁,none,none,verified,中华人民共和国外交部“国家和组织”|联合国会员国中文列表|《旧五代史·梁书》,全量遍历未发现国名误导风险。
polity_0049,后汉,后汉,后汉,none,none,verified,中华人民共和国外交部“国家和组织”|联合国会员国中文列表|《旧五代史·汉书》,全量遍历未发现国名误导风险。
polity_0050,后燕,后燕,后燕,none,none,verified,中华人民共和国外交部“国家和组织”|联合国会员国中文列表|《晋书·慕容垂等载记》,全量遍历未发现国名误导风险。
polity_0051,后秦,后秦,后秦,none,none,verified,中华人民共和国外交部“国家和组织”|联合国会员国中文列表|《晋书·姚苌等载记》,全量遍历未发现国名误导风险。
polity_0052,后蜀,后蜀,后蜀,none,none,verified,中华人民共和国外交部“国家和组织”|联合国会员国中文列表|《宋史·世家》,全量遍历未发现国名误导风险。
polity_0053,后赵,后赵,后赵,none,none,verified,中华人民共和国外交部“国家和组织”|联合国会员国中文列表|《晋书·石勒等载记》,全量遍历未发现国名误导风险。
polity_0054,后金,后金,后金,none,none,verified,中华人民共和国外交部“国家和组织”|联合国会员国中文列表|《清史稿·太宗本纪》,全量遍历未发现国名误导风险。
polity_0055,吕国,吕国,吕国,none,none,verified,中华人民共和国外交部“国家和组织”|联合国会员国中文列表|《左传》及楚史考证,全量遍历未发现国名误导风险。
polity_0056,吴国,吴国,吴国,none,none,verified,中华人民共和国外交部“国家和组织”|联合国会员国中文列表|《史记·吴太伯世家》,全量遍历未发现国名误导风险。
polity_0057,吴越,吴越,吴越,none,none,verified,中华人民共和国外交部“国家和组织”|联合国会员国中文列表|《宋史·吴越世家》,全量遍历未发现国名误导风险。
polity_0058,周国,周国,周国,none,none,verified,中华人民共和国外交部“国家和组织”|联合国会员国中文列表|《史记·周本纪》,全量遍历未发现国名误导风险。
polity_0059,唐朝,唐朝,唐朝,none,none,verified,中华人民共和国外交部“国家和组织”|联合国会员国中文列表|《旧唐书》/《新唐书》,全量遍历未发现国名误导风险。
polity_0060,宇文部,宇文部,宇文部,none,none,verified,中华人民共和国外交部“国家和组织”|联合国会员国中文列表|《晋书·慕容皝载记》,全量遍历未发现国名误导风险。
polity_0061,宋国,宋国,宋国,none,none,verified,中华人民共和国外交部“国家和组织”|联合国会员国中文列表|《史记·宋微子世家》,全量遍历未发现国名误导风险。
polity_0062,宕昌,宕昌,宕昌,none,none,verified,中华人民共和国外交部“国家和组织”|联合国会员国中文列表|《周书》,全量遍历未发现国名误导风险。
polity_0063,宿国,宿国,宿国,none,none,verified,中华人民共和国外交部“国家和组织”|联合国会员国中文列表|《春秋·庄公十年》,全量遍历未发现国名误导风险。
polity_0064,尹国,尹国,尹国,none,none,verified,中华人民共和国外交部“国家和组织”|联合国会员国中文列表|《左传·昭公二十九年》,全量遍历未发现国名误导风险。
polity_0065,岐,岐,岐,none,none,verified,中华人民共和国外交部“国家和组织”|联合国会员国中文列表|《新五代史·李茂贞传》,全量遍历未发现国名误导风险。
polity_0066,巩国,巩国,巩国,none,none,verified,中华人民共和国外交部“国家和组织”|联合国会员国中文列表|《左传·昭公二十六年》,全量遍历未发现国名误导风险。
polity_0067,巴国,巴国,巴国,none,none,verified,中华人民共和国外交部“国家和组织”|联合国会员国中文列表|《华阳国志·巴志》,全量遍历未发现国名误导风险。
polity_0068,应国,应国,应国,none,none,verified,中华人民共和国外交部“国家和组织”|联合国会员国中文列表|《左传》、应国墓地考古,全量遍历未发现国名误导风险。
polity_0069,成汉,成汉,成汉,none,none,verified,中华人民共和国外交部“国家和组织”|联合国会员国中文列表|《晋书·李雄等载记》,全量遍历未发现国名误导风险。
polity_0070,扶余,扶余,扶余,none,none,verified,中华人民共和国外交部“国家和组织”|联合国会员国中文列表|《三国史记》/《魏书》,全量遍历未发现国名误导风险。
polity_0071,新朝,新朝,新朝,none,none,verified,中华人民共和国外交部“国家和组织”|联合国会员国中文列表|《汉书·王莽传》,全量遍历未发现国名误导风险。
polity_0072,明朝,明朝,明朝,none,none,verified,中华人民共和国外交部“国家和组织”|联合国会员国中文列表|《明史·庄烈帝本纪》,全量遍历未发现国名误导风险。
polity_0073,晋国,晋国,晋国,none,none,verified,中华人民共和国外交部“国家和组织”|联合国会员国中文列表|《史记·晋世家》,全量遍历未发现国名误导风险。
polity_0074,曹国,曹国,曹国,none,none,verified,中华人民共和国外交部“国家和组织”|联合国会员国中文列表|《史记·管蔡世家》/《左传》,全量遍历未发现国名误导风险。
polity_0075,曹魏,曹魏,曹魏,none,none,verified,中华人民共和国外交部“国家和组织”|联合国会员国中文列表|《三国志·魏书》,全量遍历未发现国名误导风险。
polity_0076,杞国,杞国,杞国,low_confidence,low,needs_review,中华人民共和国外交部“国家和组织”|联合国会员国中文列表|周代诸侯国列表 - 维基百科 | 周朝诸侯国君主列表 - 维基百科,
polity_0077,杨吴,杨吴,杨吴,none,none,verified,中华人民共和国外交部“国家和组织”|联合国会员国中文列表|《新五代史·吴世家》,全量遍历未发现国名误导风险。
polity_0078,柔然,柔然,柔然,none,none,verified,中华人民共和国外交部“国家和组织”|联合国会员国中文列表|《魏书》/《北史》,全量遍历未发现国名误导风险。
polity_0079,根牟国,根牟国,根牟国,none,none,verified,中华人民共和国外交部“国家和组织”|联合国会员国中文列表|《左传·宣公九年》,全量遍历未发现国名误导风险。
polity_0080,桀燕,桀燕,桀燕,none,none,verified,中华人民共和国外交部“国家和组织”|联合国会员国中文列表|《旧五代史·刘守光传》,全量遍历未发现国名误导风险。
polity_0081,桓楚,桓楚,桓楚,none,none,verified,中华人民共和国外交部“国家和组织”|联合国会员国中文列表|《晋书·桓玄传》,全量遍历未发现国名误导风险。
polity_0082,梁国,梁国,梁国,none,none,verified,中华人民共和国外交部“国家和组织”|联合国会员国中文列表|《左传·僖公二十年》,全量遍历未发现国名误导风险。
polity_0083,梁朝,梁朝,梁朝,none,none,verified,中华人民共和国外交部“国家和组织”|联合国会员国中文列表|《梁书》/《陈书》,全量遍历未发现国名误导风险。
polity_0084,楚国,楚国,楚国,none,none,verified,中华人民共和国外交部“国家和组织”|联合国会员国中文列表|《史记·楚世家》,全量遍历未发现国名误导风险。
polity_0085,武周,武周,武周,none,none,verified,中华人民共和国外交部“国家和组织”|联合国会员国中文列表|《旧唐书·则天皇后本纪》,全量遍历未发现国名误导风险。
polity_0086,武平军,武平军,武平军,none,none,verified,中华人民共和国外交部“国家和组织”|联合国会员国中文列表|《宋史》/《新五代史》,全量遍历未发现国名误导风险。
polity_0087,段部,段部,段部,none,none,verified,中华人民共和国外交部“国家和组织”|联合国会员国中文列表|《晋书》,全量遍历未发现国名误导风险。
polity_0088,段部鲜卑,段部鲜卑,段部鲜卑,none,none,verified,中华人民共和国外交部“国家和组织”|联合国会员国中文列表|《晋书·段匹磾等传》,全量遍历未发现国名误导风险。
polity_0089,殷国,殷国,殷国,none,none,verified,中华人民共和国外交部“国家和组织”|联合国会员国中文列表|《史记·周本纪》,全量遍历未发现国名误导风险。
polity_0090,毕国,毕国,毕国,none,none,verified,中华人民共和国外交部“国家和组织”|联合国会员国中文列表|《史记》及金文,全量遍历未发现国名误导风险。
polity_0091,毛国,毛国,毛国,none,none,verified,中华人民共和国外交部“国家和组织”|联合国会员国中文列表|《左传·昭公二十六年》,全量遍历未发现国名误导风险。
polity_0092,汉,汉,汉,none,none,verified,中华人民共和国外交部“国家和组织”|联合国会员国中文列表|《梁书·侯景传》,全量遍历未发现国名误导风险。
polity_0093,汉赵,汉赵,汉赵,none,none,verified,中华人民共和国外交部“国家和组织”|联合国会员国中文列表|《晋书·刘曜载记》,全量遍历未发现国名误导风险。
polity_0094,江国,江国,江国,none,none,verified,中华人民共和国外交部“国家和组织”|联合国会员国中文列表|《左传·文公四年》,全量遍历未发现国名误导风险。
polity_0095,沈国,沈国,沈国,none,none,verified,中华人民共和国外交部“国家和组织”|联合国会员国中文列表|《左传·定公四年》,全量遍历未发现国名误导风险。
polity_0096,清朝,清朝,清朝,none,none,verified,中华人民共和国外交部“国家和组织”|联合国会员国中文列表|《清史稿》/《宣统帝退位诏书》,全量遍历未发现国名误导风险。
polity_0097,清源军,清源军,清源军（平海军）,location_leak,medium,verified,中华人民共和国外交部“国家和组织”|联合国会员国中文列表|《宋史·世家》,标准名去掉斜杠，展示名保留平海军异名。
polity_0098,温国,温国,温国,none,none,verified,中华人民共和国外交部“国家和组织”|联合国会员国中文列表|《左传·僖公十年》,全量遍历未发现国名误导风险。
polity_0099,滕国,滕国,滕国,none,none,verified,中华人民共和国外交部“国家和组织”|联合国会员国中文列表|《史记》及战国史考,全量遍历未发现国名误导风险。
polity_0100,滥国,滥国,滥国,none,none,verified,中华人民共和国外交部“国家和组织”|联合国会员国中文列表|《左传·昭公二十一年》,全量遍历未发现国名误导风险。
polity_0101,潘国,潘国,潘国,none,none,verified,中华人民共和国外交部“国家和组织”|联合国会员国中文列表|《左传·定公六年》,全量遍历未发现国名误导风险。
polity_0102,潞氏,潞氏,潞氏,none,none,verified,中华人民共和国外交部“国家和组织”|联合国会员国中文列表|《左传·宣公十五年》,全量遍历未发现国名误导风险。
polity_0103,焦国,焦国,焦国,none,none,verified,中华人民共和国外交部“国家和组织”|联合国会员国中文列表|《史记》及地理志,全量遍历未发现国名误导风险。
polity_0104,燕国,燕国,燕国,none,none,verified,中华人民共和国外交部“国家和组织”|联合国会员国中文列表|《史记·燕召公世家》,全量遍历未发现国名误导风险。
polity_0105,申国,申国,申国,none,none,verified,中华人民共和国外交部“国家和组织”|联合国会员国中文列表|《左传·庄公六年》,全量遍历未发现国名误导风险。
polity_0106,祝国,祝国,祝国,none,none,verified,中华人民共和国外交部“国家和组织”|联合国会员国中文列表|《左传·隐公七年》,全量遍历未发现国名误导风险。
polity_0107,祭国,祭国,祭国,none,none,verified,中华人民共和国外交部“国家和组织”|联合国会员国中文列表|《左传·隐公元年》及相关文献,全量遍历未发现国名误导风险。
polity_0108,威武军,威武军,威武军（福州）,location_leak,medium,verified,中华人民共和国外交部“国家和组织”|联合国会员国中文列表|《宋史》/《新五代史》,标准名去掉斜杠，展示名保留福州信息。
polity_0109,秦国,秦国,秦国,none,none,verified,中华人民共和国外交部“国家和组织”|联合国会员国中文列表|《史记·秦始皇本纪》,全量遍历未发现国名误导风险。
polity_0110,秦朝,秦朝,秦朝,none,none,verified,中华人民共和国外交部“国家和组织”|联合国会员国中文列表|《史记·秦始皇本纪》,全量遍历未发现国名误导风险。
polity_0111,管国,管国,管国,none,none,verified,中华人民共和国外交部“国家和组织”|联合国会员国中文列表|《史记·管蔡世家》,全量遍历未发现国名误导风险。
polity_0112,翟魏,翟魏,翟魏,none,none,verified,中华人民共和国外交部“国家和组织”|联合国会员国中文列表|《晋书》/《资治通鉴》,全量遍历未发现国名误导风险。
polity_0113,胡夏,胡夏,胡夏,none,none,verified,中华人民共和国外交部“国家和组织”|联合国会员国中文列表|《晋书·赫连勃勃载记》,全量遍历未发现国名误导风险。
polity_0114,舒国,舒国,舒国,none,none,verified,中华人民共和国外交部“国家和组织”|联合国会员国中文列表|《左传·僖公三年》,全量遍历未发现国名误导风险。
polity_0115,舒庸国,舒庸国,舒庸国,none,none,verified,中华人民共和国外交部“国家和组织”|联合国会员国中文列表|《左传·成公十七年》,全量遍历未发现国名误导风险。
polity_0116,舒蓼国,舒蓼国,舒蓼国,none,none,verified,中华人民共和国外交部“国家和组织”|联合国会员国中文列表|《左传·宣公八年》,全量遍历未发现国名误导风险。
polity_0117,舒鸠国,舒鸠国,舒鸠国,none,none,verified,中华人民共和国外交部“国家和组织”|联合国会员国中文列表|《左传·襄公二十五年》,全量遍历未发现国名误导风险。
polity_0118,芮国,芮国,芮国,none,none,verified,中华人民共和国外交部“国家和组织”|联合国会员国中文列表|《左传·僖公二十年》,全量遍历未发现国名误导风险。
polity_0119,英氏国,英氏国,英氏国,modern_abbreviation_collision|modern_country_collision|source_mismatch,high,verified,中华人民共和国外交部“国家和组织”|联合国会员国中文列表|《史记·楚世家》 | 《春秋左传·僖公十七年》,改展示和标准名为“英氏国”，保留“英国”作为明确消歧的检索别名。
polity_0120,苴国,苴国,苴国,none,none,verified,中华人民共和国外交部“国家和组织”|联合国会员国中文列表|《华阳国志》,全量遍历未发现国名误导风险。
polity_0121,荆南,荆南,荆南,none,none,verified,中华人民共和国外交部“国家和组织”|联合国会员国中文列表|《宋史·世家》,全量遍历未发现国名误导风险。
polity_0122,莒国,莒国,莒国,none,none,verified,中华人民共和国外交部“国家和组织”|联合国会员国中文列表|《史记·楚世家》,全量遍历未发现国名误导风险。
polity_0123,蒋国,蒋国,蒋国,none,none,verified,中华人民共和国外交部“国家和组织”|联合国会员国中文列表|《左传·文公十年》,全量遍历未发现国名误导风险。
polity_0124,蔡国,蔡国,蔡国,none,none,verified,中华人民共和国外交部“国家和组织”|联合国会员国中文列表|《史记·管蔡世家》,全量遍历未发现国名误导风险。
polity_0125,薛国,薛国,薛国,none,none,verified,中华人民共和国外交部“国家和组织”|联合国会员国中文列表|战国史考,全量遍历未发现国名误导风险。
polity_0126,虞国,虞国,虞国,none,none,verified,中华人民共和国外交部“国家和组织”|联合国会员国中文列表|《左传·僖公五年》,全量遍历未发现国名误导风险。
polity_0127,蜀汉,蜀汉,蜀汉,none,none,verified,中华人民共和国外交部“国家和组织”|联合国会员国中文列表|《三国志·蜀书》,全量遍历未发现国名误导风险。
polity_0128,西凉,西凉,西凉,none,none,verified,中华人民共和国外交部“国家和组织”|联合国会员国中文列表|《晋书·李玄盛等载记》,全量遍历未发现国名误导风险。
polity_0129,西周,西周,西周,none,none,verified,中华人民共和国外交部“国家和组织”|联合国会员国中文列表|《史记·周本纪》,全量遍历未发现国名误导风险。
polity_0130,西周国,西周国,西周国,none,none,verified,中华人民共和国外交部“国家和组织”|联合国会员国中文列表|《史记·周本纪》,全量遍历未发现国名误导风险。
polity_0131,西夏,西夏,西夏,none,none,verified,中华人民共和国外交部“国家和组织”|联合国会员国中文列表|《西夏书事》/《元史》,全量遍历未发现国名误导风险。
polity_0132,西晋,西晋,西晋,none,none,verified,中华人民共和国外交部“国家和组织”|联合国会员国中文列表|《晋书·愍帝纪》,全量遍历未发现国名误导风险。
polity_0133,西梁,西梁,西梁,none,none,verified,中华人民共和国外交部“国家和组织”|联合国会员国中文列表|《隋书》,全量遍历未发现国名误导风险。
polity_0134,西汉,西汉,西汉,none,none,verified,中华人民共和国外交部“国家和组织”|联合国会员国中文列表|《汉书·王莽传》,全量遍历未发现国名误导风险。
polity_0135,西燕,西燕,西燕,none,none,verified,中华人民共和国外交部“国家和组织”|联合国会员国中文列表|《晋书》,全量遍历未发现国名误导风险。
polity_0136,西秦,西秦,西秦,none,none,verified,中华人民共和国外交部“国家和组织”|联合国会员国中文列表|《晋书·乞伏国仁等载记》,全量遍历未发现国名误导风险。
polity_0137,西虢国,西虢国,西虢国,none,none,verified,中华人民共和国外交部“国家和组织”|联合国会员国中文列表|《左传·僖公五年》,全量遍历未发现国名误导风险。
polity_0138,西辽,西辽,西辽,none,none,verified,中华人民共和国外交部“国家和组织”|联合国会员国中文列表|《辽史》/《元史》,全量遍历未发现国名误导风险。
polity_0139,西魏,西魏,西魏,none,none,verified,中华人民共和国外交部“国家和组织”|联合国会员国中文列表|《周书》/《北史》,全量遍历未发现国名误导风险。
polity_0140,詹国,詹国,詹国,none,none,verified,中华人民共和国外交部“国家和组织”|联合国会员国中文列表|文献考证,全量遍历未发现国名误导风险。
polity_0141,许国,许国,许国,none,none,verified,中华人民共和国外交部“国家和组织”|联合国会员国中文列表|《左传》及《史记》,全量遍历未发现国名误导风险。
polity_0142,谭国,谭国,谭国,none,none,verified,中华人民共和国外交部“国家和组织”|联合国会员国中文列表|《左传·庄公十年》,全量遍历未发现国名误导风险。
polity_0143,谯蜀,谯蜀,谯蜀,none,none,verified,中华人民共和国外交部“国家和组织”|联合国会员国中文列表|《晋书·谯纵传》,全量遍历未发现国名误导风险。
polity_0144,赵国,赵国,赵国,none,none,verified,中华人民共和国外交部“国家和组织”|联合国会员国中文列表|《史记·赵世家》,全量遍历未发现国名误导风险。
polity_0145,越国,越国,越国,modern_abbreviation_collision,medium,verified,中华人民共和国外交部“国家和组织”|联合国会员国中文列表|《史记·越王勾践世家》,保留历史通用名，补充消歧说明。
polity_0146,辽朝,辽朝,辽朝,none,none,verified,中华人民共和国外交部“国家和组织”|联合国会员国中文列表|《辽史·天祚皇帝本纪》,全量遍历未发现国名误导风险。
polity_0147,邓至,邓至,邓至,none,none,verified,中华人民共和国外交部“国家和组织”|联合国会员国中文列表|《魏书》/《周书》,全量遍历未发现国名误导风险。
polity_0148,邢国,邢国,邢国,none,none,verified,中华人民共和国外交部“国家和组织”|联合国会员国中文列表|《左传·僖公二十五年》,全量遍历未发现国名误导风险。
polity_0149,邾国,邾国,邾国,none,none,verified,中华人民共和国外交部“国家和组织”|联合国会员国中文列表|《左传》及《史记》,全量遍历未发现国名误导风险。
polity_0150,郑国,郑国,郑国,none,none,verified,中华人民共和国外交部“国家和组织”|联合国会员国中文列表|《史记·郑世家》,全量遍历未发现国名误导风险。
polity_0151,郕国,郕国,郕国,none,none,verified,中华人民共和国外交部“国家和组织”|联合国会员国中文列表|《左传》,全量遍历未发现国名误导风险。
polity_0152,郳国,郳国,郳国,none,none,verified,中华人民共和国外交部“国家和组织”|联合国会员国中文列表|《左传》及战国史,全量遍历未发现国名误导风险。
polity_0153,酆国,酆国,酆国,none,none,verified,中华人民共和国外交部“国家和组织”|联合国会员国中文列表|《左传·昭公四年》及文献,全量遍历未发现国名误导风险。
polity_0154,金朝,金朝,金朝,none,none,verified,中华人民共和国外交部“国家和组织”|联合国会员国中文列表|《金史·哀宗本纪》,全量遍历未发现国名误导风险。
polity_0155,闽,闽,闽,none,none,verified,中华人民共和国外交部“国家和组织”|联合国会员国中文列表|《新五代史·闽世家》,全量遍历未发现国名误导风险。
polity_0156,陈国,陈国,陈国,none,none,verified,中华人民共和国外交部“国家和组织”|联合国会员国中文列表|《史记·陈杞世家》,全量遍历未发现国名误导风险。
polity_0157,陈朝,陈朝,陈朝,none,none,verified,中华人民共和国外交部“国家和组织”|联合国会员国中文列表|《陈书》/《隋书》,全量遍历未发现国名误导风险。
polity_0158,隋朝,隋朝,隋朝,none,none,verified,中华人民共和国外交部“国家和组织”|联合国会员国中文列表|《隋书·炀帝纪》,全量遍历未发现国名误导风险。
polity_0159,霍国,霍国,霍国,none,none,verified,中华人民共和国外交部“国家和组织”|联合国会员国中文列表|《左传·闵公元年》,全量遍历未发现国名误导风险。
polity_0160,静海军,静海军,静海军,none,none,verified,中华人民共和国外交部“国家和组织”|联合国会员国中文列表|《大越史记全书》,全量遍历未发现国名误导风险。
polity_0161,韩国,韩国,韩国（战国）,modern_abbreviation_collision|modern_country_collision,high,verified,中华人民共和国外交部“国家和组织”|联合国会员国中文列表|《史记·韩世家》,保留教材常用名“韩国”，前端展示为“韩国（战国）”。
polity_0162,顿国,顿国,顿国,none,none,verified,中华人民共和国外交部“国家和组织”|联合国会员国中文列表|《左传·定公十四年》,全量遍历未发现国名误导风险。
polity_0163,马楚,马楚,马楚,none,none,verified,中华人民共和国外交部“国家和组织”|联合国会员国中文列表|《新五代史·楚世家》,全量遍历未发现国名误导风险。
polity_0164,高车,高车,高车,none,none,verified,中华人民共和国外交部“国家和组织”|联合国会员国中文列表|《魏书·高车传》,全量遍历未发现国名误导风险。
polity_0165,魏国,魏国,魏国,none,none,verified,中华人民共和国外交部“国家和组织”|联合国会员国中文列表|《史记·魏世家》,全量遍历未发现国名误导风险。
polity_0166,鲁国,鲁国,鲁国,none,none,verified,中华人民共和国外交部“国家和组织”|联合国会员国中文列表|《史记·鲁周公世家》,全量遍历未发现国名误导风险。
polity_0167,齐国,齐国,齐国,none,none,verified,中华人民共和国外交部“国家和组织”|联合国会员国中文列表|《史记·田敬仲完世家》,全量遍历未发现国名误导风险。
polity_0168,南诏,南诏,南诏,none,none,verified,中华人民共和国外交部“国家和组织”|联合国会员国中文列表|《新唐书·南诏传》 | 《旧唐书·南蛮西南蛮传》 | 《蛮书》（樊绰）,全量遍历未发现国名误导风险。
polity_0169,大理,大理,大理,none,none,verified,中华人民共和国外交部“国家和组织”|联合国会员国中文列表|《宋史·大理传》 | 《元史·大理传》 | 《元史·世祖纪》 | 《滇略》 | 《南诏野史》,全量遍历未发现国名误导风险。
polity_0170,大中,大中,大中,none,none,verified,中华人民共和国外交部“国家和组织”|联合国会员国中文列表|《宋史·大理传》 | 《滇略》 | 《南诏野史》,全量遍历未发现国名误导风险。
polity_0171,渤海,渤海,渤海,none,none,verified,中华人民共和国外交部“国家和组织”|联合国会员国中文列表|《新唐书·渤海传》 | 《旧唐书·渤海靺鞨传》 | 《辽史·太祖纪》 | 《辽史·地理志》 | 《三国史记》,全量遍历未发现国名误导风险。
polity_0172,吐蕃,吐蕃,吐蕃,none,none,verified,中华人民共和国外交部“国家和组织”|联合国会员国中文列表|《旧唐书·吐蕃传》 | 《新唐书·吐蕃传》 | 《资治通鉴》 | 《敦煌吐蕃历史文书》 | 《贤者喜宴》,全量遍历未发现国名误导风险。
polity_0173,高句丽,高句丽,高句丽,none,none,verified,中华人民共和国外交部“国家和组织”|联合国会员国中文列表|《三国史记·高句丽本纪》 | 《三国志·东夷传》 | 《魏书·高句丽传》 | 《北史·高丽传》 | 《旧唐书·高丽传》 | 《新唐书·高丽传》 | 《资治通鉴》,全量遍历未发现国名误导风险。
polity_0174,突厥汗国,突厥汗国,突厥汗国,none,none,verified,中华人民共和国外交部“国家和组织”|联合国会员国中文列表|《周书·突厥传》 | 《北史·突厥传》 | 《隋书·突厥传》,全量遍历未发现国名误导风险。
polity_0175,东突厥,东突厥,东突厥,none,none,verified,中华人民共和国外交部“国家和组织”|联合国会员国中文列表|《隋书·突厥传》 | 《旧唐书·突厥传》 | 《新唐书·突厥传》 | 《资治通鉴》,全量遍历未发现国名误导风险。
polity_0176,西突厥,西突厥,西突厥,none,none,verified,中华人民共和国外交部“国家和组织”|联合国会员国中文列表|《隋书·西突厥传》 | 《旧唐书·突厥传》 | 《新唐书·突厥传》 | 《大唐西域记》,全量遍历未发现国名误导风险。
polity_0177,后突厥,后突厥,后突厥,none,none,verified,中华人民共和国外交部“国家和组织”|联合国会员国中文列表|《旧唐书·突厥传》 | 《新唐书·突厥传》 | 《阙特勤碑》 | 《毗伽可汗碑》,全量遍历未发现国名误导风险。
polity_0178,匈奴,匈奴,匈奴,none,none,verified,中华人民共和国外交部“国家和组织”|联合国会员国中文列表|《史记·匈奴列传》 | 《汉书·匈奴传》 | 《后汉书·南匈奴列传》 | 《后汉书·窦宪传》,全量遍历未发现国名误导风险。
polity_0179,南匈奴,南匈奴,南匈奴,none,none,verified,中华人民共和国外交部“国家和组织”|联合国会员国中文列表|《后汉书·南匈奴列传》 | 《三国志·武帝纪》 | 《晋书·北狄传》,全量遍历未发现国名误导风险。
polity_0180,回鹘汗国,回鹘汗国,回鹘汗国,none,none,verified,中华人民共和国外交部“国家和组织”|联合国会员国中文列表|《旧唐书·回纥传》 | 《新唐书·回鹘传》 | 《资治通鉴》,全量遍历未发现国名误导风险。
polity_0181,高昌回鹘,高昌回鹘,高昌回鹘,none,none,verified,中华人民共和国外交部“国家和组织”|联合国会员国中文列表|《宋史·高昌国传》 | 《辽史》 | 《元史·亦都护传》 | 《长春真人西游记》,全量遍历未发现国名误导风险。
polity_0182,甘州回鹘,甘州回鹘,甘州回鹘,none,none,verified,中华人民共和国外交部“国家和组织”|联合国会员国中文列表|《宋史·回鹘传》 | 《辽史》 | 《宋会要辑稿》 | 《续资治通鉴长编》,全量遍历未发现国名误导风险。
polity_0183,中华民国临时政府,中华民国临时政府,中华民国临时政府,none,none,verified,中华人民共和国外交部“国家和组织”|联合国会员国中文列表|Encyclopaedia Britannica: Republican China 1911-49|Office of the Historian: The Chinese Revolution of 1949,全量遍历未发现国名误导风险。
polity_0184,中华民国北京政府,中华民国北京政府,中华民国北京政府,none,none,verified,中华人民共和国外交部“国家和组织”|联合国会员国中文列表|Encyclopaedia Britannica: Republican China 1911-49|Office of the Historian: The Chinese Revolution of 1949,全量遍历未发现国名误导风险。
polity_0185,北洋军阀实际控制区,北洋军阀实际控制区,北洋军阀实际控制区,none,none,verified,中华人民共和国外交部“国家和组织”|联合国会员国中文列表|Encyclopaedia Britannica: Republican China 1911-49|Office of the Historian: The Chinese Revolution of 1949,全量遍历未发现国名误导风险。
polity_0186,广州护法军政府,广州护法军政府,广州护法军政府,none,none,verified,中华人民共和国外交部“国家和组织”|联合国会员国中文列表|Encyclopaedia Britannica: Republican China 1911-49|Office of the Historian: The Chinese Revolution of 1949,全量遍历未发现国名误导风险。
polity_0187,中华民国国民政府（名义层）,中华民国国民政府（名义层）,中华民国国民政府（名义层）,location_leak,high,needs_review,中华人民共和国外交部“国家和组织”|联合国会员国中文列表|Encyclopaedia Britannica: Republican China 1911-49|Office of the Historian: The Chinese Revolution of 1949,1925-1949年国民政府中央名义层。
polity_0188,国民政府实际控制区,国民政府实际控制区,国民政府实际控制区,none,none,verified,中华人民共和国外交部“国家和组织”|联合国会员国中文列表|Encyclopaedia Britannica: Republican China 1911-49|Office of the Historian: The Chinese Revolution of 1949,全量遍历未发现国名误导风险。
polity_0189,中华苏维埃共和国,中华苏维埃共和国,中华苏维埃共和国,none,none,verified,中华人民共和国外交部“国家和组织”|联合国会员国中文列表|Encyclopaedia Britannica: Long March|Encyclopaedia Britannica: Chinese Civil War,全量遍历未发现国名误导风险。
polity_0190,陕甘宁边区与中共抗日根据地,陕甘宁边区与中共抗日根据地,陕甘宁边区与中共抗日根据地,none,none,verified,中华人民共和国外交部“国家和组织”|联合国会员国中文列表|Encyclopaedia Britannica: Second Sino-Japanese War|Office of the Historian: Japan Surrenders and World War II Ends,全量遍历未发现国名误导风险。
polity_0191,中国共产党解放区,中国共产党解放区,中国共产党解放区,none,none,verified,中华人民共和国外交部“国家和组织”|联合国会员国中文列表|Encyclopaedia Britannica: Chinese Civil War|Office of the Historian: The Chinese Revolution of 1949,全量遍历未发现国名误导风险。
polity_0192,满洲国,满洲国,满洲国,none,none,verified,中华人民共和国外交部“国家和组织”|联合国会员国中文列表|Encyclopaedia Britannica: Manchukuo|Encyclopaedia Britannica: Mukden Incident,全量遍历未发现国名误导风险。
polity_0193,中华民国临时政府（华北）,中华民国临时政府（华北）,中华民国临时政府（华北）,location_leak,high,needs_review,中华人民共和国外交部“国家和组织”|联合国会员国中文列表|Encyclopaedia Britannica: Wang Ching-wei|Encyclopaedia Britannica: Second Sino-Japanese War,1937-1940年华北日占区傀儡政权。
polity_0194,中华民国维新政府,中华民国维新政府,中华民国维新政府,none,none,verified,中华人民共和国外交部“国家和组织”|联合国会员国中文列表|Encyclopaedia Britannica: Wang Ching-wei|Encyclopaedia Britannica: Second Sino-Japanese War,全量遍历未发现国名误导风险。
polity_0195,汪精卫南京国民政府,汪精卫南京国民政府,汪精卫南京国民政府,none,none,verified,中华人民共和国外交部“国家和组织”|联合国会员国中文列表|Encyclopaedia Britannica: Wang Ching-wei|Encyclopaedia Britannica: Second Sino-Japanese War,全量遍历未发现国名误导风险。
polity_0196,蒙疆联合自治政府,蒙疆联合自治政府,蒙疆联合自治政府,none,none,verified,中华人民共和国外交部“国家和组织”|联合国会员国中文列表|Encyclopaedia Britannica: Wang Ching-wei|Encyclopaedia Britannica: Second Sino-Japanese War,全量遍历未发现国名误导风险。
polity_0197,日本台湾总督府,日本台湾总督府,日本台湾总督府,none,none,verified,中华人民共和国外交部“国家和组织”|联合国会员国中文列表|Encyclopaedia Britannica: Taiwan History|Avalon Project: Cairo Communique 1943,全量遍历未发现国名误导风险。
polity_0198,日本关东州租借地,日本关东州租借地,日本关东州租借地,none,none,verified,中华人民共和国外交部“国家和组织”|联合国会员国中文列表|Encyclopaedia Britannica: Zhanjiang|Encyclopaedia Britannica: Liaodong Peninsula,全量遍历未发现国名误导风险。
polity_0199,英租威海卫,英租威海卫,英租威海卫,none,none,verified,中华人民共和国外交部“国家和组织”|联合国会员国中文列表|Encyclopaedia Britannica: Qingdao|Encyclopaedia Britannica: Weihai,全量遍历未发现国名误导风险。
polity_0200,法租广州湾,法租广州湾,法租广州湾,none,none,verified,中华人民共和国外交部“国家和组织”|联合国会员国中文列表|Encyclopaedia Britannica: Zhanjiang|Encyclopaedia Britannica: Liaodong Peninsula,全量遍历未发现国名误导风险。
polity_0201,日本占领胶澳青岛,日本占领胶澳青岛,日本占领胶澳青岛,none,none,verified,中华人民共和国外交部“国家和组织”|联合国会员国中文列表|Encyclopaedia Britannica: Qingdao|Encyclopaedia Britannica: Weihai,全量遍历未发现国名误导风险。
polity_0202,上海公共租界,上海公共租界,上海公共租界,none,none,verified,中华人民共和国外交部“国家和组织”|联合国会员国中文列表|Encyclopaedia Britannica: Shanghai History|Encyclopaedia Britannica: Tianjin History,全量遍历未发现国名误导风险。
polity_0203,上海法租界,上海法租界,上海法租界,none,none,verified,中华人民共和国外交部“国家和组织”|联合国会员国中文列表|Encyclopaedia Britannica: Shanghai History|Encyclopaedia Britannica: Tianjin History,全量遍历未发现国名误导风险。
polity_0204,天津租界群,天津租界群,天津租界群,low_confidence,low,needs_review,中华人民共和国外交部“国家和组织”|联合国会员国中文列表|Encyclopaedia Britannica: Shanghai History|Encyclopaedia Britannica: Tianjin History,1860-1946年天津多国租界合并展示层。
polity_0205,英属香港,英属香港,英属香港,none,none,verified,中华人民共和国外交部“国家和组织”|联合国会员国中文列表|Encyclopaedia Britannica: Hong Kong History|Office of the Historian: Japan Surrenders and World War II Ends,全量遍历未发现国名误导风险。
polity_0206,日占香港,日占香港,日占香港,none,none,verified,中华人民共和国外交部“国家和组织”|联合国会员国中文列表|Encyclopaedia Britannica: Hong Kong History|Office of the Historian: Japan Surrenders and World War II Ends,全量遍历未发现国名误导风险。
polity_0207,英属香港（战后恢复）,英属香港（战后恢复）,英属香港（战后恢复）,location_leak,high,needs_review,中华人民共和国外交部“国家和组织”|联合国会员国中文列表|Encyclopaedia Britannica: Hong Kong History|Office of the Historian: Japan Surrenders and World War II Ends,1945-1949年英方恢复管治阶段。
polity_0208,葡属澳门,葡属澳门,葡属澳门,none,none,verified,中华人民共和国外交部“国家和组织”|联合国会员国中文列表|Encyclopaedia Britannica: Shanghai History|Encyclopaedia Britannica: Tianjin History,全量遍历未发现国名误导风险。
polity_0209,外蒙古/蒙古人民共和国,外蒙古/蒙古人民共和国,外蒙古/蒙古人民共和国,location_leak,high,needs_review,中华人民共和国外交部“国家和组织”|联合国会员国中文列表|Encyclopaedia Britannica: Mongolia Between Russia and China|Encyclopaedia Britannica: Mongolia,1911-1949年外蒙古事实独立/蒙古人民共和国层。
polity_0210,西藏噶厦政权,西藏噶厦政权,西藏噶厦政权,none,none,verified,中华人民共和国外交部“国家和组织”|联合国会员国中文列表|Encyclopaedia Britannica: Tibet since 1900|Encyclopaedia Britannica: Tibet,全量遍历未发现国名误导风险。
polity_0211,新疆省地方军政,新疆省地方军政,新疆省地方军政,location_leak,high,needs_review,中华人民共和国外交部“国家和组织”|联合国会员国中文列表|Encyclopaedia Britannica: Xinjiang|Encyclopaedia Britannica: China,1912-1949年新疆省地方军政层。
polity_0212,新疆三区革命政权,新疆三区革命政权,新疆三区革命政权,none,none,verified,中华人民共和国外交部“国家和组织”|联合国会员国中文列表|Encyclopaedia Britannica: Xinjiang|Encyclopaedia Britannica: China,全量遍历未发现国名误导风险。
polity_0213,中华人民共和国（1949年成立）,中华人民共和国（1949年成立）,中华人民共和国（1949年成立）,location_leak,high,needs_review,中华人民共和国外交部“国家和组织”|联合国会员国中文列表|Encyclopaedia Britannica: Chinese Civil War|Office of the Historian: The Chinese Revolution of 1949,1949年中华人民共和国成立起点。
