location_id,name,aliases,category,icon_key,importance_level,display_priority,start_year,end_year,active_years_raw,related_event_ids,related_anecdote_ids,related_polity_ids,related_people,historical_name,modern_name,modern_admin_units_raw,longitude,latitude,location_precision,location_confidence_score,strategic_summary,historical_significance,source_titles,source_urls,source_type,confidence_note,review_status,review_note
strategic_0001,函谷关,秦函谷关|桃林塞|崤函,pass,gate,5,1,-770,1912,-361:-206|184,,,,"",函谷关,河南省三门峡市灵宝市函谷关镇一带,河南省三门峡市灵宝市,110.937,34.626,exact,88,关中平原东出中原的核心关口，扼崤山黄河南岸通道。,秦汉以来函谷关常被用来概括关中东门户与中原西进入口，秦据此屏障经营东方六国，楚汉与东汉末年叙事中亦常见“函谷”作为战略边界。,CHGIS中国历史地理信息系统|《中国历史地图集》|《史记》,https://chgis.fas.harvard.edu/pages/intro/|https://east.library.utoronto.ca/internet-resource/chinese-civilization-time-and-space|https://ctext.org/shiji/zh,historical_atlas|classic_text,坐标取灵宝函谷关遗址景区附近，古关具体位置与秦汉关址存在层次差异。,verified,首批战略关隘核心点。
strategic_0002,虎牢关,汜水关|成皋关|虎牢,pass,gate,5,1,-770,1912,-632|-205|621,,,,"",虎牢关,河南省郑州市荥阳市汜水镇一带,河南省郑州市荥阳市,113.118,34.830,region,82,洛阳东门户与黄河南岸交通节点，控成皋汜水一线。,虎牢关所在成皋汜水地带是关中洛阳与山东平原之间的战略瓶颈，楚汉相争和唐初虎牢之战均体现其锁钥价值。,CHGIS中国历史地理信息系统|《中国历史地图集》|《资治通鉴》,https://chgis.fas.harvard.edu/pages/intro/|https://east.library.utoronto.ca/internet-resource/chinese-civilization-time-and-space|https://ctext.org/zizhi-tongjian/zh,historical_atlas|classic_text,坐标按汜水镇虎牢关传统区域近似，具体古战场范围较大。,verified,首批战略关隘核心点。
strategic_0003,潼关,桃林塞|潼津|潼关故城,pass,gate,5,1,100,1912,756|886|1644,,,,"",潼关,陕西省渭南市潼关县秦东镇一带,陕西省渭南市潼关县,110.246,34.545,exact,86,黄河渭河与秦岭北麓之间的关中东大门。,潼关扼守关中与河南的交通咽喉，唐代安史之乱以及明末清军入关后的西进均显示其对都城长安与关中安全的直接影响。,CHGIS中国历史地理信息系统|《中国历史地图集》|《资治通鉴》,https://chgis.fas.harvard.edu/pages/intro/|https://east.library.utoronto.ca/internet-resource/chinese-civilization-time-and-space|https://ctext.org/zizhi-tongjian/zh,historical_atlas|classic_text,坐标取潼关故城与黄河渡口控制区附近。,verified,首批战略关隘核心点。
strategic_0004,山海关,榆关|天下第一关,frontier_gate,gate,5,1,1381,1945,1644|1900|1933,,,,"",山海关,河北省秦皇岛市山海关区,河北省秦皇岛市,119.758,40.006,exact,90,明长城东端入海处的辽西走廊锁钥。,山海关连接华北与东北，是明清鼎革与近现代东北战局中的关键入口，兼具长城防线和海陆交通节点双重意义。,CHGIS中国历史地理信息系统|《中国历史地图集》|Encyclopaedia Britannica: Great Wall of China,https://chgis.fas.harvard.edu/pages/intro/|https://east.library.utoronto.ca/internet-resource/chinese-civilization-time-and-space|https://www.britannica.com/topic/Great-Wall-of-China,historical_atlas|secondary_reference,坐标取山海关关城核心区。,verified,首批战略关隘核心点。
strategic_0005,居庸关,军都关|居庸塞,frontier_gate,gate,5,1,-221,1912,1215|1449|1644,,,,"",居庸关,北京市昌平区南口镇居庸关村,北京市昌平区,116.069,40.290,exact,88,北京西北山地通道和长城防御体系的重要关口。,居庸关控制太行军都山通道，是从蒙古高原和宣大方向逼近北京的要隘，元明清时期多次成为京师安全屏障。,CHGIS中国历史地理信息系统|《中国历史地图集》|Encyclopaedia Britannica: Great Wall of China,https://chgis.fas.harvard.edu/pages/intro/|https://east.library.utoronto.ca/internet-resource/chinese-civilization-time-and-space|https://www.britannica.com/topic/Great-Wall-of-China,historical_atlas|secondary_reference,坐标取居庸关关城遗址核心区。,verified,首批战略关隘核心点。
strategic_0006,剑门关,剑阁|剑门蜀道,pass,gate,5,1,220,1912,263|755|1644,,,,"",剑门关,四川省广元市剑阁县剑门关镇,四川省广元市剑阁县,105.569,32.219,exact,88,蜀道北段最著名险关，扼陕西入蜀通道。,剑门关依剑门山险势控制秦蜀交通，三国伐蜀、唐宋以来四川防御和入蜀交通均绕不开这一山地瓶颈。,CHGIS中国历史地理信息系统|《中国历史地图集》|《三国志》,https://chgis.fas.harvard.edu/pages/intro/|https://east.library.utoronto.ca/internet-resource/chinese-civilization-time-and-space|https://ctext.org/sanguozhi/zh,historical_atlas|classic_text,坐标取剑门关关楼及古蜀道核心区。,verified,首批战略关隘核心点。
strategic_0007,武关,商於武关|秦楚武关,pass,gate,4,2,-770,1912,-299|-206,,,,"",武关,陕西省商洛市丹凤县武关镇,陕西省商洛市丹凤县,110.595,33.660,region,82,关中东南门户，联通商洛丹江谷地与南阳盆地。,武关是秦楚之间和关中通往江汉地区的重要通道，战国纵横与楚汉入关叙事均与此有关。,CHGIS中国历史地理信息系统|《中国历史地图集》|《史记》,https://chgis.fas.harvard.edu/pages/intro/|https://east.library.utoronto.ca/internet-resource/chinese-civilization-time-and-space|https://ctext.org/shiji/zh,historical_atlas|classic_text,坐标按丹凤武关镇传统关址区域近似。,verified,关中四塞相关点。
strategic_0008,大散关,散关|陈仓散关,pass,gate,4,2,-221,1912,206|1131,,,,"",大散关,陕西省宝鸡市渭滨区大散关镇一带,陕西省宝鸡市,106.987,34.218,region,80,关中西南门户，控陈仓道与秦岭通道。,大散关扼关中通往汉中四川的山道，秦汉交通与宋金战争均使其成为南北对峙前沿。,CHGIS中国历史地理信息系统|《中国历史地图集》|《资治通鉴》,https://chgis.fas.harvard.edu/pages/intro/|https://east.library.utoronto.ca/internet-resource/chinese-civilization-time-and-space|https://ctext.org/zizhi-tongjian/zh,historical_atlas|classic_text,坐标按宝鸡大散关传统区域近似。,verified,关中四塞相关点。
strategic_0009,萧关,陇山萧关|六盘山萧关,frontier_gate,gate,4,2,-221,1912,-121|756|1227,,,,"",萧关,宁夏固原市原州区东南一带,宁夏回族自治区固原市,106.285,35.992,region,72,关中西北与陇右草原边缘之间的边防关口。,萧关常见于秦汉唐宋西北边防叙事，控制陇山六盘山间通道，兼具边防和交通廊道意义。,CHGIS中国历史地理信息系统|《中国历史地图集》|《资治通鉴》,https://chgis.fas.harvard.edu/pages/intro/|https://east.library.utoronto.ca/internet-resource/chinese-civilization-time-and-space|https://ctext.org/zizhi-tongjian/zh,historical_atlas|classic_text,萧关古址说法不一，坐标取固原东南传统范围。,verified,古址有争议但战略范围明确。
strategic_0010,雁门关,句注塞|西陉关,frontier_gate,gate,5,1,-300,1912,-200|980|1449,,,,"",雁门关,山西省忻州市代县雁门关镇,山西省忻州市代县,112.873,39.192,exact,88,晋北长城与内外交通的核心关口。,雁门关控制代州北出塞外的通道，汉匈边防、宋辽对峙和明代北边防御均凸显其战略价值。,CHGIS中国历史地理信息系统|《中国历史地图集》|《资治通鉴》,https://chgis.fas.harvard.edu/pages/intro/|https://east.library.utoronto.ca/internet-resource/chinese-civilization-time-and-space|https://ctext.org/zizhi-tongjian/zh,historical_atlas|classic_text,坐标取雁门关关城核心区。,verified,首批北方边防关口。
strategic_0011,娘子关,苇泽关|井陉西口,pass,gate,4,2,600,1912,756|1937,,,,"",娘子关,山西省阳泉市平定县娘子关镇,山西省阳泉市平定县,113.867,37.968,exact,80,太行八陉之一井陉的西口要点。,娘子关扼太行山东西交通，既连晋冀两地，又在近代平汉铁路与抗战山西战局中具有通道价值。,CHGIS中国历史地理信息系统|《中国历史地图集》|Encyclopaedia Britannica: Second Sino-Japanese War,https://chgis.fas.harvard.edu/pages/intro/|https://east.library.utoronto.ca/internet-resource/chinese-civilization-time-and-space|https://www.britannica.com/event/Second-Sino-Japanese-War,historical_atlas|secondary_reference,坐标取娘子关关城核心区。,verified,太行通道节点。
strategic_0012,平型关,瓶形寨|平型岭关,pass,gate,4,2,1370,1945,1937,,,,"",平型关,山西省大同市灵丘县与繁峙县交界一带,山西省大同市灵丘县,113.969,39.352,region,80,晋东北长城关隘与山地交通节点。,平型关因1937年平型关战斗成为抗战早期重要象征，地理上扼太行恒山间通道。,CHGIS中国历史地理信息系统|《中国历史地图集》|Encyclopaedia Britannica: Second Sino-Japanese War,https://chgis.fas.harvard.edu/pages/intro/|https://east.library.utoronto.ca/internet-resource/chinese-civilization-time-and-space|https://www.britannica.com/event/Second-Sino-Japanese-War,historical_atlas|secondary_reference,坐标按平型关战斗纪念地与关口区域近似。,verified,近代战役与古关叠合点。
strategic_0013,嘉峪关,天下雄关|嘉峪山关,frontier_gate,gate,5,1,1372,1912,1372|1517,,,,"",嘉峪关,甘肃省嘉峪关市峪泉镇,甘肃省嘉峪关市,98.225,39.801,exact,90,明长城西端最著名关城，扼河西走廊西口。,嘉峪关是明代西北边防体系的象征性节点，连接河西走廊交通、屯戍和边防治理。,CHGIS中国历史地理信息系统|《中国历史地图集》|Encyclopaedia Britannica: Great Wall of China,https://chgis.fas.harvard.edu/pages/intro/|https://east.library.utoronto.ca/internet-resource/chinese-civilization-time-and-space|https://www.britannica.com/topic/Great-Wall-of-China,historical_atlas|secondary_reference,坐标取嘉峪关关城核心区。,verified,河西走廊西端锁钥。
strategic_0014,玉门关,小方盘城|玉门,frontier_gate,gate,4,2,-121,900,-121|73|640,,,,"",玉门关,甘肃省敦煌市西北小方盘城遗址,甘肃省酒泉市敦煌市,93.865,40.354,exact,84,汉唐西域交通与边防的重要关口。,玉门关是丝绸之路北道出入敦煌的象征性门户，见证汉唐对西域交通和边防的经营。,CHGIS中国历史地理信息系统|《中国历史地图集》|《汉书》,https://chgis.fas.harvard.edu/pages/intro/|https://east.library.utoronto.ca/internet-resource/chinese-civilization-time-and-space|https://ctext.org/han-shu/zh,historical_atlas|classic_text,坐标取小方盘城遗址，汉玉门关具体学术定位仍有讨论。,verified,西域门户核心点。
strategic_0015,阳关,阳关故址|阳关道,frontier_gate,gate,4,2,-121,900,-121|640,,,,"",阳关,甘肃省敦煌市阳关镇一带,甘肃省酒泉市敦煌市,94.055,39.935,region,82,丝绸之路南道出敦煌的关口。,阳关与玉门关共同构成敦煌通西域的两大门户，历史记忆中“西出阳关”承载交通与边塞意象。,CHGIS中国历史地理信息系统|《中国历史地图集》|《汉书》,https://chgis.fas.harvard.edu/pages/intro/|https://east.library.utoronto.ca/internet-resource/chinese-civilization-time-and-space|https://ctext.org/han-shu/zh,historical_atlas|classic_text,坐标按阳关故址区域近似。,verified,西域门户核心点。
strategic_0016,井陉,井陉口|太行井陉,mountain_corridor,route,4,2,-770,1912,-204|756|1937,,,,"",井陉,河北省石家庄市井陉县一带,河北省石家庄市井陉县,114.144,38.033,region,78,太行八陉之一，连接华北平原与山西高原。,井陉因韩信背水一战和历代晋冀交通而著名，是穿越太行山的经典军事通道。,CHGIS中国历史地理信息系统|《中国历史地图集》|《史记》,https://chgis.fas.harvard.edu/pages/intro/|https://east.library.utoronto.ca/internet-resource/chinese-civilization-time-and-space|https://ctext.org/shiji/zh,historical_atlas|classic_text,井陉为通道而非单点，坐标取井陉县城附近作区域落点。,verified,山地廊道以区域点表示。
strategic_0017,孟津,盟津|河阳津,river_crossing,bridge,4,2,-1046,1912,-1046|-206,,,,"",孟津,河南省洛阳市孟津区黄河南岸一带,河南省洛阳市孟津区,112.436,34.826,region,78,洛阳北侧黄河渡口群，是中原政治中心北渡要点。,孟津在武王伐纣会盟记忆、东汉洛阳北防和黄河交通中长期具有渡口意义。,CHGIS中国历史地理信息系统|《中国历史地图集》|《史记》,https://chgis.fas.harvard.edu/pages/intro/|https://east.library.utoronto.ca/internet-resource/chinese-civilization-time-and-space|https://ctext.org/shiji/zh,historical_atlas|classic_text,黄河古渡迁徙显著，坐标取孟津区黄河南岸近似。,verified,黄河渡口以区域点表示。
strategic_0018,蒲津渡,蒲坂津|风陵渡,river_crossing,bridge,4,2,-221,1912,-206|756|1126,,,,"",蒲津渡,山西省运城市永济市蒲州镇黄河渡口一带,山西省运城市永济市,110.303,34.845,region,78,黄河中游连接关中与河东的重要渡口。,蒲津渡与蒲州城控制关中河东往来，唐宋交通和军事调度中多次出现。,CHGIS中国历史地理信息系统|《中国历史地图集》|《资治通鉴》,https://chgis.fas.harvard.edu/pages/intro/|https://east.library.utoronto.ca/internet-resource/chinese-civilization-time-and-space|https://ctext.org/zizhi-tongjian/zh,historical_atlas|classic_text,黄河渡口位置随河道变化，坐标取蒲州古城黄河岸附近。,verified,黄河渡口以区域点表示。
strategic_0019,采石矶,牛渚矶|采石渡,river_crossing,bridge,4,2,300,1912,1161|1368,,,,"",采石矶,安徽省马鞍山市雨山区采石街道,安徽省马鞍山市,118.482,31.682,exact,82,长江下游江防和渡江节点。,采石矶因南宋采石之战和明初渡江作战而著名，是南京上游长江防线的重要节点。,CHGIS中国历史地理信息系统|《中国历史地图集》|《宋史》,https://chgis.fas.harvard.edu/pages/intro/|https://east.library.utoronto.ca/internet-resource/chinese-civilization-time-and-space|https://ctext.org/song-shi/zh,historical_atlas|classic_text,坐标取采石矶江岸核心区。,verified,长江江防节点。
strategic_0020,白沟河,界河白沟|宋辽白沟,river_crossing,bridge,3,3,900,1125,1005,,,,"",白沟河,河北省保定市高碑店市白沟镇一带,河北省保定市,116.036,39.139,region,70,华北平原北缘的宋辽边界水系与交通节点。,白沟河在澶渊之盟后成为宋辽边界叙事中的重要地理符号，体现平原水系对军事边界的约束。,CHGIS中国历史地理信息系统|《中国历史地图集》|《宋史》,https://chgis.fas.harvard.edu/pages/intro/|https://east.library.utoronto.ca/internet-resource/chinese-civilization-time-and-space|https://ctext.org/song-shi/zh,historical_atlas|classic_text,水系与边界范围较宽，坐标取白沟镇附近作为区域落点。,verified,边界水系以区域点表示。
strategic_0021,牧野,牧野之战战场,battlefield,crossed-swords,5,1,-1046,-1046,-1046,event_0001,,polity_0129,周武王|商纣王,牧野,河南省新乡市淇县一带,河南省新乡市淇县,114.4737,35.3989,region,83,商周决战主战场，位于殷都朝歌附近的华北平原通道。,牧野之战标志商周鼎革，是现有 v03 时间轴的开端性事件之一，地理上体现殷都外围平原决战条件。,CHGIS中国历史地理信息系统|《中国历史地图集》|《史记》,https://chgis.fas.harvard.edu/pages/intro/|https://east.library.utoronto.ca/internet-resource/chinese-civilization-time-and-space|https://ctext.org/shiji/zh,historical_event|classic_text,坐标沿用 v03 事件主发生点，按区域定位。,verified,与 event_0001 对齐。
strategic_0022,城濮,城濮之战战场,battlefield,crossed-swords,4,2,-632,-632,-632,,anecdote_0004,polity_0073|polity_0084,晋文公|楚成王,城濮,山东省菏泽市鄄城县西南一带,山东省菏泽市鄄城县,115.500,35.550,region,78,晋楚争霸关键战场，位于黄河南岸平原交通区域。,城濮之战奠定晋文公霸业，“退避三舍”的典故也使该地点兼具军事与文化记忆。,CHGIS中国历史地理信息系统|《中国历史地图集》|《左传》,https://chgis.fas.harvard.edu/pages/intro/|https://east.library.utoronto.ca/internet-resource/chinese-civilization-time-and-space|https://ctext.org/chun-qiu-zuo-zhuan/zh,historical_atlas|classic_text,坐标沿用 v03 典故地点，按传统战场区域定位。,verified,与 anecdote_0004 对齐。
strategic_0023,长平,长平之战战场,battlefield,crossed-swords,5,1,-260,-260,-260,supp_m260_changping,anecdote_0018,polity_0109|polity_0144,白起|赵括,长平,山西省高平市一带,山西省晋城市高平市,112.930,35.800,region,80,秦赵战略决战区域，位于上党通道南部。,长平之战削弱赵国并加速秦统一进程，“纸上谈兵”典故又强化了此地的历史教育意义。,CHGIS中国历史地理信息系统|《中国历史地图集》|《史记》,https://chgis.fas.harvard.edu/pages/intro/|https://east.library.utoronto.ca/internet-resource/chinese-civilization-time-and-space|https://ctext.org/shiji/zh,historical_event|classic_text,坐标沿用 v03 事件与典故区域点。,verified,与 supp_m260_changping 和 anecdote_0018 对齐。
strategic_0024,巨鹿,巨鹿之战战场,battlefield,crossed-swords,4,2,-207,-207,-207,supp_m207_julu,anecdote_0021,,项羽,巨鹿,河北省邢台市平乡县巨鹿县一带,河北省邢台市,115.030,37.060,region,78,秦末主力决战区域，位于冀南平原。,巨鹿之战使秦军主力崩溃并塑造项羽军事威望，“破釜沉舟”典故即依附于此战。,CHGIS中国历史地理信息系统|《中国历史地图集》|《史记》,https://chgis.fas.harvard.edu/pages/intro/|https://east.library.utoronto.ca/internet-resource/chinese-civilization-time-and-space|https://ctext.org/shiji/zh,historical_event|classic_text,坐标沿用 v03 事件与典故区域点。,verified,与 supp_m207_julu 和 anecdote_0021 对齐。
strategic_0025,垓下,垓下之战战场,battlefield,crossed-swords,4,2,-202,-202,-202,supp_m202_gaixia,,,刘邦|项羽|韩信,垓下,安徽省蚌埠市固镇县一带,安徽省蚌埠市固镇县,117.320,33.180,region,76,楚汉战争终局战场，处淮北平原交通地带。,垓下之战结束楚汉相争，项羽败亡与汉王朝建立前夜的叙事均集中于此。,CHGIS中国历史地理信息系统|《中国历史地图集》|《史记》,https://chgis.fas.harvard.edu/pages/intro/|https://east.library.utoronto.ca/internet-resource/chinese-civilization-time-and-space|https://ctext.org/shiji/zh,historical_event|classic_text,坐标沿用 v03 事件区域点。,verified,与 supp_m202_gaixia 对齐。
strategic_0026,官渡,官渡之战战场,battlefield,crossed-swords,5,1,200,200,200,supp_p200_guandu,,polity_0006,曹操|袁绍,官渡,河南省郑州市中牟县一带,河南省郑州市中牟县,114.020,34.720,region,79,黄河南岸粮道与军镇节点，决定东汉末北方归属。,官渡之战改变曹操袁绍力量对比，是三国形成前的重要转折，地理上关联黄河南岸交通和后勤线。,CHGIS中国历史地理信息系统|《中国历史地图集》|《资治通鉴》,https://chgis.fas.harvard.edu/pages/intro/|https://east.library.utoronto.ca/internet-resource/chinese-civilization-time-and-space|https://ctext.org/zizhi-tongjian/zh,historical_event|classic_text,坐标沿用 v03 事件区域点。,verified,与 supp_p200_guandu 对齐。
strategic_0027,赤壁,赤壁之战战场|乌林赤壁,battlefield,crossed-swords,5,1,208,208,208,event_0020,anecdote_0038,polity_0006|polity_0127,曹操|刘备|孙权|周瑜,赤壁,湖北省赤壁市一带,湖北省咸宁市赤壁市,113.900,29.720,region,78,长江中游水陆决战区域，控制江汉与江东联系。,赤壁之战阻止曹操南下并促成三国鼎立，文学典故与正史事件在此需区分展示。,CHGIS中国历史地理信息系统|《中国历史地图集》|《三国志》,https://chgis.fas.harvard.edu/pages/intro/|https://east.library.utoronto.ca/internet-resource/chinese-civilization-time-and-space|https://ctext.org/sanguozhi/zh,historical_event|classic_text,坐标沿用 v03 事件区域点，赤壁具体地点有多种传统说法。,verified,与 event_0020 和 anecdote_0038 对齐。
strategic_0028,夷陵,猇亭|夷陵之战战场,battlefield,crossed-swords,4,2,222,222,222,supp_p222_yiling,,polity_0127|polity_0002,刘备|陆逊,夷陵,湖北省宜昌市夷陵区,湖北省宜昌市,111.290,30.700,region,78,长江三峡东口和蜀汉东出江汉的关键区域。,夷陵之战使蜀汉东向攻势受挫，体现三峡出口与江陵方向交通线的战略约束。,CHGIS中国历史地理信息系统|《中国历史地图集》|《资治通鉴》,https://chgis.fas.harvard.edu/pages/intro/|https://east.library.utoronto.ca/internet-resource/chinese-civilization-time-and-space|https://ctext.org/zizhi-tongjian/zh,historical_event|classic_text,坐标沿用 v03 事件区域点。,verified,与 supp_p222_yiling 对齐。
strategic_0029,淝水,淝水之战战场,battlefield,crossed-swords,5,1,383,383,383,event_0025,,polity_0005|polity_0021,谢玄|苻坚,淝水,安徽省淮南市寿县一带,安徽省淮南市寿县,116.784,32.577,region,78,淮河流域北南对峙的决战区域。,淝水之战阻止前秦统一南方并维持东晋政权，是魏晋南北朝格局的重要分水岭。,CHGIS中国历史地理信息系统|《中国历史地图集》|《晋书》,https://chgis.fas.harvard.edu/pages/intro/|https://east.library.utoronto.ca/internet-resource/chinese-civilization-time-and-space|https://zh.wikisource.org/wiki/晉書,historical_event|classic_text,坐标沿用 v03 事件区域点。,verified,与 event_0025 对齐。
strategic_0030,台儿庄,台儿庄战役战场,battlefield,crossed-swords,5,1,1938,1938,1938,supp_p1938_taierzhuang,,polity_0187|polity_0188,,台儿庄,山东省枣庄市台儿庄区,山东省枣庄市台儿庄区,117.7342,34.5636,city,84,津浦铁路与运河交会附近的抗战重大战场。,台儿庄战役是全面抗战初期的重要胜利，地理上依托鲁南交通和运河城镇防御。,CHGIS中国历史地理信息系统|《中国历史地图集》|Encyclopaedia Britannica: Second Sino-Japanese War,https://chgis.fas.harvard.edu/pages/intro/|https://east.library.utoronto.ca/internet-resource/chinese-civilization-time-and-space|https://www.britannica.com/event/Second-Sino-Japanese-War,historical_event|secondary_reference,坐标沿用 v03 事件城市点。,verified,与 supp_p1938_taierzhuang 对齐。
strategic_0031,卢沟桥,芦沟桥| Marco Polo Bridge,river_crossing,bridge,5,1,1189,1949,1937,supp_p1937_marco_polo,,polity_0187|polity_0188,,卢沟桥,北京市丰台区宛平城一带,北京市丰台区,116.213,39.849,exact,88,北京西南永定河渡桥与宛平城军事节点。,卢沟桥事变标志全面抗战爆发，桥梁与宛平城共同构成近代战争爆发点的地理场景。,CHGIS中国历史地理信息系统|《中国历史地图集》|Encyclopaedia Britannica: Second Sino-Japanese War,https://chgis.fas.harvard.edu/pages/intro/|https://east.library.utoronto.ca/internet-resource/chinese-civilization-time-and-space|https://www.britannica.com/event/Second-Sino-Japanese-War,historical_event|secondary_reference,坐标沿用 v03 事件点并取卢沟桥宛平城区域。,verified,与 supp_p1937_marco_polo 对齐。
strategic_0032,锦州,锦州城|辽沈战役锦州,battlefield,crossed-swords,5,1,1948,1948,1948,supp_p1948_liaoshen_start|supp_p1948_jinzhou_taken,,polity_0188|polity_0191,,锦州,辽宁省锦州市,辽宁省锦州市,121.127,41.095,city,86,辽西走廊咽喉，控制东北与华北的陆路联系。,1948年锦州易手切断东北国民政府军退路，是辽沈战役和国共内战控制区转折的关键城市。,CHGIS中国历史地理信息系统|《中国历史地图集》|Encyclopaedia Britannica: Chinese Civil War,https://chgis.fas.harvard.edu/pages/intro/|https://east.library.utoronto.ca/internet-resource/chinese-civilization-time-and-space|https://www.britannica.com/event/Chinese-Civil-War,historical_event|secondary_reference,坐标沿用 v03 事件城市点。,verified,与 1948 年辽沈战役事件对齐。
strategic_0033,徐州,彭城|淮海战役徐州,transport_hub,junction,5,1,-206,1949,-206|1938|1948,,,,"",徐州,江苏省徐州市,江苏省徐州市,117.284,34.205,city,86,华东华北交界的铁路与古交通枢纽。,徐州自古为兵家必争之地，连接黄淮平原与运河交通，近代津浦陇海铁路交会使其在徐州会战和淮海战役中居于核心位置。,CHGIS中国历史地理信息系统|《中国历史地图集》|Encyclopaedia Britannica: Chinese Civil War,https://chgis.fas.harvard.edu/pages/intro/|https://east.library.utoronto.ca/internet-resource/chinese-civilization-time-and-space|https://www.britannica.com/event/Chinese-Civil-War,historical_atlas|secondary_reference,坐标取徐州市中心，作为交通枢纽城市点。,verified,铁路枢纽与古战场综合点。
strategic_0034,南京长江渡口,建康江防|南京江防,river_crossing,bridge,5,1,229,1949,589|1368|1949,,,,"",南京长江渡口,江苏省南京市长江沿岸,江苏省南京市,118.796,32.060,city,82,下游长江天险与南京城防结合的渡江节点。,南京作为多朝都城长期依托长江防线，1949年渡江战役又使这一江防节点成为政权控制转换标志。,CHGIS中国历史地理信息系统|《中国历史地图集》|Encyclopaedia Britannica: Chinese Civil War,https://chgis.fas.harvard.edu/pages/intro/|https://east.library.utoronto.ca/internet-resource/chinese-civilization-time-and-space|https://www.britannica.com/event/Chinese-Civil-War,historical_atlas|secondary_reference,渡江作战线非单点，坐标取南京主城区江岸近似。,verified,长江江防节点。
strategic_0035,北平天津走廊,平津战役核心区|京津通道,transport_hub,junction,4,2,1400,1949,1900|1937|1948,,,,"",北平天津走廊,北京市至天津市之间交通走廊,北京市|天津市,116.800,39.600,region,72,华北平原北部连接京师与海港的交通走廊。,京津通道连接政治中心和渤海门户，近代铁路与平津战役都体现其对华北控制权的影响。,CHGIS中国历史地理信息系统|《中国历史地图集》|Encyclopaedia Britannica: Chinese Civil War,https://chgis.fas.harvard.edu/pages/intro/|https://east.library.utoronto.ca/internet-resource/chinese-civilization-time-and-space|https://www.britannica.com/event/Chinese-Civil-War,historical_atlas|secondary_reference,走廊型地点以中点坐标表示，非单一遗址。,verified,交通廊道以区域点表示。
strategic_0036,鸿门,鸿门宴故地,cultural_allusion,scroll,4,2,-206,-206,-206,,anecdote_0022,,刘邦|项羽|范增|樊哙,鸿门,陕西省西安市临潼区新丰一带,陕西省西安市临潼区,109.220,34.420,region,78,关中东部门户附近的楚汉政治危机地点。,鸿门宴虽是宴会叙事，却发生在入关后楚汉军事力量对峙背景下，体现关中控制权初定时的战略紧张。,CHGIS中国历史地理信息系统|《中国历史地图集》|《史记》,https://chgis.fas.harvard.edu/pages/intro/|https://east.library.utoronto.ca/internet-resource/chinese-civilization-time-and-space|https://ctext.org/shiji/zh,anecdote|classic_text,坐标沿用 v03 典故地点，按传统落点近似。,verified,与 anecdote_0022 对齐。
strategic_0037,隆中,古隆中|三顾茅庐故地,cultural_allusion,scroll,4,2,207,207,207,,anecdote_0037,polity_0127,刘备|诸葛亮,隆中,湖北省襄阳市襄城区隆中,湖北省襄阳市襄城区,112.040,32.010,region,76,襄阳外围山地隐居地，也是三国战略构想的文化场景。,隆中对将荆州益州和北伐路线纳入蜀汉战略想象，地点本身连接汉水襄阳交通与三国政治叙事。,CHGIS中国历史地理信息系统|《中国历史地图集》|《三国志》,https://chgis.fas.harvard.edu/pages/intro/|https://east.library.utoronto.ca/internet-resource/chinese-civilization-time-and-space|https://ctext.org/sanguozhi/zh,anecdote|classic_text,坐标沿用 v03 典故地点，按隆中传统区域定位。,verified,与 anecdote_0037 对齐。
strategic_0038,大梁,汴梁|开封,fortress_city,shield,4,2,-361,1912,-354|960|1127,,anecdote_0009,polity_0165,孙膑|庞涓,大梁,河南省开封市,河南省开封市,114.3076,34.7972,city,84,黄河南岸平原都城与运河交通节点。,大梁既是战国魏都，也是北宋东京开封前身，因平原水网和黄河运河交通而兼具都城、交通与军事防御意义。,CHGIS中国历史地理信息系统|《中国历史地图集》|《史记》,https://chgis.fas.harvard.edu/pages/intro/|https://east.library.utoronto.ca/internet-resource/chinese-civilization-time-and-space|https://ctext.org/shiji/zh,anecdote|historical_atlas,坐标沿用 v03 典故地点及开封城市点。,verified,与 anecdote_0009 对齐。
strategic_0039,临淄,齐都临淄,fortress_city,shield,4,2,-1046,-221,-685|-284,,,polity_0167,齐桓公|田单,临淄,山东省淄博市临淄区,山东省淄博市临淄区,118.300,36.817,city,84,齐国长期都城和山东半岛西部交通节点。,临淄城规模与交通位置使齐国长期拥有东方强国基础，战国齐燕攻防和齐文化传播均与此相关。,CHGIS中国历史地理信息系统|《中国历史地图集》|《史记》,https://chgis.fas.harvard.edu/pages/intro/|https://east.library.utoronto.ca/internet-resource/chinese-civilization-time-and-space|https://ctext.org/shiji/zh,historical_atlas|classic_text,坐标取临淄城区与齐故城范围近似。,verified,重要都城防御节点。
strategic_0040,长安,镐京|咸阳|大兴城|西安,transport_hub,junction,5,1,-1046,1912,-1046|-221|581|618,,,,"",长安,陕西省西安市,陕西省西安市,108.940,34.342,city,90,关中盆地核心都城与东西交通枢纽。,长安依托关中农业腹地和四塞防御，长期是王朝都城与丝绸之路起点，其战略意义贯穿周秦汉隋唐。,CHGIS中国历史地理信息系统|《中国历史地图集》|《史记》,https://chgis.fas.harvard.edu/pages/intro/|https://east.library.utoronto.ca/internet-resource/chinese-civilization-time-and-space|https://ctext.org/shiji/zh,historical_atlas|classic_text,长安历代城址不同，坐标取西安市城市中心作综合点。,verified,都城交通枢纽综合点。
strategic_0041,洛阳,洛邑|雒阳|东都,transport_hub,junction,5,1,-770,1912,-770|25|493|605,,,,"",洛阳,河南省洛阳市,河南省洛阳市,112.454,34.619,city,90,中原腹地都城与东西交通枢纽。,洛阳位于伊洛盆地与黄河交通要冲，连接关中、河北和山东诸方向，是多朝都城和军事目标。,CHGIS中国历史地理信息系统|《中国历史地图集》|《资治通鉴》,https://chgis.fas.harvard.edu/pages/intro/|https://east.library.utoronto.ca/internet-resource/chinese-civilization-time-and-space|https://ctext.org/zizhi-tongjian/zh,historical_atlas|classic_text,历代洛阳城址有差异，坐标取洛阳市中心作综合点。,verified,都城交通枢纽综合点。
strategic_0042,襄阳,襄樊|汉水襄阳,fortress_city,shield,5,1,200,1912,208|1268|1643,,,,"",襄阳,湖北省襄阳市,湖北省襄阳市,112.122,32.009,city,88,汉水中游城防和南北交通节点。,襄阳控制汉水通道和南阳盆地南口，三国、宋元和明末多次围攻显示其为南北政权争夺的战略支点。,CHGIS中国历史地理信息系统|《中国历史地图集》|《宋史》,https://chgis.fas.harvard.edu/pages/intro/|https://east.library.utoronto.ca/internet-resource/chinese-civilization-time-and-space|https://ctext.org/song-shi/zh,historical_atlas|classic_text,坐标取襄阳古城所在城市点。,verified,城防和交通枢纽综合点。
strategic_0043,合肥,逍遥津|庐州,fortress_city,shield,4,2,200,1912,215|383|1127,,,,"",合肥,安徽省合肥市,安徽省合肥市,117.227,31.821,city,82,江淮之间控制淮南与长江下游联系的城防节点。,合肥在三国魏吴攻防和南北朝至宋金江淮对峙中反复成为前线据点。,CHGIS中国历史地理信息系统|《中国历史地图集》|《三国志》,https://chgis.fas.harvard.edu/pages/intro/|https://east.library.utoronto.ca/internet-resource/chinese-civilization-time-and-space|https://ctext.org/sanguozhi/zh,historical_atlas|classic_text,坐标取合肥城市中心作综合点。,verified,江淮城防节点。
strategic_0044,江陵,郢|荆州,fortress_city,shield,5,1,-689,1912,-689|208|555|1127,,,,"",江陵,湖北省荆州市江陵县与荆州区一带,湖北省荆州市,112.190,30.350,region,82,长江中游和江汉平原的城防交通节点。,江陵作为楚都郢及后世荆州核心，控制长江中游与汉水南口，是三国和南北朝争夺要地。,CHGIS中国历史地理信息系统|《中国历史地图集》|《三国志》,https://chgis.fas.harvard.edu/pages/intro/|https://east.library.utoronto.ca/internet-resource/chinese-civilization-time-and-space|https://ctext.org/sanguozhi/zh,historical_atlas|classic_text,楚郢及江陵城址有层次差异，坐标取江陵荆州区域综合点。,verified,长江中游核心城防点。
strategic_0045,河西走廊,甘凉道|丝绸之路河西段,mountain_corridor,route,5,1,-121,1912,-121|609|1372,,,,"",河西走廊,甘肃省武威至敦煌之间狭长通道,甘肃省,99.500,39.800,region,76,祁连山与北山之间连接中原和西域的狭长交通廊道。,河西走廊是汉唐经营西域和明清西北治理的基础通道，沿线武威张掖酒泉敦煌共同构成战略走廊。,CHGIS中国历史地理信息系统|《中国历史地图集》|《汉书》,https://chgis.fas.harvard.edu/pages/intro/|https://east.library.utoronto.ca/internet-resource/chinese-civilization-time-and-space|https://ctext.org/han-shu/zh,historical_atlas|classic_text,走廊型地理单元以中段区域点表示，不代表单一城址。,verified,交通廊道以区域点表示。
strategic_0046,褒斜道,秦岭栈道|褒斜栈道,mountain_corridor,route,4,2,-221,1912,-206|228|755,,,,"",褒斜道,陕西省汉中市留坝县至宝鸡市眉县一线,陕西省,106.900,33.700,region,72,秦岭南北穿越通道，连接关中与汉中。,褒斜道是秦蜀汉中交通的重要山道，楚汉和三国北伐叙事中多次出现秦岭栈道地理约束。,CHGIS中国历史地理信息系统|《中国历史地图集》|《三国志》,https://chgis.fas.harvard.edu/pages/intro/|https://east.library.utoronto.ca/internet-resource/chinese-civilization-time-and-space|https://ctext.org/sanguozhi/zh,historical_atlas|classic_text,古道为线状通道，坐标取留坝宝鸡之间区域中点。,verified,山地廊道以区域点表示。
strategic_0047,阴山边塞,阴山南麓|朔方边塞,frontier_gate,flag,4,2,-221,1912,-127|630|1550,,,,"",阴山边塞,内蒙古自治区包头至呼和浩特北部山前,内蒙古自治区,110.000,41.400,region,68,农牧交错带北缘的山地边塞屏障。,阴山南麓长期是汉唐明边防和草原势力南下路线交汇处，战略价值在于山前通道与边墙体系。,CHGIS中国历史地理信息系统|《中国历史地图集》|《汉书》,https://chgis.fas.harvard.edu/pages/intro/|https://east.library.utoronto.ca/internet-resource/chinese-civilization-time-and-space|https://ctext.org/han-shu/zh,historical_atlas|classic_text,区域跨度较大，坐标为阴山南麓中部近似点。,verified,边防区域以概略点表示。
strategic_0048,大沽口,天津大沽炮台|海河口,maritime_port,anchor,5,1,1840,1945,1858|1860|1900,,,,"",大沽口,天津市滨海新区海河入海口,天津市滨海新区,117.739,38.990,exact,84,天津门户和海河入海口炮台群。,大沽口在第二次鸦片战争和八国联军侵华中成为列强由海入京津的关键突破口，体现近代海防压力。,CHGIS中国历史地理信息系统|《中国历史地图集》|Office of the Historian: The Opening to China,https://chgis.fas.harvard.edu/pages/intro/|https://east.library.utoronto.ca/internet-resource/chinese-civilization-time-and-space|https://history.state.gov/milestones/1830-1860/china-1,historical_atlas|official_archive,坐标取大沽口炮台遗址与海河口区域。,verified,近代海防节点。
strategic_0049,虎门,虎门炮台|珠江口虎门,maritime_port,anchor,5,1,1839,1945,1839|1841,,,,"",虎门,广东省东莞市虎门镇珠江口,广东省东莞市,113.674,22.817,exact,86,珠江口内伶仃洋北端海防咽喉。,虎门炮台和销烟地点使其成为鸦片战争前后海防与通商冲突的核心地理节点。,CHGIS中国历史地理信息系统|《中国历史地图集》|Office of the Historian: The Opening to China,https://chgis.fas.harvard.edu/pages/intro/|https://east.library.utoronto.ca/internet-resource/chinese-civilization-time-and-space|https://history.state.gov/milestones/1830-1860/china-1,historical_atlas|official_archive,坐标取虎门炮台与珠江口要塞区域。,verified,近代海防节点。
strategic_0050,吴淞口,吴淞炮台|上海吴淞,maritime_port,anchor,5,1,1842,1949,1842|1932|1937,,,,"",吴淞口,上海市宝山区吴淞口,上海市宝山区,121.500,31.390,exact,84,长江入海口和上海门户。,吴淞口控制长江口与上海海防，鸦片战争、淞沪抗战和近代上海城市安全均受其影响。,CHGIS中国历史地理信息系统|《中国历史地图集》|Encyclopaedia Britannica: Shanghai,https://chgis.fas.harvard.edu/pages/intro/|https://east.library.utoronto.ca/internet-resource/chinese-civilization-time-and-space|https://www.britannica.com/place/Shanghai,historical_atlas|secondary_reference,坐标取吴淞口炮台及入海口区域。,verified,近代海防节点。
strategic_0051,旅顺口,旅顺港|亚瑟港,maritime_port,anchor,5,1,1894,1945,1894|1904|1945,,,,"",旅顺口,辽宁省大连市旅顺口区,辽宁省大连市旅顺口区,121.262,38.812,city,86,辽东半岛南端军港和渤海门户。,旅顺口在甲午战争、日俄战争和二战后东北接收中具有突出军事港口价值，是近代东北海防和租借地变化的关键点。,CHGIS中国历史地理信息系统|《中国历史地图集》|Encyclopaedia Britannica: Port Arthur,https://chgis.fas.harvard.edu/pages/intro/|https://east.library.utoronto.ca/internet-resource/chinese-civilization-time-and-space|https://www.britannica.com/place/Port-Arthur-China,historical_atlas|secondary_reference,坐标取旅顺口城区港湾区域。,verified,近代军港与租借地相关点。
strategic_0052,威海卫,威海卫港|刘公岛,maritime_port,anchor,5,1,1894,1945,1895|1898|1930,,,,"",威海卫,山东省威海市刘公岛与威海湾,山东省威海市,122.120,37.512,city,84,山东半岛北岸军港和北洋海军基地。,威海卫在甲午战争北洋海军失败、英国租借和近代海防体系中具有关键地位。,CHGIS中国历史地理信息系统|《中国历史地图集》|Encyclopaedia Britannica: Weihai,https://chgis.fas.harvard.edu/pages/intro/|https://east.library.utoronto.ca/internet-resource/chinese-civilization-time-and-space|https://www.britannica.com/place/Weihai,historical_atlas|secondary_reference,坐标取威海湾刘公岛区域。,verified,近代军港与租借地相关点。
strategic_0053,胶州湾,青岛|胶澳,maritime_port,anchor,5,1,1897,1945,1897|1914|1922|1938,,,,"",胶州湾,山东省青岛市胶州湾,山东省青岛市,120.309,36.067,city,84,山东半岛南岸深水港湾和近代租借地中心。,胶州湾因德国租借、日本占领和1922年收回而成为近代领土与港口控制变化的代表地点。,CHGIS中国历史地理信息系统|《中国历史地图集》|Encyclopaedia Britannica: Qingdao,https://chgis.fas.harvard.edu/pages/intro/|https://east.library.utoronto.ca/internet-resource/chinese-civilization-time-and-space|https://www.britannica.com/place/Qingdao,historical_atlas|secondary_reference,坐标取青岛市区胶州湾东岸作为综合点。,verified,近代港口与租借地相关点。
strategic_0054,广州湾,湛江|Kwangchow Wan,maritime_port,anchor,4,2,1898,1945,1898|1943|1945,,,,"",广州湾,广东省湛江市霞山区一带,广东省湛江市,110.359,21.270,city,82,雷州半岛东北部港湾和法国租借地。,广州湾租借与1945年归还体现近代中国南海沿岸港湾控制和领土收回过程。,CHGIS中国历史地理信息系统|《中国历史地图集》|Encyclopaedia Britannica: Zhanjiang,https://chgis.fas.harvard.edu/pages/intro/|https://east.library.utoronto.ca/internet-resource/chinese-civilization-time-and-space|https://www.britannica.com/place/Zhanjiang,historical_atlas|secondary_reference,坐标取湛江城区和广州湾港湾区域。,verified,近代港口与租借地相关点。
strategic_0055,香港维多利亚港,维多利亚港|香港港,maritime_port,anchor,5,1,1842,1945,1842|1860|1898|1941|1945,,,,"",维多利亚港,香港特别行政区维多利亚港,香港特别行政区,114.170,22.300,exact,86,珠江口东侧深水港和近代殖民港口核心。,维多利亚港是香港成为国际港口的地理基础，亦关联割让、租借和日占时期控制变化。,CHGIS中国历史地理信息系统|《中国历史地图集》|Encyclopaedia Britannica: Hong Kong,https://chgis.fas.harvard.edu/pages/intro/|https://east.library.utoronto.ca/internet-resource/chinese-civilization-time-and-space|https://www.britannica.com/place/Hong-Kong,historical_atlas|secondary_reference,坐标取维多利亚港中部水域，作为港口综合点。,verified,近代港口与殖民管治相关点。
strategic_0056,澳门内港,澳门港|澳門,maritime_port,anchor,4,2,1557,1945,1557|1849,,,,"",澳门内港,澳门特别行政区内港一带,澳门特别行政区,113.543,22.199,city,82,珠江口西岸早期中西海上贸易据点。,澳门内港体现明清以来葡萄牙人在华贸易、居留和近代特殊管治地位，是海上交通与主权关系叙事的重要地点。,CHGIS中国历史地理信息系统|《中国历史地图集》|Encyclopaedia Britannica: Macau,https://chgis.fas.harvard.edu/pages/intro/|https://east.library.utoronto.ca/internet-resource/chinese-civilization-time-and-space|https://www.britannica.com/place/Macau,historical_atlas|secondary_reference,坐标取澳门半岛内港区域。,verified,近代港口与特殊管治相关点。
strategic_0057,基隆港,鸡笼港|Keelung,maritime_port,anchor,4,2,1626,1945,1626|1884|1895|1945,,,,"",基隆港,台湾省基隆市,台湾省基隆市,121.739,25.133,city,82,台湾北部港口和海防前沿。,基隆港在西班牙荷兰活动、清法战争、乙未割台和战后接收中均有海防与港口控制意义。,CHGIS中国历史地理信息系统|《中国历史地图集》|Encyclopaedia Britannica: Taiwan,https://chgis.fas.harvard.edu/pages/intro/|https://east.library.utoronto.ca/internet-resource/chinese-civilization-time-and-space|https://www.britannica.com/place/Taiwan,historical_atlas|secondary_reference,坐标取基隆港城市点。,verified,台湾海防港口节点。
strategic_0058,迪化,乌鲁木齐|新疆省会,frontier_gate,flag,4,2,1760,1949,1884|1944|1949,,,polity_0211,,迪化,新疆维吾尔自治区乌鲁木齐市,新疆维吾尔自治区乌鲁木齐市,87.6168,43.8256,city,80,天山北麓省会和新疆军政交通中心。,迪化作为清末新疆建省后政治中心，1940年代新疆地方军政与和平解放叙事中是关键节点。,CHGIS中国历史地理信息系统|《中国历史地图集》|Encyclopaedia Britannica: Xinjiang,https://chgis.fas.harvard.edu/pages/intro/|https://east.library.utoronto.ca/internet-resource/chinese-civilization-time-and-space|https://www.britannica.com/place/Xinjiang,historical_atlas|secondary_reference,坐标沿用 v03 新疆相关事件城市点。,verified,边疆军政中心节点。
strategic_0059,伊宁,伊犁|三区革命中心,frontier_gate,flag,4,2,1760,1949,1944|1949,,,polity_0212,,伊宁,新疆维吾尔自治区伊宁市,新疆维吾尔自治区伊犁哈萨克自治州伊宁市,81.2777,43.9080,city,80,伊犁河谷中心城市和新疆三区革命政治中心。,伊宁在清代伊犁将军辖区和1940年代三区革命中都具有边疆政治与交通节点意义。,CHGIS中国历史地理信息系统|《中国历史地图集》|Encyclopaedia Britannica: Xinjiang,https://chgis.fas.harvard.edu/pages/intro/|https://east.library.utoronto.ca/internet-resource/chinese-civilization-time-and-space|https://www.britannica.com/place/Xinjiang,historical_atlas|secondary_reference,坐标沿用 v03 三区革命相关事件城市点。,verified,边疆军政中心节点。
strategic_0060,西柏坡,中共中央西柏坡|平山西柏坡,fortress_city,shield,4,2,1948,1949,1948|1949,,,"polity_0191",,西柏坡,河北省石家庄市平山县西柏坡镇,河北省石家庄市平山县,114.133,38.351,region,80,国共内战后期中共中央指挥中心。,西柏坡连接太行华北解放区和华北平原战场，是三大战役和1949年政权转换前夜的重要指挥地点。,CHGIS中国历史地理信息系统|《中国历史地图集》|Encyclopaedia Britannica: Chinese Civil War,https://chgis.fas.harvard.edu/pages/intro/|https://east.library.utoronto.ca/internet-resource/chinese-civilization-time-and-space|https://www.britannica.com/event/Chinese-Civil-War,historical_event|secondary_reference,坐标沿用 v03 中国共产党解放区终止事件地点。,verified,近现代政治军事中心节点。
